source,target,edge_type,symbol,evidence
scripts/benchmarks/agent_strategy/agent_strategy_benchmark.py,external:__future__,FROM_IMPORT,__future__.annotations,scripts/benchmarks/agent_strategy/agent_strategy_benchmark.py:8
scripts/benchmarks/agent_strategy/agent_strategy_benchmark.py,external:argparse,IMPORT,argparse,scripts/benchmarks/agent_strategy/agent_strategy_benchmark.py:10
scripts/benchmarks/agent_strategy/agent_strategy_benchmark.py,external:hashlib,IMPORT,hashlib,scripts/benchmarks/agent_strategy/agent_strategy_benchmark.py:11
scripts/benchmarks/agent_strategy/agent_strategy_benchmark.py,external:json,IMPORT,json,scripts/benchmarks/agent_strategy/agent_strategy_benchmark.py:12
scripts/benchmarks/agent_strategy/agent_strategy_benchmark.py,external:os,IMPORT,os,scripts/benchmarks/agent_strategy/agent_strategy_benchmark.py:13
scripts/benchmarks/agent_strategy/agent_strategy_benchmark.py,external:platform,IMPORT,platform,scripts/benchmarks/agent_strategy/agent_strategy_benchmark.py:14
scripts/benchmarks/agent_strategy/agent_strategy_benchmark.py,external:re,IMPORT,re,scripts/benchmarks/agent_strategy/agent_strategy_benchmark.py:15
scripts/benchmarks/agent_strategy/agent_strategy_benchmark.py,external:subprocess,IMPORT,subprocess,scripts/benchmarks/agent_strategy/agent_strategy_benchmark.py:16
scripts/benchmarks/agent_strategy/agent_strategy_benchmark.py,external:sys,IMPORT,sys,scripts/benchmarks/agent_strategy/agent_strategy_benchmark.py:17
scripts/benchmarks/agent_strategy/agent_strategy_benchmark.py,external:time,IMPORT,time,scripts/benchmarks/agent_strategy/agent_strategy_benchmark.py:18
scripts/benchmarks/agent_strategy/agent_strategy_benchmark.py,external:collections,FROM_IMPORT,collections.Counter,scripts/benchmarks/agent_strategy/agent_strategy_benchmark.py:19
scripts/benchmarks/agent_strategy/agent_strategy_benchmark.py,external:datetime,FROM_IMPORT,datetime.UTC,scripts/benchmarks/agent_strategy/agent_strategy_benchmark.py:20
scripts/benchmarks/agent_strategy/agent_strategy_benchmark.py,external:datetime,FROM_IMPORT,datetime.datetime,scripts/benchmarks/agent_strategy/agent_strategy_benchmark.py:20
scripts/benchmarks/agent_strategy/agent_strategy_benchmark.py,external:pathlib,FROM_IMPORT,pathlib.Path,scripts/benchmarks/agent_strategy/agent_strategy_benchmark.py:21
scripts/benchmarks/agent_strategy/agent_strategy_benchmark.py,external:typing,FROM_IMPORT,typing.Any,scripts/benchmarks/agent_strategy/agent_strategy_benchmark.py:22
scripts/benchmarks/agent_strategy/agent_strategy_benchmark.py,external:uuid,FROM_IMPORT,uuid.UUID,scripts/benchmarks/agent_strategy/agent_strategy_benchmark.py:23
scripts/benchmarks/agent_strategy/agent_strategy_benchmark.py,external:uuid,FROM_IMPORT,uuid.uuid4,scripts/benchmarks/agent_strategy/agent_strategy_benchmark.py:23
scripts/benchmarks/agent_strategy/agent_strategy_benchmark.py,external:httpx,IMPORT,httpx,scripts/benchmarks/agent_strategy/agent_strategy_benchmark.py:25
scripts/benchmarks/agent_strategy/agent_strategy_benchmark.py,external:psycopg,IMPORT,psycopg,scripts/benchmarks/agent_strategy/agent_strategy_benchmark.py:26
scripts/benchmarks/agent_strategy/agent_strategy_benchmark.py,external:yaml,IMPORT,yaml,scripts/benchmarks/agent_strategy/agent_strategy_benchmark.py:27
scripts/benchmarks/agent_strategy/agent_strategy_benchmark.py,src/web_domain/sessions.py,FROM_IMPORT,web_domain.sessions.ConversationSessionService,scripts/benchmarks/agent_strategy/agent_strategy_benchmark.py:211
scripts/benchmarks/agent_strategy/agent_strategy_experiment.py,external:__future__,FROM_IMPORT,__future__.annotations,scripts/benchmarks/agent_strategy/agent_strategy_experiment.py:3
scripts/benchmarks/agent_strategy/agent_strategy_experiment.py,external:argparse,IMPORT,argparse,scripts/benchmarks/agent_strategy/agent_strategy_experiment.py:5
scripts/benchmarks/agent_strategy/agent_strategy_experiment.py,external:asyncio,IMPORT,asyncio,scripts/benchmarks/agent_strategy/agent_strategy_experiment.py:6
scripts/benchmarks/agent_strategy/agent_strategy_experiment.py,external:json,IMPORT,json,scripts/benchmarks/agent_strategy/agent_strategy_experiment.py:7
scripts/benchmarks/agent_strategy/agent_strategy_experiment.py,external:os,IMPORT,os,scripts/benchmarks/agent_strategy/agent_strategy_experiment.py:8
scripts/benchmarks/agent_strategy/agent_strategy_experiment.py,external:platform,IMPORT,platform,scripts/benchmarks/agent_strategy/agent_strategy_experiment.py:9
scripts/benchmarks/agent_strategy/agent_strategy_experiment.py,external:secrets,IMPORT,secrets,scripts/benchmarks/agent_strategy/agent_strategy_experiment.py:10
scripts/benchmarks/agent_strategy/agent_strategy_experiment.py,external:signal,IMPORT,signal,scripts/benchmarks/agent_strategy/agent_strategy_experiment.py:11
scripts/benchmarks/agent_strategy/agent_strategy_experiment.py,external:stat,IMPORT,stat,scripts/benchmarks/agent_strategy/agent_strategy_experiment.py:12
scripts/benchmarks/agent_strategy/agent_strategy_experiment.py,external:subprocess,IMPORT,subprocess,scripts/benchmarks/agent_strategy/agent_strategy_experiment.py:13
scripts/benchmarks/agent_strategy/agent_strategy_experiment.py,external:sys,IMPORT,sys,scripts/benchmarks/agent_strategy/agent_strategy_experiment.py:14
scripts/benchmarks/agent_strategy/agent_strategy_experiment.py,external:time,IMPORT,time,scripts/benchmarks/agent_strategy/agent_strategy_experiment.py:15
scripts/benchmarks/agent_strategy/agent_strategy_experiment.py,external:datetime,FROM_IMPORT,datetime.UTC,scripts/benchmarks/agent_strategy/agent_strategy_experiment.py:16
scripts/benchmarks/agent_strategy/agent_strategy_experiment.py,external:datetime,FROM_IMPORT,datetime.datetime,scripts/benchmarks/agent_strategy/agent_strategy_experiment.py:16
scripts/benchmarks/agent_strategy/agent_strategy_experiment.py,external:pathlib,FROM_IMPORT,pathlib.Path,scripts/benchmarks/agent_strategy/agent_strategy_experiment.py:17
scripts/benchmarks/agent_strategy/agent_strategy_experiment.py,external:typing,FROM_IMPORT,typing.Any,scripts/benchmarks/agent_strategy/agent_strategy_experiment.py:18
scripts/benchmarks/agent_strategy/agent_strategy_experiment.py,external:httpx,IMPORT,httpx,scripts/benchmarks/agent_strategy/agent_strategy_experiment.py:20
scripts/benchmarks/agent_strategy/agent_strategy_experiment.py,external:psycopg,IMPORT,psycopg,scripts/benchmarks/agent_strategy/agent_strategy_experiment.py:21
scripts/benchmarks/agent_strategy/agent_strategy_experiment.py,external:yaml,IMPORT,yaml,scripts/benchmarks/agent_strategy/agent_strategy_experiment.py:22
scripts/benchmarks/agent_strategy/agent_strategy_experiment.py,src/sandbox/git_repo.py,FROM_IMPORT,sandbox.git_repo.GitRepoManager,scripts/benchmarks/agent_strategy/agent_strategy_experiment.py:274
scripts/benchmarks/agent_strategy/summarize_agent_strategy_benchmark.py,external:__future__,FROM_IMPORT,__future__.annotations,scripts/benchmarks/agent_strategy/summarize_agent_strategy_benchmark.py:3
scripts/benchmarks/agent_strategy/summarize_agent_strategy_benchmark.py,external:argparse,IMPORT,argparse,scripts/benchmarks/agent_strategy/summarize_agent_strategy_benchmark.py:5
scripts/benchmarks/agent_strategy/summarize_agent_strategy_benchmark.py,external:csv,IMPORT,csv,scripts/benchmarks/agent_strategy/summarize_agent_strategy_benchmark.py:6
scripts/benchmarks/agent_strategy/summarize_agent_strategy_benchmark.py,external:json,IMPORT,json,scripts/benchmarks/agent_strategy/summarize_agent_strategy_benchmark.py:7
scripts/benchmarks/agent_strategy/summarize_agent_strategy_benchmark.py,external:math,IMPORT,math,scripts/benchmarks/agent_strategy/summarize_agent_strategy_benchmark.py:8
scripts/benchmarks/agent_strategy/summarize_agent_strategy_benchmark.py,external:statistics,IMPORT,statistics,scripts/benchmarks/agent_strategy/summarize_agent_strategy_benchmark.py:9
scripts/benchmarks/agent_strategy/summarize_agent_strategy_benchmark.py,external:collections,FROM_IMPORT,collections.Counter,scripts/benchmarks/agent_strategy/summarize_agent_strategy_benchmark.py:10
scripts/benchmarks/agent_strategy/summarize_agent_strategy_benchmark.py,external:collections,FROM_IMPORT,collections.defaultdict,scripts/benchmarks/agent_strategy/summarize_agent_strategy_benchmark.py:10
scripts/benchmarks/agent_strategy/summarize_agent_strategy_benchmark.py,external:pathlib,FROM_IMPORT,pathlib.Path,scripts/benchmarks/agent_strategy/summarize_agent_strategy_benchmark.py:11
scripts/benchmarks/agent_strategy/summarize_agent_strategy_benchmark.py,external:typing,FROM_IMPORT,typing.Any,scripts/benchmarks/agent_strategy/summarize_agent_strategy_benchmark.py:12
scripts/benchmarks/outbox/outbox_benchmark_worker.py,external:__future__,FROM_IMPORT,__future__.annotations,scripts/benchmarks/outbox/outbox_benchmark_worker.py:2
scripts/benchmarks/outbox/outbox_benchmark_worker.py,external:argparse,IMPORT,argparse,scripts/benchmarks/outbox/outbox_benchmark_worker.py:4
scripts/benchmarks/outbox/outbox_benchmark_worker.py,external:asyncio,IMPORT,asyncio,scripts/benchmarks/outbox/outbox_benchmark_worker.py:5
scripts/benchmarks/outbox/outbox_benchmark_worker.py,external:contextlib,FROM_IMPORT,contextlib.AsyncExitStack,scripts/benchmarks/outbox/outbox_benchmark_worker.py:6
scripts/benchmarks/outbox/outbox_benchmark_worker.py,external:dataclasses,FROM_IMPORT,dataclasses.asdict,scripts/benchmarks/outbox/outbox_benchmark_worker.py:7
scripts/benchmarks/outbox/outbox_benchmark_worker.py,external:pathlib,FROM_IMPORT,pathlib.Path,scripts/benchmarks/outbox/outbox_benchmark_worker.py:8
scripts/benchmarks/outbox/outbox_benchmark_worker.py,external:uuid,FROM_IMPORT,uuid.UUID,scripts/benchmarks/outbox/outbox_benchmark_worker.py:9
scripts/benchmarks/outbox/outbox_benchmark_worker.py,external:temporalio,FROM_IMPORT,temporalio.activity,scripts/benchmarks/outbox/outbox_benchmark_worker.py:11
scripts/benchmarks/outbox/outbox_benchmark_worker.py,external:temporalio.client,FROM_IMPORT,temporalio.client.Client,scripts/benchmarks/outbox/outbox_benchmark_worker.py:12
scripts/benchmarks/outbox/outbox_benchmark_worker.py,external:temporalio.worker,FROM_IMPORT,temporalio.worker.Worker,scripts/benchmarks/outbox/outbox_benchmark_worker.py:13
scripts/benchmarks/outbox/outbox_benchmark_worker.py,src/orchestration/web_dispatcher.py,FROM_IMPORT,orchestration.web_dispatcher.TemporalClientAdapter,scripts/benchmarks/outbox/outbox_benchmark_worker.py:15
scripts/benchmarks/outbox/outbox_benchmark_worker.py,src/orchestration/web_dispatcher.py,FROM_IMPORT,orchestration.web_dispatcher.TemporalOutboxDispatcher,scripts/benchmarks/outbox/outbox_benchmark_worker.py:15
scripts/benchmarks/outbox/outbox_benchmark_worker.py,src/orchestration/web_dispatcher.py,FROM_IMPORT,orchestration.web_dispatcher.WebOutboxDispatcher,scripts/benchmarks/outbox/outbox_benchmark_worker.py:15
scripts/benchmarks/outbox/outbox_benchmark_worker.py,src/orchestration/web_workflow.py,FROM_IMPORT,orchestration.web_workflow.WEB_AGENT_TASK_QUEUE,scripts/benchmarks/outbox/outbox_benchmark_worker.py:20
scripts/benchmarks/outbox/outbox_benchmark_worker.py,src/orchestration/web_workflow.py,FROM_IMPORT,orchestration.web_workflow.WEB_LIFECYCLE_TASK_QUEUE,scripts/benchmarks/outbox/outbox_benchmark_worker.py:20
scripts/benchmarks/outbox/outbox_benchmark_worker.py,src/orchestration/web_workflow.py,FROM_IMPORT,orchestration.web_workflow.FailureInput,scripts/benchmarks/outbox/outbox_benchmark_worker.py:20
scripts/benchmarks/outbox/outbox_benchmark_worker.py,src/orchestration/web_workflow.py,FROM_IMPORT,orchestration.web_workflow.WebRunWorkflow,scripts/benchmarks/outbox/outbox_benchmark_worker.py:20
scripts/benchmarks/outbox/outbox_benchmark_worker.py,src/orchestration/web_workflow.py,FROM_IMPORT,orchestration.web_workflow.WebRunWorkflowInput,scripts/benchmarks/outbox/outbox_benchmark_worker.py:20
scripts/benchmarks/outbox/outbox_benchmark_worker.py,src/web_domain/lifecycle.py,FROM_IMPORT,web_domain.lifecycle.WebRunLifecycleService,scripts/benchmarks/outbox/outbox_benchmark_worker.py:27
scripts/benchmarks/outbox/outbox_benchmark_worker.py,src/web_domain/outbox.py,FROM_IMPORT,web_domain.outbox.OutboxService,scripts/benchmarks/outbox/outbox_benchmark_worker.py:28
scripts/benchmarks/outbox/outbox_benchmark_worker.py,src/web_domain/workflow_execution.py,FROM_IMPORT,web_domain.workflow_execution.PostgresWorkflowExecutionStore,scripts/benchmarks/outbox/outbox_benchmark_worker.py:29
scripts/benchmarks/outbox/outbox_recovery_benchmark.py,external:__future__,FROM_IMPORT,__future__.annotations,scripts/benchmarks/outbox/outbox_recovery_benchmark.py:3
scripts/benchmarks/outbox/outbox_recovery_benchmark.py,external:argparse,IMPORT,argparse,scripts/benchmarks/outbox/outbox_recovery_benchmark.py:5
scripts/benchmarks/outbox/outbox_recovery_benchmark.py,external:asyncio,IMPORT,asyncio,scripts/benchmarks/outbox/outbox_recovery_benchmark.py:6
scripts/benchmarks/outbox/outbox_recovery_benchmark.py,external:csv,IMPORT,csv,scripts/benchmarks/outbox/outbox_recovery_benchmark.py:7
scripts/benchmarks/outbox/outbox_recovery_benchmark.py,external:json,IMPORT,json,scripts/benchmarks/outbox/outbox_recovery_benchmark.py:8
scripts/benchmarks/outbox/outbox_recovery_benchmark.py,external:os,IMPORT,os,scripts/benchmarks/outbox/outbox_recovery_benchmark.py:9
scripts/benchmarks/outbox/outbox_recovery_benchmark.py,external:platform,IMPORT,platform,scripts/benchmarks/outbox/outbox_recovery_benchmark.py:10
scripts/benchmarks/outbox/outbox_recovery_benchmark.py,external:shutil,IMPORT,shutil,scripts/benchmarks/outbox/outbox_recovery_benchmark.py:11
scripts/benchmarks/outbox/outbox_recovery_benchmark.py,external:subprocess,IMPORT,subprocess,scripts/benchmarks/outbox/outbox_recovery_benchmark.py:12
scripts/benchmarks/outbox/outbox_recovery_benchmark.py,external:sys,IMPORT,sys,scripts/benchmarks/outbox/outbox_recovery_benchmark.py:13
scripts/benchmarks/outbox/outbox_recovery_benchmark.py,external:time,IMPORT,time,scripts/benchmarks/outbox/outbox_recovery_benchmark.py:14
scripts/benchmarks/outbox/outbox_recovery_benchmark.py,external:datetime,FROM_IMPORT,datetime.UTC,scripts/benchmarks/outbox/outbox_recovery_benchmark.py:15
scripts/benchmarks/outbox/outbox_recovery_benchmark.py,external:datetime,FROM_IMPORT,datetime.datetime,scripts/benchmarks/outbox/outbox_recovery_benchmark.py:15
scripts/benchmarks/outbox/outbox_recovery_benchmark.py,external:importlib.metadata,FROM_IMPORT,importlib.metadata.PackageNotFoundError,scripts/benchmarks/outbox/outbox_recovery_benchmark.py:16
scripts/benchmarks/outbox/outbox_recovery_benchmark.py,external:importlib.metadata,FROM_IMPORT,importlib.metadata.version,scripts/benchmarks/outbox/outbox_recovery_benchmark.py:16
scripts/benchmarks/outbox/outbox_recovery_benchmark.py,external:pathlib,FROM_IMPORT,pathlib.Path,scripts/benchmarks/outbox/outbox_recovery_benchmark.py:17
scripts/benchmarks/outbox/outbox_recovery_benchmark.py,external:typing,FROM_IMPORT,typing.Any,scripts/benchmarks/outbox/outbox_recovery_benchmark.py:18
scripts/benchmarks/outbox/outbox_recovery_benchmark.py,external:urllib.parse,FROM_IMPORT,urllib.parse.urlsplit,scripts/benchmarks/outbox/outbox_recovery_benchmark.py:19
scripts/benchmarks/outbox/outbox_recovery_benchmark.py,external:urllib.parse,FROM_IMPORT,urllib.parse.urlunsplit,scripts/benchmarks/outbox/outbox_recovery_benchmark.py:19
scripts/benchmarks/outbox/outbox_recovery_benchmark.py,external:uuid,FROM_IMPORT,uuid.UUID,scripts/benchmarks/outbox/outbox_recovery_benchmark.py:20
scripts/benchmarks/outbox/outbox_recovery_benchmark.py,external:uuid,FROM_IMPORT,uuid.uuid4,scripts/benchmarks/outbox/outbox_recovery_benchmark.py:20
scripts/benchmarks/outbox/outbox_recovery_benchmark.py,external:psycopg,IMPORT,psycopg,scripts/benchmarks/outbox/outbox_recovery_benchmark.py:22
scripts/benchmarks/outbox/outbox_recovery_benchmark.py,external:fastapi.testclient,FROM_IMPORT,fastapi.testclient.TestClient,scripts/benchmarks/outbox/outbox_recovery_benchmark.py:23
scripts/benchmarks/outbox/outbox_recovery_benchmark.py,external:psycopg,FROM_IMPORT,psycopg.sql,scripts/benchmarks/outbox/outbox_recovery_benchmark.py:24
scripts/benchmarks/outbox/outbox_recovery_benchmark.py,external:psycopg.rows,FROM_IMPORT,psycopg.rows.dict_row,scripts/benchmarks/outbox/outbox_recovery_benchmark.py:25
scripts/benchmarks/outbox/outbox_recovery_benchmark.py,external:temporalio.client,FROM_IMPORT,temporalio.client.Client,scripts/benchmarks/outbox/outbox_recovery_benchmark.py:26
scripts/benchmarks/outbox/outbox_recovery_benchmark.py,src/persistence/migrate.py,FROM_IMPORT,persistence.migrate.migrate,scripts/benchmarks/outbox/outbox_recovery_benchmark.py:28
scripts/benchmarks/outbox/outbox_recovery_benchmark.py,src/web_api/app.py,FROM_IMPORT,web_api.app.create_app,scripts/benchmarks/outbox/outbox_recovery_benchmark.py:29
scripts/benchmarks/outbox/outbox_recovery_benchmark.py,src/web_api/config.py,FROM_IMPORT,web_api.config.WebApiSettings,scripts/benchmarks/outbox/outbox_recovery_benchmark.py:30
scripts/benchmarks/temporal/activity_worker_recovery_benchmark.py,external:__future__,FROM_IMPORT,__future__.annotations,scripts/benchmarks/temporal/activity_worker_recovery_benchmark.py:3
scripts/benchmarks/temporal/activity_worker_recovery_benchmark.py,external:argparse,IMPORT,argparse,scripts/benchmarks/temporal/activity_worker_recovery_benchmark.py:5
scripts/benchmarks/temporal/activity_worker_recovery_benchmark.py,external:asyncio,IMPORT,asyncio,scripts/benchmarks/temporal/activity_worker_recovery_benchmark.py:6
scripts/benchmarks/temporal/activity_worker_recovery_benchmark.py,external:csv,IMPORT,csv,scripts/benchmarks/temporal/activity_worker_recovery_benchmark.py:7
scripts/benchmarks/temporal/activity_worker_recovery_benchmark.py,external:json,IMPORT,json,scripts/benchmarks/temporal/activity_worker_recovery_benchmark.py:8
scripts/benchmarks/temporal/activity_worker_recovery_benchmark.py,external:os,IMPORT,os,scripts/benchmarks/temporal/activity_worker_recovery_benchmark.py:9
scripts/benchmarks/temporal/activity_worker_recovery_benchmark.py,external:platform,IMPORT,platform,scripts/benchmarks/temporal/activity_worker_recovery_benchmark.py:10
scripts/benchmarks/temporal/activity_worker_recovery_benchmark.py,external:shutil,IMPORT,shutil,scripts/benchmarks/temporal/activity_worker_recovery_benchmark.py:11
scripts/benchmarks/temporal/activity_worker_recovery_benchmark.py,external:sqlite3,IMPORT,sqlite3,scripts/benchmarks/temporal/activity_worker_recovery_benchmark.py:12
scripts/benchmarks/temporal/activity_worker_recovery_benchmark.py,external:subprocess,IMPORT,subprocess,scripts/benchmarks/temporal/activity_worker_recovery_benchmark.py:13
scripts/benchmarks/temporal/activity_worker_recovery_benchmark.py,external:sys,IMPORT,sys,scripts/benchmarks/temporal/activity_worker_recovery_benchmark.py:14
scripts/benchmarks/temporal/activity_worker_recovery_benchmark.py,external:time,IMPORT,time,scripts/benchmarks/temporal/activity_worker_recovery_benchmark.py:15
scripts/benchmarks/temporal/activity_worker_recovery_benchmark.py,external:datetime,FROM_IMPORT,datetime.UTC,scripts/benchmarks/temporal/activity_worker_recovery_benchmark.py:16
scripts/benchmarks/temporal/activity_worker_recovery_benchmark.py,external:datetime,FROM_IMPORT,datetime.datetime,scripts/benchmarks/temporal/activity_worker_recovery_benchmark.py:16
scripts/benchmarks/temporal/activity_worker_recovery_benchmark.py,external:importlib.metadata,FROM_IMPORT,importlib.metadata.PackageNotFoundError,scripts/benchmarks/temporal/activity_worker_recovery_benchmark.py:17
scripts/benchmarks/temporal/activity_worker_recovery_benchmark.py,external:importlib.metadata,FROM_IMPORT,importlib.metadata.version,scripts/benchmarks/temporal/activity_worker_recovery_benchmark.py:17
scripts/benchmarks/temporal/activity_worker_recovery_benchmark.py,external:pathlib,FROM_IMPORT,pathlib.Path,scripts/benchmarks/temporal/activity_worker_recovery_benchmark.py:18
scripts/benchmarks/temporal/activity_worker_recovery_benchmark.py,external:typing,FROM_IMPORT,typing.Any,scripts/benchmarks/temporal/activity_worker_recovery_benchmark.py:19
scripts/benchmarks/temporal/activity_worker_recovery_benchmark.py,external:urllib.parse,FROM_IMPORT,urllib.parse.urlsplit,scripts/benchmarks/temporal/activity_worker_recovery_benchmark.py:20
scripts/benchmarks/temporal/activity_worker_recovery_benchmark.py,external:urllib.parse,FROM_IMPORT,urllib.parse.urlunsplit,scripts/benchmarks/temporal/activity_worker_recovery_benchmark.py:20
scripts/benchmarks/temporal/activity_worker_recovery_benchmark.py,external:uuid,FROM_IMPORT,uuid.UUID,scripts/benchmarks/temporal/activity_worker_recovery_benchmark.py:21
scripts/benchmarks/temporal/activity_worker_recovery_benchmark.py,external:uuid,FROM_IMPORT,uuid.uuid4,scripts/benchmarks/temporal/activity_worker_recovery_benchmark.py:21
scripts/benchmarks/temporal/activity_worker_recovery_benchmark.py,external:psycopg,IMPORT,psycopg,scripts/benchmarks/temporal/activity_worker_recovery_benchmark.py:23
scripts/benchmarks/temporal/activity_worker_recovery_benchmark.py,external:psycopg,FROM_IMPORT,psycopg.sql,scripts/benchmarks/temporal/activity_worker_recovery_benchmark.py:24
scripts/benchmarks/temporal/activity_worker_recovery_benchmark.py,external:temporalio.client,FROM_IMPORT,temporalio.client.Client,scripts/benchmarks/temporal/activity_worker_recovery_benchmark.py:25
scripts/benchmarks/temporal/activity_worker_recovery_benchmark.py,external:temporalio.client,FROM_IMPORT,temporalio.client.WorkflowFailureError,scripts/benchmarks/temporal/activity_worker_recovery_benchmark.py:25
scripts/benchmarks/temporal/activity_worker_recovery_benchmark.py,external:temporalio.exceptions,FROM_IMPORT,temporalio.exceptions.ActivityError,scripts/benchmarks/temporal/activity_worker_recovery_benchmark.py:26
scripts/benchmarks/temporal/activity_worker_recovery_benchmark.py,external:temporalio.exceptions,FROM_IMPORT,temporalio.exceptions.ApplicationError,scripts/benchmarks/temporal/activity_worker_recovery_benchmark.py:26
scripts/benchmarks/temporal/activity_worker_recovery_benchmark.py,src/agent_activities/store.py,FROM_IMPORT,agent_activities.store.AgentDataStore,scripts/benchmarks/temporal/activity_worker_recovery_benchmark.py:28
scripts/benchmarks/temporal/activity_worker_recovery_benchmark.py,src/agent_workflows/contracts.py,FROM_IMPORT,agent_workflows.contracts.AGENT_SCHEMA_VERSION,scripts/benchmarks/temporal/activity_worker_recovery_benchmark.py:29
scripts/benchmarks/temporal/activity_worker_recovery_benchmark.py,src/agent_workflows/contracts.py,FROM_IMPORT,agent_workflows.contracts.AGENT_TASK_QUEUE,scripts/benchmarks/temporal/activity_worker_recovery_benchmark.py:29
scripts/benchmarks/temporal/activity_worker_recovery_benchmark.py,src/agent_workflows/contracts.py,FROM_IMPORT,agent_workflows.contracts.CompactToolCall,scripts/benchmarks/temporal/activity_worker_recovery_benchmark.py:29
scripts/benchmarks/temporal/activity_worker_recovery_benchmark.py,src/agent_workflows/contracts.py,FROM_IMPORT,agent_workflows.contracts.ToolExecutionInput,scripts/benchmarks/temporal/activity_worker_recovery_benchmark.py:29
scripts/benchmarks/temporal/activity_worker_recovery_benchmark.py,src/persistence/migrate.py,FROM_IMPORT,persistence.migrate.migrate,scripts/benchmarks/temporal/activity_worker_recovery_benchmark.py:35
scripts/benchmarks/temporal/activity_worker_recovery_benchmark.py,src/web_domain/services.py,FROM_IMPORT,web_domain.services.CommandService,scripts/benchmarks/temporal/activity_worker_recovery_benchmark.py:36
scripts/benchmarks/temporal/temporal_recovery_benchmark.py,external:__future__,FROM_IMPORT,__future__.annotations,scripts/benchmarks/temporal/temporal_recovery_benchmark.py:3
scripts/benchmarks/temporal/temporal_recovery_benchmark.py,external:argparse,IMPORT,argparse,scripts/benchmarks/temporal/temporal_recovery_benchmark.py:5
scripts/benchmarks/temporal/temporal_recovery_benchmark.py,external:asyncio,IMPORT,asyncio,scripts/benchmarks/temporal/temporal_recovery_benchmark.py:6
scripts/benchmarks/temporal/temporal_recovery_benchmark.py,external:csv,IMPORT,csv,scripts/benchmarks/temporal/temporal_recovery_benchmark.py:7
scripts/benchmarks/temporal/temporal_recovery_benchmark.py,external:json,IMPORT,json,scripts/benchmarks/temporal/temporal_recovery_benchmark.py:8
scripts/benchmarks/temporal/temporal_recovery_benchmark.py,external:os,IMPORT,os,scripts/benchmarks/temporal/temporal_recovery_benchmark.py:9
scripts/benchmarks/temporal/temporal_recovery_benchmark.py,external:platform,IMPORT,platform,scripts/benchmarks/temporal/temporal_recovery_benchmark.py:10
scripts/benchmarks/temporal/temporal_recovery_benchmark.py,external:shutil,IMPORT,shutil,scripts/benchmarks/temporal/temporal_recovery_benchmark.py:11
scripts/benchmarks/temporal/temporal_recovery_benchmark.py,external:sqlite3,IMPORT,sqlite3,scripts/benchmarks/temporal/temporal_recovery_benchmark.py:12
scripts/benchmarks/temporal/temporal_recovery_benchmark.py,external:subprocess,IMPORT,subprocess,scripts/benchmarks/temporal/temporal_recovery_benchmark.py:13
scripts/benchmarks/temporal/temporal_recovery_benchmark.py,external:sys,IMPORT,sys,scripts/benchmarks/temporal/temporal_recovery_benchmark.py:14
scripts/benchmarks/temporal/temporal_recovery_benchmark.py,external:time,IMPORT,time,scripts/benchmarks/temporal/temporal_recovery_benchmark.py:15
scripts/benchmarks/temporal/temporal_recovery_benchmark.py,external:dataclasses,FROM_IMPORT,dataclasses.asdict,scripts/benchmarks/temporal/temporal_recovery_benchmark.py:16
scripts/benchmarks/temporal/temporal_recovery_benchmark.py,external:dataclasses,FROM_IMPORT,dataclasses.dataclass,scripts/benchmarks/temporal/temporal_recovery_benchmark.py:16
scripts/benchmarks/temporal/temporal_recovery_benchmark.py,external:datetime,FROM_IMPORT,datetime.UTC,scripts/benchmarks/temporal/temporal_recovery_benchmark.py:17
scripts/benchmarks/temporal/temporal_recovery_benchmark.py,external:datetime,FROM_IMPORT,datetime.datetime,scripts/benchmarks/temporal/temporal_recovery_benchmark.py:17
scripts/benchmarks/temporal/temporal_recovery_benchmark.py,external:importlib.metadata,FROM_IMPORT,importlib.metadata.PackageNotFoundError,scripts/benchmarks/temporal/temporal_recovery_benchmark.py:18
scripts/benchmarks/temporal/temporal_recovery_benchmark.py,external:importlib.metadata,FROM_IMPORT,importlib.metadata.version,scripts/benchmarks/temporal/temporal_recovery_benchmark.py:18
scripts/benchmarks/temporal/temporal_recovery_benchmark.py,external:pathlib,FROM_IMPORT,pathlib.Path,scripts/benchmarks/temporal/temporal_recovery_benchmark.py:19
scripts/benchmarks/temporal/temporal_recovery_benchmark.py,external:typing,FROM_IMPORT,typing.Any,scripts/benchmarks/temporal/temporal_recovery_benchmark.py:20
scripts/benchmarks/temporal/temporal_recovery_benchmark.py,external:uuid,FROM_IMPORT,uuid.uuid4,scripts/benchmarks/temporal/temporal_recovery_benchmark.py:21
scripts/benchmarks/temporal/temporal_recovery_benchmark.py,external:temporalio.client,FROM_IMPORT,temporalio.client.Client,scripts/benchmarks/temporal/temporal_recovery_benchmark.py:23
scripts/benchmarks/temporal/temporal_recovery_benchmark.py,src/agent_workflows/agent_run.py,FROM_IMPORT,agent_workflows.agent_run.AgentRunWorkflow,scripts/benchmarks/temporal/temporal_recovery_benchmark.py:25
scripts/benchmarks/temporal/temporal_recovery_benchmark.py,src/agent_workflows/contracts.py,FROM_IMPORT,agent_workflows.contracts.AGENT_SCHEMA_VERSION,scripts/benchmarks/temporal/temporal_recovery_benchmark.py:26
scripts/benchmarks/temporal/temporal_recovery_benchmark.py,src/agent_workflows/contracts.py,FROM_IMPORT,agent_workflows.contracts.AGENT_TASK_QUEUE,scripts/benchmarks/temporal/temporal_recovery_benchmark.py:26
scripts/benchmarks/temporal/temporal_recovery_benchmark.py,src/agent_workflows/contracts.py,FROM_IMPORT,agent_workflows.contracts.AgentRunInput,scripts/benchmarks/temporal/temporal_recovery_benchmark.py:26
scripts/bootstrap_identity.py,external:__future__,FROM_IMPORT,__future__.annotations,scripts/bootstrap_identity.py:18
scripts/bootstrap_identity.py,external:argparse,IMPORT,argparse,scripts/bootstrap_identity.py:20
scripts/bootstrap_identity.py,external:os,IMPORT,os,scripts/bootstrap_identity.py:21
scripts/bootstrap_identity.py,external:sys,IMPORT,sys,scripts/bootstrap_identity.py:22
scripts/bootstrap_identity.py,external:pathlib,FROM_IMPORT,pathlib.Path,scripts/bootstrap_identity.py:23
scripts/bootstrap_identity.py,src/account/bootstrap.py,FROM_IMPORT,account.bootstrap.bootstrap_identity,scripts/bootstrap_identity.py:28
scripts/capture_web_workflow_history.py,external:__future__,FROM_IMPORT,__future__.annotations,scripts/capture_web_workflow_history.py:17
scripts/capture_web_workflow_history.py,external:argparse,IMPORT,argparse,scripts/capture_web_workflow_history.py:19
scripts/capture_web_workflow_history.py,external:asyncio,IMPORT,asyncio,scripts/capture_web_workflow_history.py:20
scripts/capture_web_workflow_history.py,external:os,IMPORT,os,scripts/capture_web_workflow_history.py:21
scripts/capture_web_workflow_history.py,external:sys,IMPORT,sys,scripts/capture_web_workflow_history.py:22
scripts/capture_web_workflow_history.py,external:pathlib,FROM_IMPORT,pathlib.Path,scripts/capture_web_workflow_history.py:23
scripts/capture_web_workflow_history.py,external:uuid,FROM_IMPORT,uuid.uuid4,scripts/capture_web_workflow_history.py:24
scripts/capture_web_workflow_history.py,external:temporalio,FROM_IMPORT,temporalio.activity,scripts/capture_web_workflow_history.py:26
scripts/capture_web_workflow_history.py,external:temporalio.client,FROM_IMPORT,temporalio.client.Client,scripts/capture_web_workflow_history.py:27
scripts/capture_web_workflow_history.py,external:temporalio.client,FROM_IMPORT,temporalio.client.WorkflowHistory,scripts/capture_web_workflow_history.py:27
scripts/capture_web_workflow_history.py,external:temporalio.worker,FROM_IMPORT,temporalio.worker.Replayer,scripts/capture_web_workflow_history.py:28
scripts/capture_web_workflow_history.py,src/orchestration/web_dispatcher.py,FROM_IMPORT,orchestration.web_dispatcher.TemporalClientAdapter,scripts/capture_web_workflow_history.py:43
scripts/capture_web_workflow_history.py,src/orchestration/web_dispatcher.py,FROM_IMPORT,orchestration.web_dispatcher.web_workflow_id,scripts/capture_web_workflow_history.py:43
scripts/capture_web_workflow_history.py,src/orchestration/web_workers.py,FROM_IMPORT,orchestration.web_workers.build_web_temporal_workers,scripts/capture_web_workflow_history.py:44
scripts/capture_web_workflow_history.py,src/orchestration/web_workflow.py,FROM_IMPORT,orchestration.web_workflow.WebRunWorkflow,scripts/capture_web_workflow_history.py:45
scripts/capture_web_workflow_history.py,src/orchestration/web_workflow.py,FROM_IMPORT,orchestration.web_workflow.WebRunWorkflowInput,scripts/capture_web_workflow_history.py:45
scripts/check_mcp_health.py,external:__future__,FROM_IMPORT,__future__.annotations,scripts/check_mcp_health.py:9
scripts/check_mcp_health.py,external:argparse,IMPORT,argparse,scripts/check_mcp_health.py:11
scripts/check_mcp_health.py,external:asyncio,IMPORT,asyncio,scripts/check_mcp_health.py:12
scripts/check_mcp_health.py,external:json,IMPORT,json,scripts/check_mcp_health.py:13
scripts/check_mcp_health.py,external:os,IMPORT,os,scripts/check_mcp_health.py:14
scripts/check_mcp_health.py,external:re,IMPORT,re,scripts/check_mcp_health.py:15
scripts/check_mcp_health.py,external:sys,IMPORT,sys,scripts/check_mcp_health.py:16
scripts/check_mcp_health.py,external:time,IMPORT,time,scripts/check_mcp_health.py:17
scripts/check_mcp_health.py,external:dataclasses,FROM_IMPORT,dataclasses.asdict,scripts/check_mcp_health.py:18
scripts/check_mcp_health.py,external:dataclasses,FROM_IMPORT,dataclasses.dataclass,scripts/check_mcp_health.py:18
scripts/check_mcp_health.py,external:dataclasses,FROM_IMPORT,dataclasses.field,scripts/check_mcp_health.py:18
scripts/check_mcp_health.py,external:datetime,FROM_IMPORT,datetime.datetime,scripts/check_mcp_health.py:19
scripts/check_mcp_health.py,external:datetime,FROM_IMPORT,datetime.timezone,scripts/check_mcp_health.py:19
scripts/check_mcp_health.py,external:pathlib,FROM_IMPORT,pathlib.Path,scripts/check_mcp_health.py:20
scripts/check_mcp_health.py,external:typing,FROM_IMPORT,typing.Any,scripts/check_mcp_health.py:21
scripts/check_mcp_health.py,external:urllib.parse,FROM_IMPORT,urllib.parse.urlparse,scripts/check_mcp_health.py:22
scripts/check_mcp_health.py,external:yaml,IMPORT,yaml,scripts/check_mcp_health.py:24
scripts/check_mcp_health.py,src/sandbox/tools/adapters/mcp.py,FROM_IMPORT,sandbox.tools.adapters.mcp.MCPSession,scripts/check_mcp_health.py:180
scripts/check_mcp_health.py,src/sandbox/tools/adapters/mcp.py,FROM_IMPORT,sandbox.tools.adapters.mcp.MCPSessionSSE,scripts/check_mcp_health.py:180
scripts/check_mcp_health.py,src/sandbox/tools/adapters/mcp.py,FROM_IMPORT,sandbox.tools.adapters.mcp.MCPSessionStdio,scripts/check_mcp_health.py:180
scripts/merge-account.py,external:argparse,IMPORT,argparse,scripts/merge-account.py:19
scripts/merge-account.py,external:json,IMPORT,json,scripts/merge-account.py:20
scripts/merge-account.py,external:sys,IMPORT,sys,scripts/merge-account.py:21
scripts/merge-account.py,external:pathlib,FROM_IMPORT,pathlib.Path,scripts/merge-account.py:22
scripts/merge-account.py,external:time,IMPORT,time,scripts/merge-account.py:70
scripts/migrate-memory-format.py,external:argparse,IMPORT,argparse,scripts/migrate-memory-format.py:40
scripts/migrate-memory-format.py,external:asyncio,IMPORT,asyncio,scripts/migrate-memory-format.py:41
scripts/migrate-memory-format.py,external:json,IMPORT,json,scripts/migrate-memory-format.py:42
scripts/migrate-memory-format.py,external:sys,IMPORT,sys,scripts/migrate-memory-format.py:43
scripts/migrate-memory-format.py,external:datetime,FROM_IMPORT,datetime.datetime,scripts/migrate-memory-format.py:44
scripts/migrate-memory-format.py,external:datetime,FROM_IMPORT,datetime.timezone,scripts/migrate-memory-format.py:44
scripts/migrate-memory-format.py,external:pathlib,FROM_IMPORT,pathlib.Path,scripts/migrate-memory-format.py:45
scripts/migrate-memory-format.py,external:httpx,IMPORT,httpx,scripts/migrate-memory-format.py:47
scripts/migrate_web_credentials.py,external:__future__,FROM_IMPORT,__future__.annotations,scripts/migrate_web_credentials.py:3
scripts/migrate_web_credentials.py,external:argparse,IMPORT,argparse,scripts/migrate_web_credentials.py:5
scripts/migrate_web_credentials.py,external:json,IMPORT,json,scripts/migrate_web_credentials.py:6
scripts/migrate_web_credentials.py,external:os,IMPORT,os,scripts/migrate_web_credentials.py:7
scripts/migrate_web_credentials.py,external:sys,IMPORT,sys,scripts/migrate_web_credentials.py:8
scripts/migrate_web_credentials.py,external:pathlib,FROM_IMPORT,pathlib.Path,scripts/migrate_web_credentials.py:9
scripts/migrate_web_credentials.py,external:uuid,FROM_IMPORT,uuid.uuid4,scripts/migrate_web_credentials.py:10
scripts/migrate_web_credentials.py,external:psycopg,IMPORT,psycopg,scripts/migrate_web_credentials.py:12
scripts/migrate_web_credentials.py,external:psycopg.rows,FROM_IMPORT,psycopg.rows.dict_row,scripts/migrate_web_credentials.py:13
scripts/migrate_web_credentials.py,src/account/identity.py,FROM_IMPORT,account.identity.normalize_web_subject,scripts/migrate_web_credentials.py:18
scripts/observability-viewer.py,external:__future__,FROM_IMPORT,__future__.annotations,scripts/observability-viewer.py:8
scripts/observability-viewer.py,external:argparse,IMPORT,argparse,scripts/observability-viewer.py:10
scripts/observability-viewer.py,external:json,IMPORT,json,scripts/observability-viewer.py:11
scripts/observability-viewer.py,external:os,IMPORT,os,scripts/observability-viewer.py:12
scripts/observability-viewer.py,external:threading,IMPORT,threading,scripts/observability-viewer.py:13
scripts/observability-viewer.py,external:time,IMPORT,time,scripts/observability-viewer.py:14
scripts/observability-viewer.py,external:collections,FROM_IMPORT,collections.deque,scripts/observability-viewer.py:15
scripts/observability-viewer.py,external:dataclasses,FROM_IMPORT,dataclasses.asdict,scripts/observability-viewer.py:16
scripts/observability-viewer.py,external:dataclasses,FROM_IMPORT,dataclasses.dataclass,scripts/observability-viewer.py:16
scripts/observability-viewer.py,external:dataclasses,FROM_IMPORT,dataclasses.field,scripts/observability-viewer.py:16
scripts/observability-viewer.py,external:datetime,FROM_IMPORT,datetime.UTC,scripts/observability-viewer.py:17
scripts/observability-viewer.py,external:datetime,FROM_IMPORT,datetime.datetime,scripts/observability-viewer.py:17
scripts/observability-viewer.py,external:http,FROM_IMPORT,http.HTTPStatus,scripts/observability-viewer.py:18
scripts/observability-viewer.py,external:http.server,FROM_IMPORT,http.server.BaseHTTPRequestHandler,scripts/observability-viewer.py:19
scripts/observability-viewer.py,external:http.server,FROM_IMPORT,http.server.ThreadingHTTPServer,scripts/observability-viewer.py:19
scripts/observability-viewer.py,external:pathlib,FROM_IMPORT,pathlib.Path,scripts/observability-viewer.py:20
scripts/observability-viewer.py,external:typing,FROM_IMPORT,typing.Any,scripts/observability-viewer.py:21
scripts/observability-viewer.py,external:urllib.parse,FROM_IMPORT,urllib.parse.unquote,scripts/observability-viewer.py:22
scripts/observability-viewer.py,external:urllib.parse,FROM_IMPORT,urllib.parse.urlparse,scripts/observability-viewer.py:22
scripts/observability-viewer.py,external:urllib.parse,FROM_IMPORT,urllib.parse.urlsplit,scripts/observability-viewer.py:22
scripts/observability-viewer.py,external:psycopg,IMPORT,psycopg,scripts/observability-viewer.py:235
scripts/observability-viewer.py,external:psycopg.rows,FROM_IMPORT,psycopg.rows.dict_row,scripts/observability-viewer.py:236
scripts/observability-viewer.py,external:yaml,IMPORT,yaml,scripts/observability-viewer.py:764
scripts/session-viewer.py,external:__future__,FROM_IMPORT,__future__.annotations,scripts/session-viewer.py:28
scripts/session-viewer.py,external:argparse,IMPORT,argparse,scripts/session-viewer.py:30
scripts/session-viewer.py,external:json,IMPORT,json,scripts/session-viewer.py:31
scripts/session-viewer.py,external:sys,IMPORT,sys,scripts/session-viewer.py:32
scripts/session-viewer.py,external:datetime,FROM_IMPORT,datetime.datetime,scripts/session-viewer.py:33
scripts/session-viewer.py,external:http.server,FROM_IMPORT,http.server.HTTPServer,scripts/session-viewer.py:34
scripts/session-viewer.py,external:http.server,FROM_IMPORT,http.server.BaseHTTPRequestHandler,scripts/session-viewer.py:34
scripts/session-viewer.py,external:pathlib,FROM_IMPORT,pathlib.Path,scripts/session-viewer.py:35
scripts/session-viewer.py,external:yaml,IMPORT,yaml,scripts/session-viewer.py:43
scripts/session-viewer.py,external:yaml,IMPORT,yaml,scripts/session-viewer.py:620
scripts/session-viewer.py,external:yaml,IMPORT,yaml,scripts/session-viewer.py:134
scripts/test-fast-models.py,external:argparse,IMPORT,argparse,scripts/test-fast-models.py:12
scripts/test-fast-models.py,external:asyncio,IMPORT,asyncio,scripts/test-fast-models.py:13
scripts/test-fast-models.py,external:json,IMPORT,json,scripts/test-fast-models.py:14
scripts/test-fast-models.py,external:os,IMPORT,os,scripts/test-fast-models.py:15
scripts/test-fast-models.py,external:re,IMPORT,re,scripts/test-fast-models.py:16
scripts/test-fast-models.py,external:sys,IMPORT,sys,scripts/test-fast-models.py:17
scripts/test-fast-models.py,external:time,IMPORT,time,scripts/test-fast-models.py:18
scripts/test-fast-models.py,external:pathlib,FROM_IMPORT,pathlib.Path,scripts/test-fast-models.py:19
scripts/test-fast-models.py,external:typing,FROM_IMPORT,typing.List,scripts/test-fast-models.py:20
scripts/test-fast-models.py,external:typing,FROM_IMPORT,typing.Dict,scripts/test-fast-models.py:20
scripts/test-fast-models.py,external:typing,FROM_IMPORT,typing.Any,scripts/test-fast-models.py:20
scripts/test-fast-models.py,external:httpx,IMPORT,httpx,scripts/test-fast-models.py:22
scripts/test-fast-models.py,external:yaml,IMPORT,yaml,scripts/test-fast-models.py:23
scripts/test-models.py,external:argparse,IMPORT,argparse,scripts/test-models.py:20
scripts/test-models.py,external:asyncio,IMPORT,asyncio,scripts/test-models.py:21
scripts/test-models.py,external:json,IMPORT,json,scripts/test-models.py:22
scripts/test-models.py,external:os,IMPORT,os,scripts/test-models.py:23
scripts/test-models.py,external:re,IMPORT,re,scripts/test-models.py:24
scripts/test-models.py,external:sys,IMPORT,sys,scripts/test-models.py:25
scripts/test-models.py,external:time,IMPORT,time,scripts/test-models.py:26
scripts/test-models.py,external:pathlib,FROM_IMPORT,pathlib.Path,scripts/test-models.py:27
scripts/test-models.py,external:typing,FROM_IMPORT,typing.Dict,scripts/test-models.py:28
scripts/test-models.py,external:typing,FROM_IMPORT,typing.List,scripts/test-models.py:28
scripts/test-models.py,external:typing,FROM_IMPORT,typing.Any,scripts/test-models.py:28
scripts/test-models.py,external:typing,FROM_IMPORT,typing.Optional,scripts/test-models.py:28
scripts/test-models.py,external:typing,FROM_IMPORT,typing.Tuple,scripts/test-models.py:28
scripts/test-models.py,external:httpx,IMPORT,httpx,scripts/test-models.py:30
scripts/test-models.py,external:yaml,IMPORT,yaml,scripts/test-models.py:31
scripts/test-models.py,src/resources/model_client.py,FROM_IMPORT,resources.model_client.ModelClient,scripts/test-models.py:217
scripts/test-models.py,src/common/errors.py,FROM_IMPORT,common.errors.ModelAPIError,scripts/test-models.py:218
scripts/test-official-qq.py,external:asyncio,IMPORT,asyncio,scripts/test-official-qq.py:12
scripts/test-official-qq.py,external:json,IMPORT,json,scripts/test-official-qq.py:13
scripts/test-official-qq.py,external:os,IMPORT,os,scripts/test-official-qq.py:14
scripts/test-official-qq.py,external:sys,IMPORT,sys,scripts/test-official-qq.py:15
scripts/test-official-qq.py,external:pathlib,FROM_IMPORT,pathlib.Path,scripts/test-official-qq.py:16
scripts/test-official-qq.py,external:dotenv,FROM_IMPORT,dotenv.load_dotenv,scripts/test-official-qq.py:21
scripts/test-official-qq.py,external:aiohttp,IMPORT,aiohttp,scripts/test-official-qq.py:47
scripts/test-official-qq.py,external:websockets,IMPORT,websockets,scripts/test-official-qq.py:48
scripts/ws_client.py,external:asyncio,IMPORT,asyncio,scripts/ws_client.py:3
scripts/ws_client.py,external:json,IMPORT,json,scripts/ws_client.py:4
scripts/ws_client.py,external:websockets,IMPORT,websockets,scripts/ws_client.py:5
src/account/__init__.py,src/account/models.py,FROM_IMPORT,account.models.Account,src/account/__init__.py:3
src/account/__init__.py,src/account/postgres_account_service.py,FROM_IMPORT,account.postgres_account_service.PostgresAccountService,src/account/__init__.py:4
src/account/__init__.py,src/account/validation.py,FROM_IMPORT,account.validation.validate_unified_account_backend,src/account/__init__.py:5
src/account/account_service.py,external:json,IMPORT,json,src/account/account_service.py:9
src/account/account_service.py,external:logging,IMPORT,logging,src/account/account_service.py:10
src/account/account_service.py,external:os,IMPORT,os,src/account/account_service.py:11
src/account/account_service.py,external:uuid,IMPORT,uuid,src/account/account_service.py:12
src/account/account_service.py,external:pathlib,FROM_IMPORT,pathlib.Path,src/account/account_service.py:13
src/account/account_service.py,external:typing,FROM_IMPORT,typing.Dict,src/account/account_service.py:14
src/account/account_service.py,external:typing,FROM_IMPORT,typing.Optional,src/account/account_service.py:14
src/account/account_service.py,src/account/models.py,FROM_IMPORT,account.models.Account,src/account/account_service.py:16
src/account/bootstrap.py,external:__future__,FROM_IMPORT,__future__.annotations,src/account/bootstrap.py:12
src/account/bootstrap.py,external:json,IMPORT,json,src/account/bootstrap.py:14
src/account/bootstrap.py,external:logging,IMPORT,logging,src/account/bootstrap.py:15
src/account/bootstrap.py,external:uuid,IMPORT,uuid,src/account/bootstrap.py:16
src/account/bootstrap.py,external:dataclasses,FROM_IMPORT,dataclasses.dataclass,src/account/bootstrap.py:17
src/account/bootstrap.py,external:psycopg,IMPORT,psycopg,src/account/bootstrap.py:19
src/account/bootstrap.py,external:psycopg.rows,FROM_IMPORT,psycopg.rows.dict_row,src/account/bootstrap.py:20
src/account/bootstrap.py,src/account/identity.py,FROM_IMPORT,account.identity.QQ_CHANNELS,src/account/bootstrap.py:22
src/account/bootstrap.py,src/account/identity.py,FROM_IMPORT,account.identity.normalize_qq_subject,src/account/bootstrap.py:22
src/account/bootstrap.py,src/account/identity.py,FROM_IMPORT,account.identity.normalize_web_subject,src/account/bootstrap.py:22
src/account/credentials.py,external:__future__,FROM_IMPORT,__future__.annotations,src/account/credentials.py:2
src/account/credentials.py,external:secrets,IMPORT,secrets,src/account/credentials.py:4
src/account/credentials.py,external:typing,FROM_IMPORT,typing.Protocol,src/account/credentials.py:5
src/account/credentials.py,external:argon2,FROM_IMPORT,argon2.PasswordHasher,src/account/credentials.py:7
src/account/credentials.py,external:argon2.exceptions,FROM_IMPORT,argon2.exceptions.InvalidHashError,src/account/credentials.py:8
src/account/credentials.py,external:argon2.exceptions,FROM_IMPORT,argon2.exceptions.VerifyMismatchError,src/account/credentials.py:8
src/account/credentials.py,src/account/identity.py,FROM_IMPORT,account.identity.normalize_web_subject,src/account/credentials.py:10
src/account/credentials.py,src/persistence/uow.py,FROM_IMPORT,persistence.uow.UnitOfWork,src/account/credentials.py:11
src/account/identity.py,external:__future__,FROM_IMPORT,__future__.annotations,src/account/identity.py:2
src/account/identity_binding_service.py,external:__future__,FROM_IMPORT,__future__.annotations,src/account/identity_binding_service.py:2
src/account/identity_binding_service.py,external:hashlib,IMPORT,hashlib,src/account/identity_binding_service.py:4
src/account/identity_binding_service.py,external:hmac,IMPORT,hmac,src/account/identity_binding_service.py:5
src/account/identity_binding_service.py,external:logging,IMPORT,logging,src/account/identity_binding_service.py:6
src/account/identity_binding_service.py,external:secrets,IMPORT,secrets,src/account/identity_binding_service.py:7
src/account/identity_binding_service.py,external:dataclasses,FROM_IMPORT,dataclasses.dataclass,src/account/identity_binding_service.py:8
src/account/identity_binding_service.py,external:datetime,FROM_IMPORT,datetime.UTC,src/account/identity_binding_service.py:9
src/account/identity_binding_service.py,external:datetime,FROM_IMPORT,datetime.datetime,src/account/identity_binding_service.py:9
src/account/identity_binding_service.py,external:datetime,FROM_IMPORT,datetime.timedelta,src/account/identity_binding_service.py:9
src/account/identity_binding_service.py,external:uuid,FROM_IMPORT,uuid.UUID,src/account/identity_binding_service.py:10
src/account/identity_binding_service.py,external:psycopg,IMPORT,psycopg,src/account/identity_binding_service.py:12
src/account/identity_binding_service.py,external:uuid6,FROM_IMPORT,uuid6.uuid7,src/account/identity_binding_service.py:13
src/account/identity_binding_service.py,src/account/identity.py,FROM_IMPORT,account.identity.normalize_qq_subject,src/account/identity_binding_service.py:15
src/account/identity_binding_service.py,src/persistence/uow.py,FROM_IMPORT,persistence.uow.UnitOfWork,src/account/identity_binding_service.py:16
src/account/identity_binding_service.py,src/persistence/uow.py,FROM_IMPORT,persistence.uow.retryable_transaction,src/account/identity_binding_service.py:16
src/account/models.py,external:time,IMPORT,time,src/account/models.py:13
src/account/models.py,external:dataclasses,FROM_IMPORT,dataclasses.dataclass,src/account/models.py:14
src/account/models.py,external:dataclasses,FROM_IMPORT,dataclasses.field,src/account/models.py:14
src/account/models.py,external:typing,FROM_IMPORT,typing.Dict,src/account/models.py:15
src/account/postgres_account_service.py,external:__future__,FROM_IMPORT,__future__.annotations,src/account/postgres_account_service.py:19
src/account/postgres_account_service.py,external:asyncio,IMPORT,asyncio,src/account/postgres_account_service.py:21
src/account/postgres_account_service.py,external:logging,IMPORT,logging,src/account/postgres_account_service.py:22
src/account/postgres_account_service.py,external:psycopg,IMPORT,psycopg,src/account/postgres_account_service.py:24
src/account/postgres_account_service.py,external:psycopg.rows,FROM_IMPORT,psycopg.rows.dict_row,src/account/postgres_account_service.py:25
src/account/postgres_account_service.py,src/account/identity.py,FROM_IMPORT,account.identity.normalize_channel_subject,src/account/postgres_account_service.py:27
src/account/registration_service.py,external:__future__,FROM_IMPORT,__future__.annotations,src/account/registration_service.py:2
src/account/registration_service.py,external:logging,IMPORT,logging,src/account/registration_service.py:4
src/account/registration_service.py,external:dataclasses,FROM_IMPORT,dataclasses.dataclass,src/account/registration_service.py:5
src/account/registration_service.py,external:uuid,FROM_IMPORT,uuid.UUID,src/account/registration_service.py:6
src/account/registration_service.py,external:psycopg,IMPORT,psycopg,src/account/registration_service.py:8
src/account/registration_service.py,external:argon2,FROM_IMPORT,argon2.PasswordHasher,src/account/registration_service.py:9
src/account/registration_service.py,external:uuid6,FROM_IMPORT,uuid6.uuid7,src/account/registration_service.py:10
src/account/registration_service.py,src/account/identity.py,FROM_IMPORT,account.identity.normalize_web_subject,src/account/registration_service.py:12
src/account/registration_service.py,src/persistence/uow.py,FROM_IMPORT,persistence.uow.UnitOfWork,src/account/registration_service.py:13
src/actions/runtime.py,external:__future__,FROM_IMPORT,__future__.annotations,src/actions/runtime.py:10
src/actions/runtime.py,external:hashlib,IMPORT,hashlib,src/actions/runtime.py:12
src/actions/runtime.py,external:logging,IMPORT,logging,src/actions/runtime.py:13
src/actions/runtime.py,external:typing,FROM_IMPORT,typing.Any,src/actions/runtime.py:14
src/actions/runtime.py,external:typing,FROM_IMPORT,typing.Dict,src/actions/runtime.py:14
src/actions/runtime.py,external:typing,FROM_IMPORT,typing.List,src/actions/runtime.py:14
src/actions/runtime.py,external:typing,FROM_IMPORT,typing.cast,src/actions/runtime.py:14
src/actions/runtime.py,src/agent/protocol.py,FROM_IMPORT,agent.protocol.ActionRequest,src/actions/runtime.py:16
src/actions/runtime.py,src/agent/protocol.py,FROM_IMPORT,agent.protocol.ActionResult,src/actions/runtime.py:16
src/actions/runtime.py,src/common/token_counter.py,FROM_IMPORT,common.token_counter.estimate_messages_tokens,src/actions/runtime.py:17
src/actions/runtime.py,src/common/types.py,FROM_IMPORT,common.types.Event,src/actions/runtime.py:18
src/actions/runtime.py,src/common/types.py,FROM_IMPORT,common.types.EventType,src/actions/runtime.py:18
src/agent/__init__.py,src/agent/adapters.py,FROM_IMPORT,agent.adapters.ReActAgent,src/agent/__init__.py:17
src/agent/__init__.py,src/agent/bus.py,FROM_IMPORT,agent.bus.InMemoryMessageBus,src/agent/__init__.py:18
src/agent/__init__.py,src/agent/compensation.py,FROM_IMPORT,agent.compensation.CompensationHandler,src/agent/__init__.py:19
src/agent/__init__.py,src/agent/compensation.py,FROM_IMPORT,agent.compensation.CompensationRegistry,src/agent/__init__.py:19
src/agent/__init__.py,src/agent/composite.py,FROM_IMPORT,agent.composite.OrchestratorAsAgent,src/agent/__init__.py:20
src/agent/__init__.py,src/agent/context.py,FROM_IMPORT,agent.context.ExecutionContext,src/agent/__init__.py:21
src/agent/__init__.py,src/agent/context.py,FROM_IMPORT,agent.context.RuntimeConfig,src/agent/__init__.py:21
src/agent/__init__.py,src/agent/context.py,FROM_IMPORT,agent.context.SessionState,src/agent/__init__.py:21
src/agent/__init__.py,src/agent/context.py,FROM_IMPORT,agent.context.SharedMemory,src/agent/__init__.py:21
src/agent/__init__.py,src/agent/factory.py,FROM_IMPORT,agent.factory.ResourcePoolAdapter,src/agent/__init__.py:22
src/agent/__init__.py,src/agent/factory.py,FROM_IMPORT,agent.factory.build_council,src/agent/__init__.py:22
src/agent/__init__.py,src/agent/factory.py,FROM_IMPORT,agent.factory.build_supervisor,src/agent/__init__.py:22
src/agent/__init__.py,src/agent/factory.py,FROM_IMPORT,agent.factory.build_workflow,src/agent/__init__.py:22
src/agent/__init__.py,src/agent/interfaces.py,FROM_IMPORT,agent.interfaces.AgentRegistry,src/agent/__init__.py:28
src/agent/__init__.py,src/agent/interfaces.py,FROM_IMPORT,agent.interfaces.BaseAgent,src/agent/__init__.py:28
src/agent/__init__.py,src/agent/interfaces.py,FROM_IMPORT,agent.interfaces.ControlStrategy,src/agent/__init__.py:28
src/agent/__init__.py,src/agent/interfaces.py,FROM_IMPORT,agent.interfaces.MessageBus,src/agent/__init__.py:28
src/agent/__init__.py,src/agent/llm_agent.py,FROM_IMPORT,agent.llm_agent.LLMAgent,src/agent/__init__.py:34
src/agent/__init__.py,src/agent/orchestrator.py,FROM_IMPORT,agent.orchestrator.Orchestrator,src/agent/__init__.py:35
src/agent/__init__.py,src/agent/registry.py,FROM_IMPORT,agent.registry.InMemoryAgentRegistry,src/agent/__init__.py:36
src/agent/__init__.py,src/agent/runner.py,FROM_IMPORT,agent.runner.MultiAgentExecutor,src/agent/__init__.py:37
src/agent/__init__.py,src/agent/strategies.py,FROM_IMPORT,agent.strategies.CallLLM,src/agent/__init__.py:38
src/agent/__init__.py,src/agent/strategies.py,FROM_IMPORT,agent.strategies.ConditionEvaluator,src/agent/__init__.py:38
src/agent/__init__.py,src/agent/strategies.py,FROM_IMPORT,agent.strategies.CouncilControlStrategy,src/agent/__init__.py:38
src/agent/__init__.py,src/agent/strategies.py,FROM_IMPORT,agent.strategies.LLMJudge,src/agent/__init__.py:38
src/agent/__init__.py,src/agent/strategies.py,FROM_IMPORT,agent.strategies.LLMPlanner,src/agent/__init__.py:38
src/agent/__init__.py,src/agent/strategies.py,FROM_IMPORT,agent.strategies.LLMReviewer,src/agent/__init__.py:38
src/agent/__init__.py,src/agent/strategies.py,FROM_IMPORT,agent.strategies.MajorityJudge,src/agent/__init__.py:38
src/agent/__init__.py,src/agent/strategies.py,FROM_IMPORT,agent.strategies.RealLLMJudge,src/agent/__init__.py:38
src/agent/__init__.py,src/agent/strategies.py,FROM_IMPORT,agent.strategies.RealLLMPlanner,src/agent/__init__.py:38
src/agent/__init__.py,src/agent/strategies.py,FROM_IMPORT,agent.strategies.RealLLMReviewer,src/agent/__init__.py:38
src/agent/__init__.py,src/agent/strategies.py,FROM_IMPORT,agent.strategies.ResultAggregator,src/agent/__init__.py:38
src/agent/__init__.py,src/agent/strategies.py,FROM_IMPORT,agent.strategies.StubLLMPlanner,src/agent/__init__.py:38
src/agent/__init__.py,src/agent/strategies.py,FROM_IMPORT,agent.strategies.StubLLMReviewer,src/agent/__init__.py:38
src/agent/__init__.py,src/agent/strategies.py,FROM_IMPORT,agent.strategies.SupervisorControlStrategy,src/agent/__init__.py:38
src/agent/__init__.py,src/agent/strategies.py,FROM_IMPORT,agent.strategies.WorkflowControlStrategy,src/agent/__init__.py:38
src/agent/__init__.py,src/agent/types.py,FROM_IMPORT,agent.types.AgentHealth,src/agent/__init__.py:55
src/agent/__init__.py,src/agent/types.py,FROM_IMPORT,agent.types.BatchOutcome,src/agent/__init__.py:55
src/agent/__init__.py,src/agent/types.py,FROM_IMPORT,agent.types.BranchCondition,src/agent/__init__.py:55
src/agent/__init__.py,src/agent/types.py,FROM_IMPORT,agent.types.CapabilityRequirement,src/agent/__init__.py:55
src/agent/__init__.py,src/agent/types.py,FROM_IMPORT,agent.types.CapabilitySpec,src/agent/__init__.py:55
src/agent/__init__.py,src/agent/types.py,FROM_IMPORT,agent.types.ErrorInfo,src/agent/__init__.py:55
src/agent/__init__.py,src/agent/types.py,FROM_IMPORT,agent.types.ExecutionMetrics,src/agent/__init__.py:55
src/agent/__init__.py,src/agent/types.py,FROM_IMPORT,agent.types.ExecutionPlan,src/agent/__init__.py:55
src/agent/__init__.py,src/agent/types.py,FROM_IMPORT,agent.types.HandoffRequest,src/agent/__init__.py:55
src/agent/__init__.py,src/agent/types.py,FROM_IMPORT,agent.types.Task,src/agent/__init__.py:55
src/agent/__init__.py,src/agent/types.py,FROM_IMPORT,agent.types.TaskResult,src/agent/__init__.py:55
src/agent/__init__.py,src/agent/types.py,FROM_IMPORT,agent.types.TaskStatus,src/agent/__init__.py:55
src/agent/adapters.py,external:__future__,FROM_IMPORT,__future__.annotations,src/agent/adapters.py:7
src/agent/adapters.py,external:time,IMPORT,time,src/agent/adapters.py:9
src/agent/adapters.py,external:typing,FROM_IMPORT,typing.Any,src/agent/adapters.py:10
src/agent/adapters.py,src/agent/context.py,FROM_IMPORT,agent.context.ExecutionContext,src/agent/adapters.py:12
src/agent/adapters.py,src/agent/interfaces.py,FROM_IMPORT,agent.interfaces.BaseAgent,src/agent/adapters.py:13
src/agent/adapters.py,src/agent/types.py,FROM_IMPORT,agent.types.CapabilitySpec,src/agent/adapters.py:14
src/agent/adapters.py,src/agent/types.py,FROM_IMPORT,agent.types.ErrorInfo,src/agent/adapters.py:14
src/agent/adapters.py,src/agent/types.py,FROM_IMPORT,agent.types.ExecutionMetrics,src/agent/adapters.py:14
src/agent/adapters.py,src/agent/types.py,FROM_IMPORT,agent.types.Task,src/agent/adapters.py:14
src/agent/adapters.py,src/agent/types.py,FROM_IMPORT,agent.types.TaskResult,src/agent/adapters.py:14
src/agent/adapters.py,src/agent/types.py,FROM_IMPORT,agent.types.TaskStatus,src/agent/adapters.py:14
src/agent/bus.py,external:__future__,FROM_IMPORT,__future__.annotations,src/agent/bus.py:6
src/agent/bus.py,external:asyncio,IMPORT,asyncio,src/agent/bus.py:8
src/agent/bus.py,external:typing,FROM_IMPORT,typing.Any,src/agent/bus.py:9
src/agent/bus.py,external:typing,FROM_IMPORT,typing.AsyncIterator,src/agent/bus.py:9
src/agent/bus.py,src/agent/interfaces.py,FROM_IMPORT,agent.interfaces.MessageBus,src/agent/bus.py:11
src/agent/compensation.py,external:__future__,FROM_IMPORT,__future__.annotations,src/agent/compensation.py:7
src/agent/compensation.py,external:abc,FROM_IMPORT,abc.ABC,src/agent/compensation.py:9
src/agent/compensation.py,external:abc,FROM_IMPORT,abc.abstractmethod,src/agent/compensation.py:9
src/agent/compensation.py,external:typing,FROM_IMPORT,typing.Optional,src/agent/compensation.py:10
src/agent/compensation.py,src/agent/context.py,FROM_IMPORT,agent.context.ExecutionContext,src/agent/compensation.py:12
src/agent/compensation.py,src/agent/types.py,FROM_IMPORT,agent.types.Task,src/agent/compensation.py:13
src/agent/composite.py,external:__future__,FROM_IMPORT,__future__.annotations,src/agent/composite.py:13
src/agent/composite.py,src/agent/context.py,FROM_IMPORT,agent.context.ExecutionContext,src/agent/composite.py:15
src/agent/composite.py,src/agent/interfaces.py,FROM_IMPORT,agent.interfaces.BaseAgent,src/agent/composite.py:16
src/agent/composite.py,src/agent/orchestrator.py,FROM_IMPORT,agent.orchestrator.Orchestrator,src/agent/composite.py:17
src/agent/composite.py,src/agent/strategies.py,FROM_IMPORT,agent.strategies.ResultAggregator,src/agent/composite.py:18
src/agent/composite.py,src/agent/types.py,FROM_IMPORT,agent.types.CapabilitySpec,src/agent/composite.py:19
src/agent/composite.py,src/agent/types.py,FROM_IMPORT,agent.types.ErrorInfo,src/agent/composite.py:19
src/agent/composite.py,src/agent/types.py,FROM_IMPORT,agent.types.Task,src/agent/composite.py:19
src/agent/composite.py,src/agent/types.py,FROM_IMPORT,agent.types.TaskResult,src/agent/composite.py:19
src/agent/composite.py,src/agent/types.py,FROM_IMPORT,agent.types.TaskStatus,src/agent/composite.py:19
src/agent/context.py,external:__future__,FROM_IMPORT,__future__.annotations,src/agent/context.py:9
src/agent/context.py,external:asyncio,IMPORT,asyncio,src/agent/context.py:11
src/agent/context.py,external:uuid,IMPORT,uuid,src/agent/context.py:12
src/agent/context.py,external:dataclasses,FROM_IMPORT,dataclasses.dataclass,src/agent/context.py:13
src/agent/context.py,external:dataclasses,FROM_IMPORT,dataclasses.field,src/agent/context.py:13
src/agent/context.py,external:typing,FROM_IMPORT,typing.Any,src/agent/context.py:14
src/agent/factory.py,external:__future__,FROM_IMPORT,__future__.annotations,src/agent/factory.py:10
src/agent/factory.py,external:logging,IMPORT,logging,src/agent/factory.py:12
src/agent/factory.py,external:typing,FROM_IMPORT,typing.Any,src/agent/factory.py:13
src/agent/factory.py,external:typing,FROM_IMPORT,typing.Optional,src/agent/factory.py:13
src/agent/factory.py,src/resources/resource_pool.py,FROM_IMPORT,resources.resource_pool.ResourcePool,src/agent/factory.py:15
src/agent/factory.py,src/agent/bus.py,FROM_IMPORT,agent.bus.InMemoryMessageBus,src/agent/factory.py:17
src/agent/factory.py,src/agent/interfaces.py,FROM_IMPORT,agent.interfaces.BaseAgent,src/agent/factory.py:18
src/agent/factory.py,src/agent/orchestrator.py,FROM_IMPORT,agent.orchestrator.Orchestrator,src/agent/factory.py:19
src/agent/factory.py,src/agent/registry.py,FROM_IMPORT,agent.registry.InMemoryAgentRegistry,src/agent/factory.py:20
src/agent/factory.py,src/agent/strategies.py,FROM_IMPORT,agent.strategies.CallLLM,src/agent/factory.py:21
src/agent/factory.py,src/agent/strategies.py,FROM_IMPORT,agent.strategies.CouncilControlStrategy,src/agent/factory.py:21
src/agent/factory.py,src/agent/strategies.py,FROM_IMPORT,agent.strategies.LLMJudge,src/agent/factory.py:21
src/agent/factory.py,src/agent/strategies.py,FROM_IMPORT,agent.strategies.MajorityJudge,src/agent/factory.py:21
src/agent/factory.py,src/agent/strategies.py,FROM_IMPORT,agent.strategies.RealLLMJudge,src/agent/factory.py:21
src/agent/factory.py,src/agent/strategies.py,FROM_IMPORT,agent.strategies.RealLLMPlanner,src/agent/factory.py:21
src/agent/factory.py,src/agent/strategies.py,FROM_IMPORT,agent.strategies.RealLLMReviewer,src/agent/factory.py:21
src/agent/factory.py,src/agent/strategies.py,FROM_IMPORT,agent.strategies.SupervisorControlStrategy,src/agent/factory.py:21
src/agent/factory.py,src/agent/strategies.py,FROM_IMPORT,agent.strategies.WorkflowControlStrategy,src/agent/factory.py:21
src/agent/factory.py,src/agent/types.py,FROM_IMPORT,agent.types.CapabilityRequirement,src/agent/factory.py:32
src/agent/factory.py,src/agent/types.py,FROM_IMPORT,agent.types.Task,src/agent/factory.py:32
src/agent/interfaces.py,external:__future__,FROM_IMPORT,__future__.annotations,src/agent/interfaces.py:13
src/agent/interfaces.py,external:abc,FROM_IMPORT,abc.ABC,src/agent/interfaces.py:15
src/agent/interfaces.py,external:abc,FROM_IMPORT,abc.abstractmethod,src/agent/interfaces.py:15
src/agent/interfaces.py,external:typing,FROM_IMPORT,typing.Any,src/agent/interfaces.py:16
src/agent/interfaces.py,external:typing,FROM_IMPORT,typing.AsyncIterator,src/agent/interfaces.py:16
src/agent/interfaces.py,external:typing,FROM_IMPORT,typing.Optional,src/agent/interfaces.py:16
src/agent/interfaces.py,src/agent/types.py,FROM_IMPORT,agent.types.AgentHealth,src/agent/interfaces.py:18
src/agent/interfaces.py,src/agent/types.py,FROM_IMPORT,agent.types.BatchOutcome,src/agent/interfaces.py:18
src/agent/interfaces.py,src/agent/types.py,FROM_IMPORT,agent.types.CapabilityRequirement,src/agent/interfaces.py:18
src/agent/interfaces.py,src/agent/types.py,FROM_IMPORT,agent.types.CapabilitySpec,src/agent/interfaces.py:18
src/agent/interfaces.py,src/agent/types.py,FROM_IMPORT,agent.types.ExecutionPlan,src/agent/interfaces.py:18
src/agent/interfaces.py,src/agent/types.py,FROM_IMPORT,agent.types.Task,src/agent/interfaces.py:18
src/agent/interfaces.py,src/agent/types.py,FROM_IMPORT,agent.types.TaskResult,src/agent/interfaces.py:18
src/agent/llm_agent.py,external:__future__,FROM_IMPORT,__future__.annotations,src/agent/llm_agent.py:7
src/agent/llm_agent.py,external:logging,IMPORT,logging,src/agent/llm_agent.py:9
src/agent/llm_agent.py,external:time,IMPORT,time,src/agent/llm_agent.py:10
src/agent/llm_agent.py,external:typing,FROM_IMPORT,typing.Any,src/agent/llm_agent.py:11
src/agent/llm_agent.py,src/agent/context.py,FROM_IMPORT,agent.context.ExecutionContext,src/agent/llm_agent.py:13
src/agent/llm_agent.py,src/agent/interfaces.py,FROM_IMPORT,agent.interfaces.BaseAgent,src/agent/llm_agent.py:14
src/agent/llm_agent.py,src/agent/types.py,FROM_IMPORT,agent.types.CapabilitySpec,src/agent/llm_agent.py:15
src/agent/llm_agent.py,src/agent/types.py,FROM_IMPORT,agent.types.ErrorInfo,src/agent/llm_agent.py:15
src/agent/llm_agent.py,src/agent/types.py,FROM_IMPORT,agent.types.ExecutionMetrics,src/agent/llm_agent.py:15
src/agent/llm_agent.py,src/agent/types.py,FROM_IMPORT,agent.types.Task,src/agent/llm_agent.py:15
src/agent/llm_agent.py,src/agent/types.py,FROM_IMPORT,agent.types.TaskResult,src/agent/llm_agent.py:15
src/agent/llm_agent.py,src/agent/types.py,FROM_IMPORT,agent.types.TaskStatus,src/agent/llm_agent.py:15
src/agent/orchestrator.py,external:__future__,FROM_IMPORT,__future__.annotations,src/agent/orchestrator.py:18
src/agent/orchestrator.py,external:asyncio,IMPORT,asyncio,src/agent/orchestrator.py:20
src/agent/orchestrator.py,external:logging,IMPORT,logging,src/agent/orchestrator.py:21
src/agent/orchestrator.py,external:time,IMPORT,time,src/agent/orchestrator.py:22
src/agent/orchestrator.py,external:typing,FROM_IMPORT,typing.Any,src/agent/orchestrator.py:23
src/agent/orchestrator.py,src/agent/context.py,FROM_IMPORT,agent.context.ExecutionContext,src/agent/orchestrator.py:25
src/agent/orchestrator.py,src/agent/interfaces.py,FROM_IMPORT,agent.interfaces.AgentRegistry,src/agent/orchestrator.py:26
src/agent/orchestrator.py,src/agent/interfaces.py,FROM_IMPORT,agent.interfaces.ControlStrategy,src/agent/orchestrator.py:26
src/agent/orchestrator.py,src/agent/interfaces.py,FROM_IMPORT,agent.interfaces.MessageBus,src/agent/orchestrator.py:26
src/agent/orchestrator.py,src/agent/types.py,FROM_IMPORT,agent.types.BatchOutcome,src/agent/orchestrator.py:27
src/agent/orchestrator.py,src/agent/types.py,FROM_IMPORT,agent.types.ErrorInfo,src/agent/orchestrator.py:27
src/agent/orchestrator.py,src/agent/types.py,FROM_IMPORT,agent.types.ExecutionPlan,src/agent/orchestrator.py:27
src/agent/orchestrator.py,src/agent/types.py,FROM_IMPORT,agent.types.Task,src/agent/orchestrator.py:27
src/agent/orchestrator.py,src/agent/types.py,FROM_IMPORT,agent.types.TaskResult,src/agent/orchestrator.py:27
src/agent/orchestrator.py,src/agent/types.py,FROM_IMPORT,agent.types.TaskStatus,src/agent/orchestrator.py:27
src/agent/protocol.py,external:__future__,FROM_IMPORT,__future__.annotations,src/agent/protocol.py:3
src/agent/protocol.py,external:dataclasses,FROM_IMPORT,dataclasses.dataclass,src/agent/protocol.py:5
src/agent/protocol.py,external:typing,FROM_IMPORT,typing.Any,src/agent/protocol.py:6
src/agent/protocol.py,external:typing,FROM_IMPORT,typing.Dict,src/agent/protocol.py:6
src/agent/protocol.py,external:typing,FROM_IMPORT,typing.List,src/agent/protocol.py:6
src/agent/protocol.py,external:typing,FROM_IMPORT,typing.Optional,src/agent/protocol.py:6
src/agent/registry.py,external:__future__,FROM_IMPORT,__future__.annotations,src/agent/registry.py:7
src/agent/registry.py,src/agent/interfaces.py,FROM_IMPORT,agent.interfaces.AgentRegistry,src/agent/registry.py:9
src/agent/registry.py,src/agent/interfaces.py,FROM_IMPORT,agent.interfaces.BaseAgent,src/agent/registry.py:9
src/agent/registry.py,src/agent/types.py,FROM_IMPORT,agent.types.CapabilityRequirement,src/agent/registry.py:10
src/agent/runner.py,external:__future__,FROM_IMPORT,__future__.annotations,src/agent/runner.py:8
src/agent/runner.py,external:logging,IMPORT,logging,src/agent/runner.py:10
src/agent/runner.py,external:typing,FROM_IMPORT,typing.Any,src/agent/runner.py:11
src/agent/runner.py,src/agent/context.py,FROM_IMPORT,agent.context.ExecutionContext,src/agent/runner.py:13
src/agent/runner.py,src/agent/context.py,FROM_IMPORT,agent.context.RuntimeConfig,src/agent/runner.py:13
src/agent/runner.py,src/agent/context.py,FROM_IMPORT,agent.context.SessionState,src/agent/runner.py:13
src/agent/runner.py,src/agent/context.py,FROM_IMPORT,agent.context.SharedMemory,src/agent/runner.py:13
src/agent/runner.py,src/agent/factory.py,FROM_IMPORT,agent.factory.ResourcePoolAdapter,src/agent/runner.py:14
src/agent/runner.py,src/agent/factory.py,FROM_IMPORT,agent.factory.build_council,src/agent/runner.py:14
src/agent/runner.py,src/agent/factory.py,FROM_IMPORT,agent.factory.build_supervisor,src/agent/runner.py:14
src/agent/runner.py,src/agent/factory.py,FROM_IMPORT,agent.factory.build_workflow,src/agent/runner.py:14
src/agent/runner.py,src/agent/llm_agent.py,FROM_IMPORT,agent.llm_agent.LLMAgent,src/agent/runner.py:20
src/agent/runner.py,src/agent/orchestrator.py,FROM_IMPORT,agent.orchestrator.Orchestrator,src/agent/runner.py:21
src/agent/runner.py,src/agent/types.py,FROM_IMPORT,agent.types.CapabilitySpec,src/agent/runner.py:22
src/agent/runner.py,src/agent/types.py,FROM_IMPORT,agent.types.Task,src/agent/runner.py:22
src/agent/runner.py,src/agent/types.py,FROM_IMPORT,agent.types.TaskResult,src/agent/runner.py:22
src/agent/runner.py,src/agent/types.py,FROM_IMPORT,agent.types.TaskStatus,src/agent/runner.py:22
src/agent/strategies.py,external:__future__,FROM_IMPORT,__future__.annotations,src/agent/strategies.py:14
src/agent/strategies.py,external:json,IMPORT,json,src/agent/strategies.py:16
src/agent/strategies.py,external:logging,IMPORT,logging,src/agent/strategies.py:17
src/agent/strategies.py,external:abc,FROM_IMPORT,abc.ABC,src/agent/strategies.py:18
src/agent/strategies.py,external:abc,FROM_IMPORT,abc.abstractmethod,src/agent/strategies.py:18
src/agent/strategies.py,external:collections,FROM_IMPORT,collections.Counter,src/agent/strategies.py:19
src/agent/strategies.py,external:typing,FROM_IMPORT,typing.Any,src/agent/strategies.py:20
src/agent/strategies.py,external:typing,FROM_IMPORT,typing.Awaitable,src/agent/strategies.py:20
src/agent/strategies.py,external:typing,FROM_IMPORT,typing.Callable,src/agent/strategies.py:20
src/agent/strategies.py,src/agent/context.py,FROM_IMPORT,agent.context.ExecutionContext,src/agent/strategies.py:22
src/agent/strategies.py,src/agent/interfaces.py,FROM_IMPORT,agent.interfaces.ControlStrategy,src/agent/strategies.py:23
src/agent/strategies.py,src/agent/interfaces.py,FROM_IMPORT,agent.interfaces.MessageBus,src/agent/strategies.py:23
src/agent/strategies.py,src/agent/types.py,FROM_IMPORT,agent.types.BatchOutcome,src/agent/strategies.py:24
src/agent/strategies.py,src/agent/types.py,FROM_IMPORT,agent.types.BranchCondition,src/agent/strategies.py:24
src/agent/strategies.py,src/agent/types.py,FROM_IMPORT,agent.types.CapabilityRequirement,src/agent/strategies.py:24
src/agent/strategies.py,src/agent/types.py,FROM_IMPORT,agent.types.ExecutionPlan,src/agent/strategies.py:24
src/agent/strategies.py,src/agent/types.py,FROM_IMPORT,agent.types.Task,src/agent/strategies.py:24
src/agent/strategies.py,src/agent/types.py,FROM_IMPORT,agent.types.TaskResult,src/agent/strategies.py:24
src/agent/strategies.py,src/agent/types.py,FROM_IMPORT,agent.types.TaskStatus,src/agent/strategies.py:24
src/agent/types.py,external:__future__,FROM_IMPORT,__future__.annotations,src/agent/types.py:13
src/agent/types.py,external:dataclasses,FROM_IMPORT,dataclasses.dataclass,src/agent/types.py:15
src/agent/types.py,external:dataclasses,FROM_IMPORT,dataclasses.field,src/agent/types.py:15
src/agent/types.py,external:enum,FROM_IMPORT,enum.Enum,src/agent/types.py:16
src/agent/types.py,external:typing,FROM_IMPORT,typing.Any,src/agent/types.py:17
src/agent/types.py,external:typing,FROM_IMPORT,typing.Optional,src/agent/types.py:17
src/agent_activities/__init__.py,src/agent_activities/runtime.py,FROM_IMPORT,agent_activities.runtime.DurableAgentActivities,src/agent_activities/__init__.py:3
src/agent_activities/__init__.py,src/agent_activities/store.py,FROM_IMPORT,agent_activities.store.AgentDataStore,src/agent_activities/__init__.py:4
src/agent_activities/__init__.py,src/agent_activities/store.py,FROM_IMPORT,agent_activities.store.StaleFencingToken,src/agent_activities/__init__.py:4
src/agent_activities/__init__.py,src/agent_activities/store.py,FROM_IMPORT,agent_activities.store.TranscriptVersionConflict,src/agent_activities/__init__.py:4
src/agent_activities/persistent_overwrite.py,external:__future__,FROM_IMPORT,__future__.annotations,src/agent_activities/persistent_overwrite.py:2
src/agent_activities/persistent_overwrite.py,external:asyncio,IMPORT,asyncio,src/agent_activities/persistent_overwrite.py:4
src/agent_activities/persistent_overwrite.py,external:dataclasses,FROM_IMPORT,dataclasses.asdict,src/agent_activities/persistent_overwrite.py:5
src/agent_activities/persistent_overwrite.py,external:uuid,FROM_IMPORT,uuid.UUID,src/agent_activities/persistent_overwrite.py:6
src/agent_activities/persistent_overwrite.py,external:temporalio,FROM_IMPORT,temporalio.activity,src/agent_activities/persistent_overwrite.py:8
src/agent_activities/persistent_overwrite.py,external:temporalio.exceptions,FROM_IMPORT,temporalio.exceptions.ApplicationError,src/agent_activities/persistent_overwrite.py:9
src/agent_activities/persistent_overwrite.py,src/agent_workflows/contracts.py,FROM_IMPORT,agent_workflows.contracts.AGENT_SCHEMA_VERSION,src/agent_activities/persistent_overwrite.py:11
src/agent_activities/persistent_overwrite.py,src/agent_workflows/contracts.py,FROM_IMPORT,agent_workflows.contracts.ApprovedToolExecutionInput,src/agent_activities/persistent_overwrite.py:11
src/agent_activities/persistent_overwrite.py,src/agent_workflows/contracts.py,FROM_IMPORT,agent_workflows.contracts.ApprovedToolExecutionResult,src/agent_activities/persistent_overwrite.py:11
src/agent_activities/persistent_overwrite.py,src/file_domain/persistent.py,FROM_IMPORT,file_domain.persistent.DestinationChanged,src/agent_activities/persistent_overwrite.py:16
src/agent_activities/persistent_overwrite.py,src/file_domain/persistent.py,FROM_IMPORT,file_domain.persistent.PersistentWebFileService,src/agent_activities/persistent_overwrite.py:16
src/agent_activities/persistent_overwrite.py,src/agent_activities/side_effects.py,FROM_IMPORT,agent_activities.side_effects.FaultInjector,src/agent_activities/persistent_overwrite.py:18
src/agent_activities/persistent_overwrite.py,src/agent_activities/side_effects.py,FROM_IMPORT,agent_activities.side_effects.NoopFaultInjector,src/agent_activities/persistent_overwrite.py:18
src/agent_activities/persistent_overwrite.py,src/agent_activities/store.py,FROM_IMPORT,agent_activities.store.AgentDataStore,src/agent_activities/persistent_overwrite.py:19
src/agent_activities/persistent_overwrite.py,src/agent_activities/store.py,FROM_IMPORT,agent_activities.store.StaleFencingToken,src/agent_activities/persistent_overwrite.py:19
src/agent_activities/runtime.py,external:__future__,FROM_IMPORT,__future__.annotations,src/agent_activities/runtime.py:2
src/agent_activities/runtime.py,external:asyncio,IMPORT,asyncio,src/agent_activities/runtime.py:4
src/agent_activities/runtime.py,external:hashlib,IMPORT,hashlib,src/agent_activities/runtime.py:5
src/agent_activities/runtime.py,external:json,IMPORT,json,src/agent_activities/runtime.py:6
src/agent_activities/runtime.py,external:logging,IMPORT,logging,src/agent_activities/runtime.py:7
src/agent_activities/runtime.py,external:re,IMPORT,re,src/agent_activities/runtime.py:8
src/agent_activities/runtime.py,external:time,IMPORT,time,src/agent_activities/runtime.py:9
src/agent_activities/runtime.py,external:contextlib,FROM_IMPORT,contextlib.asynccontextmanager,src/agent_activities/runtime.py:10
src/agent_activities/runtime.py,external:dataclasses,FROM_IMPORT,dataclasses.asdict,src/agent_activities/runtime.py:11
src/agent_activities/runtime.py,external:typing,FROM_IMPORT,typing.Any,src/agent_activities/runtime.py:12
src/agent_activities/runtime.py,external:typing,FROM_IMPORT,typing.NoReturn,src/agent_activities/runtime.py:12
src/agent_activities/runtime.py,external:typing,FROM_IMPORT,typing.cast,src/agent_activities/runtime.py:12
src/agent_activities/runtime.py,external:uuid,FROM_IMPORT,uuid.UUID,src/agent_activities/runtime.py:13
src/agent_activities/runtime.py,external:temporalio,FROM_IMPORT,temporalio.activity,src/agent_activities/runtime.py:15
src/agent_activities/runtime.py,external:temporalio.exceptions,FROM_IMPORT,temporalio.exceptions.ApplicationError,src/agent_activities/runtime.py:16
src/agent_activities/runtime.py,src/agent/protocol.py,FROM_IMPORT,agent.protocol.ActionRequest,src/agent_activities/runtime.py:18
src/agent_activities/runtime.py,src/agent_execution/facade.py,FROM_IMPORT,agent_execution.facade.StableExecutionFailure,src/agent_activities/runtime.py:19
src/agent_activities/runtime.py,src/agent_execution/model_budget_context.py,FROM_IMPORT,agent_execution.model_budget_context.model_budget_scope,src/agent_activities/runtime.py:20
src/agent_activities/runtime.py,src/agent_execution/run_budget.py,FROM_IMPORT,agent_execution.run_budget.RunBudgetExhausted,src/agent_activities/runtime.py:21
src/agent_activities/runtime.py,src/agent_execution/tracing/__init__.py,FROM_IMPORT,agent_execution.tracing.model_observation_metadata,src/agent_activities/runtime.py:22
src/agent_activities/runtime.py,src/agent_execution/tracing/__init__.py,FROM_IMPORT,agent_execution.tracing.trace_end,src/agent_activities/runtime.py:22
src/agent_activities/runtime.py,src/agent_execution/tracing/__init__.py,FROM_IMPORT,agent_execution.tracing.trace_node_id,src/agent_activities/runtime.py:22
src/agent_activities/runtime.py,src/agent_execution/tracing/__init__.py,FROM_IMPORT,agent_execution.tracing.trace_start,src/agent_activities/runtime.py:22
src/agent_activities/runtime.py,src/agent_workflows/contracts.py,FROM_IMPORT,agent_workflows.contracts.AGENT_SCHEMA_VERSION,src/agent_activities/runtime.py:28
src/agent_activities/runtime.py,src/agent_workflows/contracts.py,FROM_IMPORT,agent_workflows.contracts.ApprovalStatusInput,src/agent_activities/runtime.py:28
src/agent_activities/runtime.py,src/agent_workflows/contracts.py,FROM_IMPORT,agent_workflows.contracts.ApprovalStatusResult,src/agent_activities/runtime.py:28
src/agent_activities/runtime.py,src/agent_workflows/contracts.py,FROM_IMPORT,agent_workflows.contracts.CompactToolCall,src/agent_activities/runtime.py:28
src/agent_activities/runtime.py,src/agent_workflows/contracts.py,FROM_IMPORT,agent_workflows.contracts.ContextBootstrapInput,src/agent_activities/runtime.py:28
src/agent_activities/runtime.py,src/agent_workflows/contracts.py,FROM_IMPORT,agent_workflows.contracts.ContextBootstrapResult,src/agent_activities/runtime.py:28
src/agent_activities/runtime.py,src/agent_workflows/contracts.py,FROM_IMPORT,agent_workflows.contracts.FinalizeResultInput,src/agent_activities/runtime.py:28
src/agent_activities/runtime.py,src/agent_workflows/contracts.py,FROM_IMPORT,agent_workflows.contracts.ModelDecisionInput,src/agent_activities/runtime.py:28
src/agent_activities/runtime.py,src/agent_workflows/contracts.py,FROM_IMPORT,agent_workflows.contracts.ModelDecisionResult,src/agent_activities/runtime.py:28
src/agent_activities/runtime.py,src/agent_workflows/contracts.py,FROM_IMPORT,agent_workflows.contracts.PlanEvaluationInput,src/agent_activities/runtime.py:28
src/agent_activities/runtime.py,src/agent_workflows/contracts.py,FROM_IMPORT,agent_workflows.contracts.PlanEvaluationResult,src/agent_activities/runtime.py:28
src/agent_activities/runtime.py,src/agent_workflows/contracts.py,FROM_IMPORT,agent_workflows.contracts.PlanningInput,src/agent_activities/runtime.py:28
src/agent_activities/runtime.py,src/agent_workflows/contracts.py,FROM_IMPORT,agent_workflows.contracts.PlanningResult,src/agent_activities/runtime.py:28
src/agent_activities/runtime.py,src/agent_workflows/contracts.py,FROM_IMPORT,agent_workflows.contracts.PlanStep,src/agent_activities/runtime.py:28
src/agent_activities/runtime.py,src/agent_workflows/contracts.py,FROM_IMPORT,agent_workflows.contracts.ToolExecutionInput,src/agent_activities/runtime.py:28
src/agent_activities/runtime.py,src/agent_workflows/contracts.py,FROM_IMPORT,agent_workflows.contracts.ToolExecutionResult,src/agent_activities/runtime.py:28
src/agent_activities/runtime.py,src/common/logging.py,FROM_IMPORT,common.logging.log_event,src/agent_activities/runtime.py:46
src/agent_activities/runtime.py,src/agent_activities/side_effects.py,FROM_IMPORT,agent_activities.side_effects.FaultInjector,src/agent_activities/runtime.py:48
src/agent_activities/runtime.py,src/agent_activities/side_effects.py,FROM_IMPORT,agent_activities.side_effects.NoopFaultInjector,src/agent_activities/runtime.py:48
src/agent_activities/runtime.py,src/agent_activities/side_effects.py,FROM_IMPORT,agent_activities.side_effects.ReconcileOutcome,src/agent_activities/runtime.py:48
src/agent_activities/runtime.py,src/agent_activities/side_effects.py,FROM_IMPORT,agent_activities.side_effects.ToolSideEffectReconciler,src/agent_activities/runtime.py:48
src/agent_activities/runtime.py,src/agent_activities/side_effects.py,FROM_IMPORT,agent_activities.side_effects.UnsupportedToolSideEffectReconciler,src/agent_activities/runtime.py:48
src/agent_activities/runtime.py,src/agent_activities/side_effects.py,FROM_IMPORT,agent_activities.side_effects.normalize_side_effect_class,src/agent_activities/runtime.py:48
src/agent_activities/runtime.py,src/agent_activities/store.py,FROM_IMPORT,agent_activities.store.AgentDataStore,src/agent_activities/runtime.py:56
src/agent_activities/runtime.py,src/agent_activities/store.py,FROM_IMPORT,agent_activities.store.StaleFencingToken,src/agent_activities/runtime.py:56
src/agent_activities/runtime.py,src/agent_activities/store.py,FROM_IMPORT,agent_activities.store.TranscriptVersionConflict,src/agent_activities/runtime.py:56
src/agent_activities/runtime.py,src/agent_execution/web_adapters.py,FROM_IMPORT,agent_execution.web_adapters.TemporalActivityControl,src/agent_activities/runtime.py:231
src/agent_activities/side_effects.py,external:__future__,FROM_IMPORT,__future__.annotations,src/agent_activities/side_effects.py:2
src/agent_activities/side_effects.py,external:dataclasses,FROM_IMPORT,dataclasses.dataclass,src/agent_activities/side_effects.py:4
src/agent_activities/side_effects.py,external:enum,FROM_IMPORT,enum.StrEnum,src/agent_activities/side_effects.py:5
src/agent_activities/side_effects.py,external:typing,FROM_IMPORT,typing.Any,src/agent_activities/side_effects.py:6
src/agent_activities/side_effects.py,external:typing,FROM_IMPORT,typing.Protocol,src/agent_activities/side_effects.py:6
src/agent_activities/store.py,external:__future__,FROM_IMPORT,__future__.annotations,src/agent_activities/store.py:6
src/agent_activities/store.py,external:dataclasses,FROM_IMPORT,dataclasses.dataclass,src/agent_activities/store.py:8
src/agent_activities/store.py,external:typing,FROM_IMPORT,typing.Any,src/agent_activities/store.py:9
src/agent_activities/store.py,external:uuid,FROM_IMPORT,uuid.UUID,src/agent_activities/store.py:10
src/agent_activities/store.py,external:psycopg.types.json,FROM_IMPORT,psycopg.types.json.Jsonb,src/agent_activities/store.py:12
src/agent_activities/store.py,src/persistence/uow.py,FROM_IMPORT,persistence.uow.UnitOfWork,src/agent_activities/store.py:14
src/agent_activities/store.py,src/persistence/uow.py,FROM_IMPORT,persistence.uow.retryable_transaction,src/agent_activities/store.py:14
src/agent_execution/audit.py,external:__future__,FROM_IMPORT,__future__.annotations,src/agent_execution/audit.py:2
src/agent_execution/audit.py,external:logging,IMPORT,logging,src/agent_execution/audit.py:4
src/agent_execution/audit.py,external:typing,FROM_IMPORT,typing.Any,src/agent_execution/audit.py:5
src/agent_execution/audit.py,external:typing,FROM_IMPORT,typing.Mapping,src/agent_execution/audit.py:5
src/agent_execution/audit.py,src/agent_execution/facade.py,FROM_IMPORT,agent_execution.facade.ExecutionAuditSink,src/agent_execution/audit.py:7
src/agent_execution/audit.py,src/agent_execution/facade.py,FROM_IMPORT,agent_execution.facade.ExecutionRequest,src/agent_execution/audit.py:7
src/agent_execution/brain_action_loop.py,external:__future__,FROM_IMPORT,__future__.annotations,src/agent_execution/brain_action_loop.py:2
src/agent_execution/brain_action_loop.py,external:asyncio,IMPORT,asyncio,src/agent_execution/brain_action_loop.py:4
src/agent_execution/brain_action_loop.py,external:logging,IMPORT,logging,src/agent_execution/brain_action_loop.py:5
src/agent_execution/brain_action_loop.py,external:re,IMPORT,re,src/agent_execution/brain_action_loop.py:6
src/agent_execution/brain_action_loop.py,external:time,IMPORT,time,src/agent_execution/brain_action_loop.py:7
src/agent_execution/brain_action_loop.py,external:datetime,FROM_IMPORT,datetime.UTC,src/agent_execution/brain_action_loop.py:8
src/agent_execution/brain_action_loop.py,external:datetime,FROM_IMPORT,datetime.datetime,src/agent_execution/brain_action_loop.py:8
src/agent_execution/brain_action_loop.py,external:datetime,FROM_IMPORT,datetime.timedelta,src/agent_execution/brain_action_loop.py:8
src/agent_execution/brain_action_loop.py,external:typing,FROM_IMPORT,typing.Any,src/agent_execution/brain_action_loop.py:9
src/agent_execution/brain_action_loop.py,src/actions/runtime.py,FROM_IMPORT,actions.runtime.ActionRuntime,src/agent_execution/brain_action_loop.py:11
src/agent_execution/brain_action_loop.py,src/agent_execution/tracing/__init__.py,FROM_IMPORT,agent_execution.tracing.model_observation_metadata,src/agent_execution/brain_action_loop.py:12
src/agent_execution/brain_action_loop.py,src/agent_execution/tracing/__init__.py,FROM_IMPORT,agent_execution.tracing.trace_end,src/agent_execution/brain_action_loop.py:12
src/agent_execution/brain_action_loop.py,src/agent_execution/tracing/__init__.py,FROM_IMPORT,agent_execution.tracing.trace_node_id,src/agent_execution/brain_action_loop.py:12
src/agent_execution/brain_action_loop.py,src/agent_execution/tracing/__init__.py,FROM_IMPORT,agent_execution.tracing.trace_start,src/agent_execution/brain_action_loop.py:12
src/agent_execution/brain_action_loop.py,src/brain/engine.py,FROM_IMPORT,brain.engine.BrainEngine,src/agent_execution/brain_action_loop.py:18
src/agent_execution/brain_action_loop.py,src/common/logging.py,FROM_IMPORT,common.logging.log_event,src/agent_execution/brain_action_loop.py:19
src/agent_execution/brain_action_loop.py,src/agent_execution/facade.py,FROM_IMPORT,agent_execution.facade.EventSink,src/agent_execution/brain_action_loop.py:21
src/agent_execution/brain_action_loop.py,src/agent_execution/facade.py,FROM_IMPORT,agent_execution.facade.ExecutionAuditSink,src/agent_execution/brain_action_loop.py:21
src/agent_execution/brain_action_loop.py,src/agent_execution/facade.py,FROM_IMPORT,agent_execution.facade.ExecutionControl,src/agent_execution/brain_action_loop.py:21
src/agent_execution/brain_action_loop.py,src/agent_execution/facade.py,FROM_IMPORT,agent_execution.facade.ExecutionRequest,src/agent_execution/brain_action_loop.py:21
src/agent_execution/brain_action_loop.py,src/agent_execution/facade.py,FROM_IMPORT,agent_execution.facade.ExecutionResult,src/agent_execution/brain_action_loop.py:21
src/agent_execution/brain_action_loop.py,src/agent_execution/facade.py,FROM_IMPORT,agent_execution.facade.StableExecutionFailure,src/agent_execution/brain_action_loop.py:21
src/agent_execution/facade.py,external:__future__,FROM_IMPORT,__future__.annotations,src/agent_execution/facade.py:2
src/agent_execution/facade.py,external:asyncio,IMPORT,asyncio,src/agent_execution/facade.py:4
src/agent_execution/facade.py,external:dataclasses,FROM_IMPORT,dataclasses.dataclass,src/agent_execution/facade.py:5
src/agent_execution/facade.py,external:datetime,FROM_IMPORT,datetime.datetime,src/agent_execution/facade.py:6
src/agent_execution/facade.py,external:typing,FROM_IMPORT,typing.Any,src/agent_execution/facade.py:7
src/agent_execution/facade.py,external:typing,FROM_IMPORT,typing.Mapping,src/agent_execution/facade.py:7
src/agent_execution/facade.py,external:typing,FROM_IMPORT,typing.Protocol,src/agent_execution/facade.py:7
src/agent_execution/facade.py,external:typing,FROM_IMPORT,typing.Sequence,src/agent_execution/facade.py:7
src/agent_execution/model_budget_context.py,external:__future__,FROM_IMPORT,__future__.annotations,src/agent_execution/model_budget_context.py:2
src/agent_execution/model_budget_context.py,external:hashlib,IMPORT,hashlib,src/agent_execution/model_budget_context.py:4
src/agent_execution/model_budget_context.py,external:contextlib,FROM_IMPORT,contextlib.contextmanager,src/agent_execution/model_budget_context.py:5
src/agent_execution/model_budget_context.py,external:contextvars,FROM_IMPORT,contextvars.ContextVar,src/agent_execution/model_budget_context.py:6
src/agent_execution/model_budget_context.py,external:dataclasses,FROM_IMPORT,dataclasses.dataclass,src/agent_execution/model_budget_context.py:7
src/agent_execution/model_budget_context.py,external:typing,FROM_IMPORT,typing.Any,src/agent_execution/model_budget_context.py:8
src/agent_execution/model_budget_context.py,external:typing,FROM_IMPORT,typing.Iterator,src/agent_execution/model_budget_context.py:8
src/agent_execution/qq_host.py,external:__future__,FROM_IMPORT,__future__.annotations,src/agent_execution/qq_host.py:2
src/agent_execution/qq_host.py,external:hashlib,IMPORT,hashlib,src/agent_execution/qq_host.py:4
src/agent_execution/qq_host.py,external:logging,IMPORT,logging,src/agent_execution/qq_host.py:5
src/agent_execution/qq_host.py,external:time,IMPORT,time,src/agent_execution/qq_host.py:6
src/agent_execution/qq_host.py,external:dataclasses,FROM_IMPORT,dataclasses.dataclass,src/agent_execution/qq_host.py:7
src/agent_execution/qq_host.py,external:datetime,FROM_IMPORT,datetime.UTC,src/agent_execution/qq_host.py:8
src/agent_execution/qq_host.py,external:datetime,FROM_IMPORT,datetime.datetime,src/agent_execution/qq_host.py:8
src/agent_execution/qq_host.py,external:typing,FROM_IMPORT,typing.Any,src/agent_execution/qq_host.py:9
src/agent_execution/qq_host.py,external:typing,FROM_IMPORT,typing.Mapping,src/agent_execution/qq_host.py:9
src/agent_execution/qq_host.py,external:typing,FROM_IMPORT,typing.Protocol,src/agent_execution/qq_host.py:9
src/agent_execution/qq_host.py,external:typing,FROM_IMPORT,typing.Sequence,src/agent_execution/qq_host.py:9
src/agent_execution/qq_host.py,external:uuid,FROM_IMPORT,uuid.UUID,src/agent_execution/qq_host.py:10
src/agent_execution/qq_host.py,external:uuid,FROM_IMPORT,uuid.uuid5,src/agent_execution/qq_host.py:10
src/agent_execution/qq_host.py,src/common/logging.py,FROM_IMPORT,common.logging.log_event,src/agent_execution/qq_host.py:12
src/agent_execution/qq_host.py,src/agent_execution/facade.py,FROM_IMPORT,agent_execution.facade.AgentExecutionFacade,src/agent_execution/qq_host.py:14
src/agent_execution/qq_host.py,src/agent_execution/facade.py,FROM_IMPORT,agent_execution.facade.EventSink,src/agent_execution/qq_host.py:14
src/agent_execution/qq_host.py,src/agent_execution/facade.py,FROM_IMPORT,agent_execution.facade.ExecutionAuditSinkFactory,src/agent_execution/qq_host.py:14
src/agent_execution/qq_host.py,src/agent_execution/facade.py,FROM_IMPORT,agent_execution.facade.ExecutionControl,src/agent_execution/qq_host.py:14
src/agent_execution/qq_host.py,src/agent_execution/facade.py,FROM_IMPORT,agent_execution.facade.ExecutionRequest,src/agent_execution/qq_host.py:14
src/agent_execution/qq_host.py,src/agent_execution/facade.py,FROM_IMPORT,agent_execution.facade.ExecutionResult,src/agent_execution/qq_host.py:14
src/agent_execution/qq_host.py,src/agent_execution/facade.py,FROM_IMPORT,agent_execution.facade.StableExecutionFailure,src/agent_execution/qq_host.py:14
src/agent_execution/qq_host.py,src/common/types.py,FROM_IMPORT,common.types.ChannelType,src/agent_execution/qq_host.py:139
src/agent_execution/qq_host.py,src/common/types.py,FROM_IMPORT,common.types.Event,src/agent_execution/qq_host.py:535
src/agent_execution/qq_host.py,src/common/types.py,FROM_IMPORT,common.types.EventType,src/agent_execution/qq_host.py:535
src/agent_execution/run_budget.py,external:__future__,FROM_IMPORT,__future__.annotations,src/agent_execution/run_budget.py:2
src/agent_execution/run_budget.py,external:json,IMPORT,json,src/agent_execution/run_budget.py:4
src/agent_execution/run_budget.py,external:collections.abc,FROM_IMPORT,collections.abc.Mapping,src/agent_execution/run_budget.py:5
src/agent_execution/run_budget.py,external:dataclasses,FROM_IMPORT,dataclasses.dataclass,src/agent_execution/run_budget.py:6
src/agent_execution/run_budget.py,external:typing,FROM_IMPORT,typing.Any,src/agent_execution/run_budget.py:7
src/agent_execution/run_budget.py,external:typing,FROM_IMPORT,typing.cast,src/agent_execution/run_budget.py:7
src/agent_execution/run_budget.py,external:uuid,FROM_IMPORT,uuid.UUID,src/agent_execution/run_budget.py:8
src/agent_execution/run_budget.py,src/persistence/uow.py,FROM_IMPORT,persistence.uow.UnitOfWork,src/agent_execution/run_budget.py:10
src/agent_execution/run_budget.py,src/persistence/uow.py,FROM_IMPORT,persistence.uow.retryable_transaction,src/agent_execution/run_budget.py:10
src/agent_execution/tracing/__init__.py,src/agent_execution/tracing/context.py,FROM_IMPORT,agent_execution.tracing.context.TraceContext,src/agent_execution/tracing/__init__.py:3
src/agent_execution/tracing/__init__.py,src/agent_execution/tracing/context.py,FROM_IMPORT,agent_execution.tracing.context.current_trace_context,src/agent_execution/tracing/__init__.py:3
src/agent_execution/tracing/__init__.py,src/agent_execution/tracing/context.py,FROM_IMPORT,agent_execution.tracing.context.trace_context,src/agent_execution/tracing/__init__.py:3
src/agent_execution/tracing/__init__.py,src/agent_execution/tracing/context.py,FROM_IMPORT,agent_execution.tracing.context.trace_node_id,src/agent_execution/tracing/__init__.py:3
src/agent_execution/tracing/__init__.py,src/agent_execution/tracing/instrumentation.py,FROM_IMPORT,agent_execution.tracing.instrumentation.model_observation_metadata,src/agent_execution/tracing/__init__.py:4
src/agent_execution/tracing/__init__.py,src/agent_execution/tracing/instrumentation.py,FROM_IMPORT,agent_execution.tracing.instrumentation.trace_end,src/agent_execution/tracing/__init__.py:4
src/agent_execution/tracing/__init__.py,src/agent_execution/tracing/instrumentation.py,FROM_IMPORT,agent_execution.tracing.instrumentation.trace_start,src/agent_execution/tracing/__init__.py:4
src/agent_execution/tracing/__init__.py,src/agent_execution/tracing/lifecycle.py,FROM_IMPORT,agent_execution.tracing.lifecycle.TraceLifecycleObserver,src/agent_execution/tracing/__init__.py:5
src/agent_execution/tracing/__init__.py,src/agent_execution/tracing/metadata.py,FROM_IMPORT,agent_execution.tracing.metadata.sanitize_trace_metadata,src/agent_execution/tracing/__init__.py:6
src/agent_execution/tracing/__init__.py,src/agent_execution/tracing/metadata.py,FROM_IMPORT,agent_execution.tracing.metadata.sanitize_trace_run_metadata,src/agent_execution/tracing/__init__.py:6
src/agent_execution/tracing/__init__.py,src/agent_execution/tracing/models.py,FROM_IMPORT,agent_execution.tracing.models.TraceEvent,src/agent_execution/tracing/__init__.py:7
src/agent_execution/tracing/__init__.py,src/agent_execution/tracing/models.py,FROM_IMPORT,agent_execution.tracing.models.TraceEventNode,src/agent_execution/tracing/__init__.py:7
src/agent_execution/tracing/__init__.py,src/agent_execution/tracing/models.py,FROM_IMPORT,agent_execution.tracing.models.TraceRun,src/agent_execution/tracing/__init__.py:7
src/agent_execution/tracing/__init__.py,src/agent_execution/tracing/models.py,FROM_IMPORT,agent_execution.tracing.models.TraceTree,src/agent_execution/tracing/__init__.py:7
src/agent_execution/tracing/__init__.py,src/agent_execution/tracing/repository.py,FROM_IMPORT,agent_execution.tracing.repository.PostgresTraceRepository,src/agent_execution/tracing/__init__.py:8
src/agent_execution/tracing/__init__.py,src/agent_execution/tracing/sink.py,FROM_IMPORT,agent_execution.tracing.sink.TraceEventSink,src/agent_execution/tracing/__init__.py:9
src/agent_execution/tracing/__init__.py,src/agent_execution/tracing/sink.py,FROM_IMPORT,agent_execution.tracing.sink.TracingWebEventSinkFactory,src/agent_execution/tracing/__init__.py:9
src/agent_execution/tracing/context.py,external:__future__,FROM_IMPORT,__future__.annotations,src/agent_execution/tracing/context.py:1
src/agent_execution/tracing/context.py,external:contextlib,FROM_IMPORT,contextlib.contextmanager,src/agent_execution/tracing/context.py:3
src/agent_execution/tracing/context.py,external:contextvars,FROM_IMPORT,contextvars.ContextVar,src/agent_execution/tracing/context.py:4
src/agent_execution/tracing/context.py,external:dataclasses,FROM_IMPORT,dataclasses.dataclass,src/agent_execution/tracing/context.py:5
src/agent_execution/tracing/context.py,external:typing,FROM_IMPORT,typing.Iterator,src/agent_execution/tracing/context.py:6
src/agent_execution/tracing/context.py,external:uuid,FROM_IMPORT,uuid.UUID,src/agent_execution/tracing/context.py:7
src/agent_execution/tracing/context.py,external:uuid,FROM_IMPORT,uuid.uuid5,src/agent_execution/tracing/context.py:7
src/agent_execution/tracing/instrumentation.py,external:__future__,FROM_IMPORT,__future__.annotations,src/agent_execution/tracing/instrumentation.py:1
src/agent_execution/tracing/instrumentation.py,external:logging,IMPORT,logging,src/agent_execution/tracing/instrumentation.py:3
src/agent_execution/tracing/instrumentation.py,external:collections.abc,FROM_IMPORT,collections.abc.Mapping,src/agent_execution/tracing/instrumentation.py:4
src/agent_execution/tracing/instrumentation.py,external:typing,FROM_IMPORT,typing.Any,src/agent_execution/tracing/instrumentation.py:5
src/agent_execution/tracing/lifecycle.py,external:__future__,FROM_IMPORT,__future__.annotations,src/agent_execution/tracing/lifecycle.py:1
src/agent_execution/tracing/lifecycle.py,external:collections.abc,FROM_IMPORT,collections.abc.Mapping,src/agent_execution/tracing/lifecycle.py:3
src/agent_execution/tracing/lifecycle.py,external:typing,FROM_IMPORT,typing.Any,src/agent_execution/tracing/lifecycle.py:4
src/agent_execution/tracing/lifecycle.py,external:typing,FROM_IMPORT,typing.Callable,src/agent_execution/tracing/lifecycle.py:4
src/agent_execution/tracing/lifecycle.py,external:typing,FROM_IMPORT,typing.Protocol,src/agent_execution/tracing/lifecycle.py:4
src/agent_execution/tracing/lifecycle.py,external:uuid,FROM_IMPORT,uuid.UUID,src/agent_execution/tracing/lifecycle.py:5
src/agent_execution/tracing/lifecycle.py,src/agent_execution/tracing/context.py,FROM_IMPORT,agent_execution.tracing.context.trace_node_id,src/agent_execution/tracing/lifecycle.py:7
src/agent_execution/tracing/metadata.py,external:__future__,FROM_IMPORT,__future__.annotations,src/agent_execution/tracing/metadata.py:2
src/agent_execution/tracing/metadata.py,external:json,IMPORT,json,src/agent_execution/tracing/metadata.py:4
src/agent_execution/tracing/metadata.py,external:collections.abc,FROM_IMPORT,collections.abc.Mapping,src/agent_execution/tracing/metadata.py:5
src/agent_execution/tracing/metadata.py,external:typing,FROM_IMPORT,typing.Any,src/agent_execution/tracing/metadata.py:6
src/agent_execution/tracing/models.py,external:__future__,FROM_IMPORT,__future__.annotations,src/agent_execution/tracing/models.py:1
src/agent_execution/tracing/models.py,external:dataclasses,FROM_IMPORT,dataclasses.dataclass,src/agent_execution/tracing/models.py:3
src/agent_execution/tracing/models.py,external:datetime,FROM_IMPORT,datetime.datetime,src/agent_execution/tracing/models.py:4
src/agent_execution/tracing/models.py,external:typing,FROM_IMPORT,typing.Any,src/agent_execution/tracing/models.py:5
src/agent_execution/tracing/models.py,external:typing,FROM_IMPORT,typing.Mapping,src/agent_execution/tracing/models.py:5
src/agent_execution/tracing/models.py,external:uuid,FROM_IMPORT,uuid.UUID,src/agent_execution/tracing/models.py:6
src/agent_execution/tracing/repository.py,external:__future__,FROM_IMPORT,__future__.annotations,src/agent_execution/tracing/repository.py:1
src/agent_execution/tracing/repository.py,external:collections,FROM_IMPORT,collections.defaultdict,src/agent_execution/tracing/repository.py:3
src/agent_execution/tracing/repository.py,external:collections.abc,FROM_IMPORT,collections.abc.Mapping,src/agent_execution/tracing/repository.py:4
src/agent_execution/tracing/repository.py,external:typing,FROM_IMPORT,typing.Any,src/agent_execution/tracing/repository.py:5
src/agent_execution/tracing/repository.py,external:typing,FROM_IMPORT,typing.cast,src/agent_execution/tracing/repository.py:5
src/agent_execution/tracing/repository.py,external:uuid,FROM_IMPORT,uuid.UUID,src/agent_execution/tracing/repository.py:6
src/agent_execution/tracing/repository.py,external:psycopg.types.json,FROM_IMPORT,psycopg.types.json.Jsonb,src/agent_execution/tracing/repository.py:8
src/agent_execution/tracing/repository.py,external:uuid6,FROM_IMPORT,uuid6.uuid7,src/agent_execution/tracing/repository.py:9
src/agent_execution/tracing/repository.py,src/persistence/uow.py,FROM_IMPORT,persistence.uow.UnitOfWork,src/agent_execution/tracing/repository.py:11
src/agent_execution/tracing/repository.py,src/persistence/uow.py,FROM_IMPORT,persistence.uow.retryable_transaction,src/agent_execution/tracing/repository.py:11
src/agent_execution/tracing/repository.py,src/agent_execution/tracing/metadata.py,FROM_IMPORT,agent_execution.tracing.metadata.sanitize_trace_metadata,src/agent_execution/tracing/repository.py:13
src/agent_execution/tracing/repository.py,src/agent_execution/tracing/metadata.py,FROM_IMPORT,agent_execution.tracing.metadata.sanitize_trace_run_metadata,src/agent_execution/tracing/repository.py:13
src/agent_execution/tracing/repository.py,src/agent_execution/tracing/models.py,FROM_IMPORT,agent_execution.tracing.models.TraceEvent,src/agent_execution/tracing/repository.py:14
src/agent_execution/tracing/repository.py,src/agent_execution/tracing/models.py,FROM_IMPORT,agent_execution.tracing.models.TraceEventNode,src/agent_execution/tracing/repository.py:14
src/agent_execution/tracing/repository.py,src/agent_execution/tracing/models.py,FROM_IMPORT,agent_execution.tracing.models.TraceRun,src/agent_execution/tracing/repository.py:14
src/agent_execution/tracing/repository.py,src/agent_execution/tracing/models.py,FROM_IMPORT,agent_execution.tracing.models.TraceTree,src/agent_execution/tracing/repository.py:14
src/agent_execution/tracing/sink.py,external:__future__,FROM_IMPORT,__future__.annotations,src/agent_execution/tracing/sink.py:1
src/agent_execution/tracing/sink.py,external:asyncio,IMPORT,asyncio,src/agent_execution/tracing/sink.py:3
src/agent_execution/tracing/sink.py,external:logging,IMPORT,logging,src/agent_execution/tracing/sink.py:4
src/agent_execution/tracing/sink.py,external:collections.abc,FROM_IMPORT,collections.abc.Mapping,src/agent_execution/tracing/sink.py:5
src/agent_execution/tracing/sink.py,external:typing,FROM_IMPORT,typing.Any,src/agent_execution/tracing/sink.py:6
src/agent_execution/tracing/sink.py,external:typing,FROM_IMPORT,typing.Protocol,src/agent_execution/tracing/sink.py:6
src/agent_execution/tracing/sink.py,external:uuid,FROM_IMPORT,uuid.UUID,src/agent_execution/tracing/sink.py:7
src/agent_execution/tracing/sink.py,src/agent_execution/facade.py,FROM_IMPORT,agent_execution.facade.EventSink,src/agent_execution/tracing/sink.py:9
src/agent_execution/tracing/sink.py,src/agent_execution/tracing/context.py,FROM_IMPORT,agent_execution.tracing.context.trace_node_id,src/agent_execution/tracing/sink.py:11
src/agent_execution/tracing/sink.py,src/agent_execution/tracing/metadata.py,FROM_IMPORT,agent_execution.tracing.metadata.sanitize_trace_metadata,src/agent_execution/tracing/sink.py:12
src/agent_execution/web_adapters.py,external:__future__,FROM_IMPORT,__future__.annotations,src/agent_execution/web_adapters.py:2
src/agent_execution/web_adapters.py,external:asyncio,IMPORT,asyncio,src/agent_execution/web_adapters.py:4
src/agent_execution/web_adapters.py,external:logging,IMPORT,logging,src/agent_execution/web_adapters.py:5
src/agent_execution/web_adapters.py,external:time,IMPORT,time,src/agent_execution/web_adapters.py:6
src/agent_execution/web_adapters.py,external:datetime,FROM_IMPORT,datetime.UTC,src/agent_execution/web_adapters.py:7
src/agent_execution/web_adapters.py,external:datetime,FROM_IMPORT,datetime.datetime,src/agent_execution/web_adapters.py:7
src/agent_execution/web_adapters.py,external:uuid,FROM_IMPORT,uuid.UUID,src/agent_execution/web_adapters.py:8
src/agent_execution/web_adapters.py,external:temporalio,FROM_IMPORT,temporalio.activity,src/agent_execution/web_adapters.py:10
src/agent_execution/web_adapters.py,src/application/context_assembly.py,FROM_IMPORT,application.context_assembly.ContextAssemblyService,src/agent_execution/web_adapters.py:12
src/agent_execution/web_adapters.py,src/application/context_assembly.py,FROM_IMPORT,application.context_assembly.ContextIsolationError,src/agent_execution/web_adapters.py:12
src/agent_execution/web_adapters.py,src/application/context_assembly.py,FROM_IMPORT,application.context_assembly.WebContextBase,src/agent_execution/web_adapters.py:12
src/agent_execution/web_adapters.py,src/common/logging.py,FROM_IMPORT,common.logging.log_event,src/agent_execution/web_adapters.py:17
src/agent_execution/web_adapters.py,src/web_domain/lifecycle.py,FROM_IMPORT,web_domain.lifecycle.WebRunLifecycleService,src/agent_execution/web_adapters.py:18
src/agent_execution/web_adapters.py,src/agent_execution/facade.py,FROM_IMPORT,agent_execution.facade.ExecutionRequest,src/agent_execution/web_adapters.py:20
src/agent_execution/web_adapters.py,src/agent_execution/facade.py,FROM_IMPORT,agent_execution.facade.ExecutionResult,src/agent_execution/web_adapters.py:20
src/agent_execution/web_adapters.py,src/agent_execution/facade.py,FROM_IMPORT,agent_execution.facade.StableExecutionFailure,src/agent_execution/web_adapters.py:20
src/agent_execution/web_adapters.py,src/persistence/uow.py,FROM_IMPORT,persistence.uow.UnitOfWork,src/agent_execution/web_adapters.py:51
src/agent_execution/web_events.py,external:__future__,FROM_IMPORT,__future__.annotations,src/agent_execution/web_events.py:10
src/agent_execution/web_events.py,external:json,IMPORT,json,src/agent_execution/web_events.py:12
src/agent_execution/web_events.py,external:logging,IMPORT,logging,src/agent_execution/web_events.py:13
src/agent_execution/web_events.py,external:collections.abc,FROM_IMPORT,collections.abc.Mapping,src/agent_execution/web_events.py:14
src/agent_execution/web_events.py,external:datetime,FROM_IMPORT,datetime.UTC,src/agent_execution/web_events.py:15
src/agent_execution/web_events.py,external:datetime,FROM_IMPORT,datetime.datetime,src/agent_execution/web_events.py:15
src/agent_execution/web_events.py,external:typing,FROM_IMPORT,typing.Any,src/agent_execution/web_events.py:16
src/agent_execution/web_events.py,external:typing,FROM_IMPORT,typing.Protocol,src/agent_execution/web_events.py:16
src/agent_execution/web_events.py,external:uuid,FROM_IMPORT,uuid.uuid4,src/agent_execution/web_events.py:17
src/agent_execution/web_events.py,external:uuid6,FROM_IMPORT,uuid6.uuid7,src/agent_execution/web_events.py:19
src/agent_execution/web_events.py,external:time,IMPORT,time,src/agent_execution/web_events.py:169
src/agent_execution/web_host.py,external:__future__,FROM_IMPORT,__future__.annotations,src/agent_execution/web_host.py:2
src/agent_execution/web_host.py,external:asyncio,IMPORT,asyncio,src/agent_execution/web_host.py:4
src/agent_execution/web_host.py,external:logging,IMPORT,logging,src/agent_execution/web_host.py:5
src/agent_execution/web_host.py,external:time,IMPORT,time,src/agent_execution/web_host.py:6
src/agent_execution/web_host.py,external:typing,FROM_IMPORT,typing.Protocol,src/agent_execution/web_host.py:7
src/agent_execution/web_host.py,external:uuid,FROM_IMPORT,uuid.UUID,src/agent_execution/web_host.py:8
src/agent_execution/web_host.py,src/agent_execution/tracing/__init__.py,FROM_IMPORT,agent_execution.tracing.trace_end,src/agent_execution/web_host.py:10
src/agent_execution/web_host.py,src/agent_execution/tracing/__init__.py,FROM_IMPORT,agent_execution.tracing.trace_node_id,src/agent_execution/web_host.py:10
src/agent_execution/web_host.py,src/agent_execution/tracing/__init__.py,FROM_IMPORT,agent_execution.tracing.trace_start,src/agent_execution/web_host.py:10
src/agent_execution/web_host.py,src/common/logging.py,FROM_IMPORT,common.logging.log_event,src/agent_execution/web_host.py:11
src/agent_execution/web_host.py,src/workspace/isolation.py,FROM_IMPORT,workspace.isolation.WorkspaceRecoveryRequired,src/agent_execution/web_host.py:12
src/agent_execution/web_host.py,src/agent_execution/facade.py,FROM_IMPORT,agent_execution.facade.AgentExecutionFacade,src/agent_execution/web_host.py:14
src/agent_execution/web_host.py,src/agent_execution/facade.py,FROM_IMPORT,agent_execution.facade.EventSink,src/agent_execution/web_host.py:14
src/agent_execution/web_host.py,src/agent_execution/facade.py,FROM_IMPORT,agent_execution.facade.ExecutionAuditSinkFactory,src/agent_execution/web_host.py:14
src/agent_execution/web_host.py,src/agent_execution/facade.py,FROM_IMPORT,agent_execution.facade.ExecutionControl,src/agent_execution/web_host.py:14
src/agent_execution/web_host.py,src/agent_execution/facade.py,FROM_IMPORT,agent_execution.facade.ExecutionRequest,src/agent_execution/web_host.py:14
src/agent_execution/web_host.py,src/agent_execution/facade.py,FROM_IMPORT,agent_execution.facade.ExecutionResult,src/agent_execution/web_host.py:14
src/agent_execution/web_host.py,src/agent_execution/facade.py,FROM_IMPORT,agent_execution.facade.StableExecutionFailure,src/agent_execution/web_host.py:14
src/agent_workflows/agent_run.py,external:__future__,FROM_IMPORT,__future__.annotations,src/agent_workflows/agent_run.py:2
src/agent_workflows/agent_run.py,external:typing,FROM_IMPORT,typing.Any,src/agent_workflows/agent_run.py:4
src/agent_workflows/agent_run.py,external:typing,FROM_IMPORT,typing.cast,src/agent_workflows/agent_run.py:4
src/agent_workflows/agent_run.py,external:temporalio,FROM_IMPORT,temporalio.workflow,src/agent_workflows/agent_run.py:6
src/agent_workflows/agent_run.py,external:temporalio.exceptions,FROM_IMPORT,temporalio.exceptions.ApplicationError,src/agent_workflows/agent_run.py:7
src/agent_workflows/agent_run.py,src/agent_workflows/contracts.py,FROM_IMPORT,agent_workflows.contracts.AGENT_STRATEGY_PLAN,src/agent_workflows/agent_run.py:9
src/agent_workflows/agent_run.py,src/agent_workflows/contracts.py,FROM_IMPORT,agent_workflows.contracts.AGENT_STRATEGY_REACT,src/agent_workflows/agent_run.py:9
src/agent_workflows/agent_run.py,src/agent_workflows/contracts.py,FROM_IMPORT,agent_workflows.contracts.AGENT_TASK_QUEUE,src/agent_workflows/agent_run.py:9
src/agent_workflows/agent_run.py,src/agent_workflows/contracts.py,FROM_IMPORT,agent_workflows.contracts.AgentResult,src/agent_workflows/agent_run.py:9
src/agent_workflows/agent_run.py,src/agent_workflows/contracts.py,FROM_IMPORT,agent_workflows.contracts.AgentRunInput,src/agent_workflows/agent_run.py:9
src/agent_workflows/agent_run.py,src/agent_workflows/plan_execute.py,FROM_IMPORT,agent_workflows.plan_execute.PlanAndExecuteWorkflow,src/agent_workflows/agent_run.py:16
src/agent_workflows/agent_run.py,src/agent_workflows/react.py,FROM_IMPORT,agent_workflows.react.ReactAgentWorkflow,src/agent_workflows/agent_run.py:17
src/agent_workflows/agent_run.py,src/agent_workflows/react.py,FROM_IMPORT,agent_workflows.react._validate,src/agent_workflows/agent_run.py:17
src/agent_workflows/agent_step.py,external:__future__,FROM_IMPORT,__future__.annotations,src/agent_workflows/agent_step.py:2
src/agent_workflows/agent_step.py,external:datetime,FROM_IMPORT,datetime.timedelta,src/agent_workflows/agent_step.py:4
src/agent_workflows/agent_step.py,external:temporalio,FROM_IMPORT,temporalio.workflow,src/agent_workflows/agent_step.py:6
src/agent_workflows/agent_step.py,src/agent_workflows/contracts.py,FROM_IMPORT,agent_workflows.contracts.AGENT_SCHEMA_VERSION,src/agent_workflows/agent_step.py:8
src/agent_workflows/agent_step.py,src/agent_workflows/contracts.py,FROM_IMPORT,agent_workflows.contracts.AGENT_TASK_QUEUE,src/agent_workflows/agent_step.py:8
src/agent_workflows/agent_step.py,src/agent_workflows/contracts.py,FROM_IMPORT,agent_workflows.contracts.AgentStepInput,src/agent_workflows/agent_step.py:8
src/agent_workflows/agent_step.py,src/agent_workflows/contracts.py,FROM_IMPORT,agent_workflows.contracts.AgentStepResult,src/agent_workflows/agent_step.py:8
src/agent_workflows/agent_step.py,src/agent_workflows/contracts.py,FROM_IMPORT,agent_workflows.contracts.ModelDecisionInput,src/agent_workflows/agent_step.py:8
src/agent_workflows/agent_step.py,src/agent_workflows/contracts.py,FROM_IMPORT,agent_workflows.contracts.ModelDecisionResult,src/agent_workflows/agent_step.py:8
src/agent_workflows/agent_step.py,src/agent_workflows/contracts.py,FROM_IMPORT,agent_workflows.contracts.ToolExecutionInput,src/agent_workflows/agent_step.py:8
src/agent_workflows/agent_step.py,src/agent_workflows/contracts.py,FROM_IMPORT,agent_workflows.contracts.ToolExecutionResult,src/agent_workflows/agent_step.py:8
src/agent_workflows/agent_step.py,src/agent_workflows/react.py,FROM_IMPORT,agent_workflows.react._MODEL_RETRY,src/agent_workflows/agent_step.py:18
src/agent_workflows/agent_step.py,src/agent_workflows/react.py,FROM_IMPORT,agent_workflows.react._validate,src/agent_workflows/agent_step.py:18
src/agent_workflows/agent_step.py,src/agent_workflows/tool_execution.py,FROM_IMPORT,agent_workflows.tool_execution.ToolExecutionWorkflow,src/agent_workflows/agent_step.py:19
src/agent_workflows/agent_step.py,src/agent_workflows/tool_execution.py,FROM_IMPORT,agent_workflows.tool_execution.tool_execution_workflow_id,src/agent_workflows/agent_step.py:19
src/agent_workflows/contracts.py,external:__future__,FROM_IMPORT,__future__.annotations,src/agent_workflows/contracts.py:2
src/agent_workflows/contracts.py,external:dataclasses,FROM_IMPORT,dataclasses.dataclass,src/agent_workflows/contracts.py:4
src/agent_workflows/contracts.py,external:typing,FROM_IMPORT,typing.Literal,src/agent_workflows/contracts.py:5
src/agent_workflows/plan_execute.py,external:__future__,FROM_IMPORT,__future__.annotations,src/agent_workflows/plan_execute.py:2
src/agent_workflows/plan_execute.py,external:datetime,FROM_IMPORT,datetime.timedelta,src/agent_workflows/plan_execute.py:4
src/agent_workflows/plan_execute.py,external:temporalio,FROM_IMPORT,temporalio.workflow,src/agent_workflows/plan_execute.py:6
src/agent_workflows/plan_execute.py,external:temporalio.exceptions,FROM_IMPORT,temporalio.exceptions.ApplicationError,src/agent_workflows/plan_execute.py:7
src/agent_workflows/plan_execute.py,src/agent_workflows/agent_step.py,FROM_IMPORT,agent_workflows.agent_step.AgentStepWorkflow,src/agent_workflows/plan_execute.py:9
src/agent_workflows/plan_execute.py,src/agent_workflows/contracts.py,FROM_IMPORT,agent_workflows.contracts.AGENT_SCHEMA_VERSION,src/agent_workflows/plan_execute.py:10
src/agent_workflows/plan_execute.py,src/agent_workflows/contracts.py,FROM_IMPORT,agent_workflows.contracts.AGENT_TASK_QUEUE,src/agent_workflows/plan_execute.py:10
src/agent_workflows/plan_execute.py,src/agent_workflows/contracts.py,FROM_IMPORT,agent_workflows.contracts.AgentResult,src/agent_workflows/plan_execute.py:10
src/agent_workflows/plan_execute.py,src/agent_workflows/contracts.py,FROM_IMPORT,agent_workflows.contracts.AgentRunInput,src/agent_workflows/plan_execute.py:10
src/agent_workflows/plan_execute.py,src/agent_workflows/contracts.py,FROM_IMPORT,agent_workflows.contracts.AgentStepInput,src/agent_workflows/plan_execute.py:10
src/agent_workflows/plan_execute.py,src/agent_workflows/contracts.py,FROM_IMPORT,agent_workflows.contracts.ModelDecisionInput,src/agent_workflows/plan_execute.py:10
src/agent_workflows/plan_execute.py,src/agent_workflows/contracts.py,FROM_IMPORT,agent_workflows.contracts.ModelDecisionResult,src/agent_workflows/plan_execute.py:10
src/agent_workflows/plan_execute.py,src/agent_workflows/contracts.py,FROM_IMPORT,agent_workflows.contracts.PlanEvaluationInput,src/agent_workflows/plan_execute.py:10
src/agent_workflows/plan_execute.py,src/agent_workflows/contracts.py,FROM_IMPORT,agent_workflows.contracts.PlanEvaluationResult,src/agent_workflows/plan_execute.py:10
src/agent_workflows/plan_execute.py,src/agent_workflows/contracts.py,FROM_IMPORT,agent_workflows.contracts.PlanningInput,src/agent_workflows/plan_execute.py:10
src/agent_workflows/plan_execute.py,src/agent_workflows/contracts.py,FROM_IMPORT,agent_workflows.contracts.PlanningResult,src/agent_workflows/plan_execute.py:10
src/agent_workflows/plan_execute.py,src/agent_workflows/react.py,FROM_IMPORT,agent_workflows.react._MODEL_RETRY,src/agent_workflows/plan_execute.py:23
src/agent_workflows/plan_execute.py,src/agent_workflows/react.py,FROM_IMPORT,agent_workflows.react._validate,src/agent_workflows/plan_execute.py:23
src/agent_workflows/plan_execute.py,src/agent_workflows/react.py,FROM_IMPORT,agent_workflows.react.bootstrap,src/agent_workflows/plan_execute.py:23
src/agent_workflows/react.py,external:__future__,FROM_IMPORT,__future__.annotations,src/agent_workflows/react.py:2
src/agent_workflows/react.py,external:datetime,FROM_IMPORT,datetime.timedelta,src/agent_workflows/react.py:4
src/agent_workflows/react.py,external:temporalio,FROM_IMPORT,temporalio.workflow,src/agent_workflows/react.py:6
src/agent_workflows/react.py,external:temporalio.common,FROM_IMPORT,temporalio.common.RetryPolicy,src/agent_workflows/react.py:7
src/agent_workflows/react.py,external:temporalio.exceptions,FROM_IMPORT,temporalio.exceptions.ApplicationError,src/agent_workflows/react.py:8
src/agent_workflows/react.py,src/agent_workflows/contracts.py,FROM_IMPORT,agent_workflows.contracts.AGENT_SCHEMA_VERSION,src/agent_workflows/react.py:10
src/agent_workflows/react.py,src/agent_workflows/contracts.py,FROM_IMPORT,agent_workflows.contracts.AGENT_TASK_QUEUE,src/agent_workflows/react.py:10
src/agent_workflows/react.py,src/agent_workflows/contracts.py,FROM_IMPORT,agent_workflows.contracts.AgentResult,src/agent_workflows/react.py:10
src/agent_workflows/react.py,src/agent_workflows/contracts.py,FROM_IMPORT,agent_workflows.contracts.AgentRunInput,src/agent_workflows/react.py:10
src/agent_workflows/react.py,src/agent_workflows/contracts.py,FROM_IMPORT,agent_workflows.contracts.ContextBootstrapInput,src/agent_workflows/react.py:10
src/agent_workflows/react.py,src/agent_workflows/contracts.py,FROM_IMPORT,agent_workflows.contracts.ContextBootstrapResult,src/agent_workflows/react.py:10
src/agent_workflows/react.py,src/agent_workflows/contracts.py,FROM_IMPORT,agent_workflows.contracts.ModelDecisionInput,src/agent_workflows/react.py:10
src/agent_workflows/react.py,src/agent_workflows/contracts.py,FROM_IMPORT,agent_workflows.contracts.ModelDecisionResult,src/agent_workflows/react.py:10
src/agent_workflows/react.py,src/agent_workflows/contracts.py,FROM_IMPORT,agent_workflows.contracts.ToolExecutionInput,src/agent_workflows/react.py:10
src/agent_workflows/react.py,src/agent_workflows/contracts.py,FROM_IMPORT,agent_workflows.contracts.ToolExecutionResult,src/agent_workflows/react.py:10
src/agent_workflows/react.py,src/agent_workflows/tool_execution.py,FROM_IMPORT,agent_workflows.tool_execution.ToolExecutionWorkflow,src/agent_workflows/react.py:22
src/agent_workflows/react.py,src/agent_workflows/tool_execution.py,FROM_IMPORT,agent_workflows.tool_execution.tool_execution_workflow_id,src/agent_workflows/react.py:22
src/agent_workflows/tool_execution.py,external:__future__,FROM_IMPORT,__future__.annotations,src/agent_workflows/tool_execution.py:2
src/agent_workflows/tool_execution.py,external:hashlib,IMPORT,hashlib,src/agent_workflows/tool_execution.py:4
src/agent_workflows/tool_execution.py,external:datetime,FROM_IMPORT,datetime.datetime,src/agent_workflows/tool_execution.py:5
src/agent_workflows/tool_execution.py,external:datetime,FROM_IMPORT,datetime.timedelta,src/agent_workflows/tool_execution.py:5
src/agent_workflows/tool_execution.py,external:temporalio,FROM_IMPORT,temporalio.workflow,src/agent_workflows/tool_execution.py:7
src/agent_workflows/tool_execution.py,external:temporalio.common,FROM_IMPORT,temporalio.common.RetryPolicy,src/agent_workflows/tool_execution.py:8
src/agent_workflows/tool_execution.py,src/agent_workflows/contracts.py,FROM_IMPORT,agent_workflows.contracts.AGENT_SCHEMA_VERSION,src/agent_workflows/tool_execution.py:10
src/agent_workflows/tool_execution.py,src/agent_workflows/contracts.py,FROM_IMPORT,agent_workflows.contracts.AGENT_TASK_QUEUE,src/agent_workflows/tool_execution.py:10
src/agent_workflows/tool_execution.py,src/agent_workflows/contracts.py,FROM_IMPORT,agent_workflows.contracts.DURABLE_TOOL_ACTIVITY_START_TO_CLOSE_SECONDS,src/agent_workflows/tool_execution.py:10
src/agent_workflows/tool_execution.py,src/agent_workflows/contracts.py,FROM_IMPORT,agent_workflows.contracts.ApprovalDecisionSignal,src/agent_workflows/tool_execution.py:10
src/agent_workflows/tool_execution.py,src/agent_workflows/contracts.py,FROM_IMPORT,agent_workflows.contracts.ApprovalStatusInput,src/agent_workflows/tool_execution.py:10
src/agent_workflows/tool_execution.py,src/agent_workflows/contracts.py,FROM_IMPORT,agent_workflows.contracts.ApprovalStatusResult,src/agent_workflows/tool_execution.py:10
src/agent_workflows/tool_execution.py,src/agent_workflows/contracts.py,FROM_IMPORT,agent_workflows.contracts.ApprovedToolExecutionInput,src/agent_workflows/tool_execution.py:10
src/agent_workflows/tool_execution.py,src/agent_workflows/contracts.py,FROM_IMPORT,agent_workflows.contracts.ApprovedToolExecutionResult,src/agent_workflows/tool_execution.py:10
src/agent_workflows/tool_execution.py,src/agent_workflows/contracts.py,FROM_IMPORT,agent_workflows.contracts.ToolExecutionInput,src/agent_workflows/tool_execution.py:10
src/agent_workflows/tool_execution.py,src/agent_workflows/contracts.py,FROM_IMPORT,agent_workflows.contracts.ToolExecutionResult,src/agent_workflows/tool_execution.py:10
src/application/context_assembly.py,external:__future__,FROM_IMPORT,__future__.annotations,src/application/context_assembly.py:2
src/application/context_assembly.py,external:logging,IMPORT,logging,src/application/context_assembly.py:4
src/application/context_assembly.py,external:time,IMPORT,time,src/application/context_assembly.py:5
src/application/context_assembly.py,external:dataclasses,FROM_IMPORT,dataclasses.dataclass,src/application/context_assembly.py:6
src/application/context_assembly.py,external:typing,FROM_IMPORT,typing.Any,src/application/context_assembly.py:7
src/application/context_assembly.py,external:typing,FROM_IMPORT,typing.Protocol,src/application/context_assembly.py:7
src/application/context_assembly.py,external:typing,FROM_IMPORT,typing.Sequence,src/application/context_assembly.py:7
src/application/context_assembly.py,external:uuid,FROM_IMPORT,uuid.UUID,src/application/context_assembly.py:8
src/application/context_assembly.py,src/common/logging.py,FROM_IMPORT,common.logging.log_event,src/application/context_assembly.py:10
src/application/context_assembly.py,src/common/types.py,FROM_IMPORT,common.types.Event,src/application/context_assembly.py:11
src/application/context_assembly.py,src/common/types.py,FROM_IMPORT,common.types.EventType,src/application/context_assembly.py:11
src/application/context_assembly.py,src/harness/context_builder.py,FROM_IMPORT,harness.context_builder.HarnessContextBuilder,src/application/context_assembly.py:12
src/application/context_assembly.py,src/memory/hindsight_client.py,FROM_IMPORT,memory.hindsight_client.MemoryItem,src/application/context_assembly.py:13
src/application/context_assembly.py,src/persistence/repositories.py,FROM_IMPORT,persistence.repositories.FileRepository,src/application/context_assembly.py:14
src/application/context_assembly.py,src/persistence/repositories.py,FROM_IMPORT,persistence.repositories.MessageRepository,src/application/context_assembly.py:14
src/application/context_assembly.py,src/persistence/repositories.py,FROM_IMPORT,persistence.repositories.RunRepository,src/application/context_assembly.py:14
src/application/context_assembly.py,src/persistence/uow.py,FROM_IMPORT,persistence.uow.UnitOfWork,src/application/context_assembly.py:15
src/application/conversation.py,external:__future__,FROM_IMPORT,__future__.annotations,src/application/conversation.py:9
src/application/conversation.py,external:logging,IMPORT,logging,src/application/conversation.py:11
src/application/conversation.py,external:uuid,IMPORT,uuid,src/application/conversation.py:12
src/application/conversation.py,external:pathlib,FROM_IMPORT,pathlib.Path,src/application/conversation.py:13
src/application/conversation.py,external:typing,FROM_IMPORT,typing.Any,src/application/conversation.py:14
src/application/conversation.py,external:typing,FROM_IMPORT,typing.Type,src/application/conversation.py:14
src/application/conversation.py,external:temporalio.common,FROM_IMPORT,temporalio.common.WorkflowIDReusePolicy,src/application/conversation.py:16
src/application/conversation.py,external:temporalio.exceptions,FROM_IMPORT,temporalio.exceptions.WorkflowAlreadyStartedError,src/application/conversation.py:17
src/application/conversation.py,src/common/types.py,FROM_IMPORT,common.types.UnifiedMessage,src/application/conversation.py:19
src/application/conversation.py,src/session/workspace.py,FROM_IMPORT,session.workspace.init_session,src/application/conversation.py:20
src/application/conversation.py,src/session/workspace.py,FROM_IMPORT,session.workspace.init_user,src/application/conversation.py:20
src/application/identity_commands.py,external:__future__,FROM_IMPORT,__future__.annotations,src/application/identity_commands.py:2
src/application/identity_commands.py,external:asyncio,IMPORT,asyncio,src/application/identity_commands.py:4
src/application/identity_commands.py,external:re,IMPORT,re,src/application/identity_commands.py:5
src/application/identity_commands.py,external:dataclasses,FROM_IMPORT,dataclasses.dataclass,src/application/identity_commands.py:6
src/application/identity_commands.py,src/account/identity.py,FROM_IMPORT,account.identity.QQ_CHANNELS,src/application/identity_commands.py:8
src/application/identity_commands.py,src/account/identity_binding_service.py,FROM_IMPORT,account.identity_binding_service.ChallengeExpired,src/application/identity_commands.py:9
src/application/identity_commands.py,src/account/identity_binding_service.py,FROM_IMPORT,account.identity_binding_service.ChallengeNotFound,src/application/identity_commands.py:9
src/application/identity_commands.py,src/account/identity_binding_service.py,FROM_IMPORT,account.identity_binding_service.IdentityBindingService,src/application/identity_commands.py:9
src/application/identity_commands.py,src/account/identity_binding_service.py,FROM_IMPORT,account.identity_binding_service.IdentityConflict,src/application/identity_commands.py:9
src/application/identity_commands.py,src/common/types.py,FROM_IMPORT,common.types.UnifiedMessage,src/application/identity_commands.py:15
src/application/ingress.py,external:__future__,FROM_IMPORT,__future__.annotations,src/application/ingress.py:9
src/application/ingress.py,external:logging,IMPORT,logging,src/application/ingress.py:11
src/application/ingress.py,external:typing,FROM_IMPORT,typing.Any,src/application/ingress.py:12
src/application/ingress.py,src/account/postgres_account_service.py,FROM_IMPORT,account.postgres_account_service.IdentityResolutionUnavailable,src/application/ingress.py:14
src/application/ingress.py,src/application/conversation.py,FROM_IMPORT,application.conversation.UnboundIdentity,src/application/ingress.py:15
src/application/ingress.py,src/common/types.py,FROM_IMPORT,common.types.UnifiedMessage,src/application/ingress.py:16
src/application/memory.py,external:__future__,FROM_IMPORT,__future__.annotations,src/application/memory.py:8
src/application/memory.py,external:typing,FROM_IMPORT,typing.Any,src/application/memory.py:10
src/application/memory.py,external:typing,FROM_IMPORT,typing.Dict,src/application/memory.py:10
src/application/memory.py,external:typing,FROM_IMPORT,typing.List,src/application/memory.py:10
src/application/memory.py,external:typing,FROM_IMPORT,typing.Optional,src/application/memory.py:10
src/application/memory.py,external:typing,FROM_IMPORT,typing.Tuple,src/application/memory.py:10
src/application/memory.py,src/common/types.py,FROM_IMPORT,common.types.Event,src/application/memory.py:12
src/application/memory.py,src/common/types.py,FROM_IMPORT,common.types.EventType,src/application/memory.py:12
src/application/memory.py,src/session/store.py,FROM_IMPORT,session.store.SessionStore,src/application/memory.py:13
src/application/memory_reflection.py,external:__future__,FROM_IMPORT,__future__.annotations,src/application/memory_reflection.py:2
src/application/memory_reflection.py,external:typing,FROM_IMPORT,typing.Any,src/application/memory_reflection.py:4
src/application/memory_retention.py,external:__future__,FROM_IMPORT,__future__.annotations,src/application/memory_retention.py:10
src/application/memory_retention.py,external:asyncio,IMPORT,asyncio,src/application/memory_retention.py:12
src/application/memory_retention.py,external:logging,IMPORT,logging,src/application/memory_retention.py:13
src/application/memory_retention.py,external:time,IMPORT,time,src/application/memory_retention.py:14
src/application/memory_retention.py,external:dataclasses,FROM_IMPORT,dataclasses.dataclass,src/application/memory_retention.py:15
src/application/memory_retention.py,external:typing,FROM_IMPORT,typing.Any,src/application/memory_retention.py:16
src/application/memory_retention.py,external:uuid,FROM_IMPORT,uuid.UUID,src/application/memory_retention.py:17
src/application/memory_retention.py,src/common/logging.py,FROM_IMPORT,common.logging.log_event,src/application/memory_retention.py:19
src/application/memory_retention.py,src/persistence/uow.py,FROM_IMPORT,persistence.uow.UnitOfWork,src/application/memory_retention.py:20
src/application/metrics.py,external:__future__,FROM_IMPORT,__future__.annotations,src/application/metrics.py:2
src/application/metrics.py,external:typing,FROM_IMPORT,typing.Any,src/application/metrics.py:4
src/application/reply.py,external:__future__,FROM_IMPORT,__future__.annotations,src/application/reply.py:9
src/application/reply.py,external:logging,IMPORT,logging,src/application/reply.py:11
src/application/reply.py,external:pathlib,FROM_IMPORT,pathlib.Path,src/application/reply.py:12
src/application/reply.py,external:typing,FROM_IMPORT,typing.Any,src/application/reply.py:13
src/application/reply.py,external:typing,FROM_IMPORT,typing.Dict,src/application/reply.py:13
src/application/reply.py,external:typing,FROM_IMPORT,typing.Optional,src/application/reply.py:13
src/application/reply.py,external:yaml,IMPORT,yaml,src/application/reply.py:15
src/application/reply.py,src/common/types.py,FROM_IMPORT,common.types.ChannelType,src/application/reply.py:17
src/application/reply.py,src/common/types.py,FROM_IMPORT,common.types.UnifiedMessage,src/application/reply.py:17
src/application/reply.py,src/channels/router.py,FROM_IMPORT,channels.router.ChannelRouter,src/application/reply.py:18
src/application/session_archive.py,external:__future__,FROM_IMPORT,__future__.annotations,src/application/session_archive.py:6
src/application/session_archive.py,external:logging,IMPORT,logging,src/application/session_archive.py:8
src/application/session_archive.py,external:time,IMPORT,time,src/application/session_archive.py:9
src/application/session_archive.py,external:typing,FROM_IMPORT,typing.Any,src/application/session_archive.py:10
src/application/session_archive.py,src/session/workspace.py,FROM_IMPORT,session.workspace.generate_session_summary,src/application/session_archive.py:37
src/application/session_archive.py,src/session/workspace.py,FROM_IMPORT,session.workspace.update_session_meta,src/application/session_archive.py:37
src/application/session_archive.py,src/session/workspace.py,FROM_IMPORT,session.workspace.write_history_jsonl,src/application/session_archive.py:37
src/bootstrap/qq.py,external:__future__,FROM_IMPORT,__future__.annotations,src/bootstrap/qq.py:2
src/bootstrap/qq.py,external:dataclasses,FROM_IMPORT,dataclasses.dataclass,src/bootstrap/qq.py:4
src/bootstrap/qq.py,external:pathlib,FROM_IMPORT,pathlib.Path,src/bootstrap/qq.py:5
src/bootstrap/qq.py,external:typing,FROM_IMPORT,typing.Any,src/bootstrap/qq.py:6
src/bootstrap/qq.py,src/account/postgres_account_service.py,FROM_IMPORT,account.postgres_account_service.PostgresAccountService,src/bootstrap/qq.py:8
src/bootstrap/qq.py,src/account/validation.py,FROM_IMPORT,account.validation.validate_unified_account_backend,src/bootstrap/qq.py:9
src/bootstrap/qq.py,src/actions/runtime.py,FROM_IMPORT,actions.runtime.ActionRuntime,src/bootstrap/qq.py:10
src/bootstrap/qq.py,src/agent_execution/brain_action_loop.py,FROM_IMPORT,agent_execution.brain_action_loop.DefaultBrainActionLoop,src/bootstrap/qq.py:11
src/bootstrap/qq.py,src/agent_execution/facade.py,FROM_IMPORT,agent_execution.facade.AgentExecutionFacade,src/bootstrap/qq.py:12
src/bootstrap/qq.py,src/agent_execution/qq_host.py,FROM_IMPORT,agent_execution.qq_host.QQExecutionHost,src/bootstrap/qq.py:13
src/bootstrap/qq.py,src/agent_execution/qq_host.py,FROM_IMPORT,agent_execution.qq_host.QQLegacyExecutionControl,src/bootstrap/qq.py:13
src/bootstrap/qq.py,src/agent_execution/qq_host.py,FROM_IMPORT,agent_execution.qq_host.QQLegacyRequestLoader,src/bootstrap/qq.py:13
src/bootstrap/qq.py,src/agent_execution/qq_host.py,FROM_IMPORT,agent_execution.qq_host.ReplyServiceQQEventSinkFactory,src/bootstrap/qq.py:13
src/bootstrap/qq.py,src/agent_execution/qq_host.py,FROM_IMPORT,agent_execution.qq_host.ReplyServiceQQSink,src/bootstrap/qq.py:13
src/bootstrap/qq.py,src/agent_execution/qq_host.py,FROM_IMPORT,agent_execution.qq_host.TurnMemoryQQAuditSinkFactory,src/bootstrap/qq.py:13
src/bootstrap/qq.py,src/agent_execution/qq_host.py,FROM_IMPORT,agent_execution.qq_host.TurnMemoryQQRetentionSink,src/bootstrap/qq.py:13
src/bootstrap/qq.py,src/application/memory.py,FROM_IMPORT,application.memory.TurnMemoryService,src/bootstrap/qq.py:22
src/bootstrap/qq.py,src/application/memory_reflection.py,FROM_IMPORT,application.memory_reflection.MemoryReflectionService,src/bootstrap/qq.py:23
src/bootstrap/qq.py,src/application/metrics.py,FROM_IMPORT,application.metrics.MetricsSnapshotService,src/bootstrap/qq.py:24
src/bootstrap/qq.py,src/application/reply.py,FROM_IMPORT,application.reply.ReplyService,src/bootstrap/qq.py:25
src/bootstrap/qq.py,src/application/session_archive.py,FROM_IMPORT,application.session_archive.SessionArchiveService,src/bootstrap/qq.py:26
src/bootstrap/qq.py,src/brain/engine.py,FROM_IMPORT,brain.engine.BrainEngine,src/bootstrap/qq.py:27
src/bootstrap/qq.py,src/session/store.py,FROM_IMPORT,session.store.SessionStore,src/bootstrap/qq.py:28
src/bootstrap/qq.py,src/storage/file_store.py,FROM_IMPORT,storage.file_store.LocalFileStore,src/bootstrap/qq.py:29
src/brain/__init__.py,src/brain/engine.py,FROM_IMPORT,brain.engine.BrainEngine,src/brain/__init__.py:3
src/brain/engine.py,external:__future__,FROM_IMPORT,__future__.annotations,src/brain/engine.py:8
src/brain/engine.py,external:logging,IMPORT,logging,src/brain/engine.py:10
src/brain/engine.py,external:typing,FROM_IMPORT,typing.Any,src/brain/engine.py:11
src/brain/engine.py,external:typing,FROM_IMPORT,typing.Optional,src/brain/engine.py:11
src/brain/engine.py,src/common/token_counter.py,FROM_IMPORT,common.token_counter.estimate_messages_tokens,src/brain/engine.py:13
src/brain/engine.py,src/agent/protocol.py,FROM_IMPORT,agent.protocol.ActionRequest,src/brain/engine.py:14
src/brain/engine.py,src/agent/protocol.py,FROM_IMPORT,agent.protocol.BrainDecision,src/brain/engine.py:14
src/channels/__init__.py,src/channels/base.py,FROM_IMPORT,channels.base.BaseChannel,src/channels/__init__.py:33
src/channels/__init__.py,src/channels/console.py,FROM_IMPORT,channels.console.ConsoleChannel,src/channels/__init__.py:34
src/channels/__init__.py,src/channels/napcat.py,FROM_IMPORT,channels.napcat.NapCatChannel,src/channels/__init__.py:35
src/channels/__init__.py,src/channels/official_qq.py,FROM_IMPORT,channels.official_qq.OfficialQQChannel,src/channels/__init__.py:36
src/channels/__init__.py,src/channels/router.py,FROM_IMPORT,channels.router.ChannelRouter,src/channels/__init__.py:37
src/channels/base.py,external:abc,FROM_IMPORT,abc.ABC,src/channels/base.py:26
src/channels/base.py,external:abc,FROM_IMPORT,abc.abstractmethod,src/channels/base.py:26
src/channels/base.py,external:typing,FROM_IMPORT,typing.Any,src/channels/base.py:27
src/channels/base.py,external:typing,FROM_IMPORT,typing.Optional,src/channels/base.py:27
src/channels/base.py,external:typing,FROM_IMPORT,typing.Callable,src/channels/base.py:27
src/channels/base.py,external:typing,FROM_IMPORT,typing.Awaitable,src/channels/base.py:27
src/channels/base.py,src/common/types.py,FROM_IMPORT,common.types.ChannelType,src/channels/base.py:28
src/channels/base.py,src/common/types.py,FROM_IMPORT,common.types.UnifiedMessage,src/channels/base.py:28
src/channels/base.py,src/common/interfaces.py,FROM_IMPORT,common.interfaces.IChannel,src/channels/base.py:29
src/channels/console.py,external:typing,FROM_IMPORT,typing.Any,src/channels/console.py:20
src/channels/console.py,external:typing,FROM_IMPORT,typing.Optional,src/channels/console.py:20
src/channels/console.py,src/channels/base.py,FROM_IMPORT,channels.base.BaseChannel,src/channels/console.py:21
src/channels/console.py,src/common/types.py,FROM_IMPORT,common.types.ChannelType,src/channels/console.py:22
src/channels/console.py,src/common/types.py,FROM_IMPORT,common.types.UnifiedMessage,src/channels/console.py:22
src/channels/napcat.py,external:asyncio,IMPORT,asyncio,src/channels/napcat.py:34
src/channels/napcat.py,external:json,IMPORT,json,src/channels/napcat.py:35
src/channels/napcat.py,external:logging,IMPORT,logging,src/channels/napcat.py:36
src/channels/napcat.py,external:re,IMPORT,re,src/channels/napcat.py:37
src/channels/napcat.py,external:datetime,FROM_IMPORT,datetime.datetime,src/channels/napcat.py:38
src/channels/napcat.py,external:datetime,FROM_IMPORT,datetime.timezone,src/channels/napcat.py:38
src/channels/napcat.py,external:typing,FROM_IMPORT,typing.Any,src/channels/napcat.py:39
src/channels/napcat.py,external:typing,FROM_IMPORT,typing.Optional,src/channels/napcat.py:39
src/channels/napcat.py,external:typing,FROM_IMPORT,typing.Callable,src/channels/napcat.py:39
src/channels/napcat.py,external:typing,FROM_IMPORT,typing.Awaitable,src/channels/napcat.py:39
src/channels/napcat.py,external:websockets,IMPORT,websockets,src/channels/napcat.py:41
src/channels/napcat.py,src/channels/base.py,FROM_IMPORT,channels.base.BaseChannel,src/channels/napcat.py:43
src/channels/napcat.py,src/common/types.py,FROM_IMPORT,common.types.ChannelType,src/channels/napcat.py:44
src/channels/napcat.py,src/common/types.py,FROM_IMPORT,common.types.UnifiedMessage,src/channels/napcat.py:44
src/channels/napcat.py,external:re,IMPORT,re,src/channels/napcat.py:250
src/channels/official_qq.py,external:asyncio,IMPORT,asyncio,src/channels/official_qq.py:59
src/channels/official_qq.py,external:json,IMPORT,json,src/channels/official_qq.py:60
src/channels/official_qq.py,external:logging,IMPORT,logging,src/channels/official_qq.py:61
src/channels/official_qq.py,external:os,IMPORT,os,src/channels/official_qq.py:62
src/channels/official_qq.py,external:time,IMPORT,time,src/channels/official_qq.py:63
src/channels/official_qq.py,external:typing,FROM_IMPORT,typing.Any,src/channels/official_qq.py:64
src/channels/official_qq.py,external:typing,FROM_IMPORT,typing.Optional,src/channels/official_qq.py:64
src/channels/official_qq.py,external:typing,FROM_IMPORT,typing.Callable,src/channels/official_qq.py:64
src/channels/official_qq.py,external:typing,FROM_IMPORT,typing.Awaitable,src/channels/official_qq.py:64
src/channels/official_qq.py,external:aiohttp,IMPORT,aiohttp,src/channels/official_qq.py:66
src/channels/official_qq.py,external:websockets,IMPORT,websockets,src/channels/official_qq.py:67
src/channels/official_qq.py,src/channels/base.py,FROM_IMPORT,channels.base.BaseChannel,src/channels/official_qq.py:69
src/channels/official_qq.py,src/common/types.py,FROM_IMPORT,common.types.ChannelType,src/channels/official_qq.py:70
src/channels/official_qq.py,src/common/types.py,FROM_IMPORT,common.types.UnifiedMessage,src/channels/official_qq.py:70
src/channels/router.py,external:typing,FROM_IMPORT,typing.Dict,src/channels/router.py:27
src/channels/router.py,external:typing,FROM_IMPORT,typing.Optional,src/channels/router.py:27
src/channels/router.py,src/common/types.py,FROM_IMPORT,common.types.ChannelType,src/channels/router.py:29
src/channels/router.py,src/common/types.py,FROM_IMPORT,common.types.UnifiedMessage,src/channels/router.py:29
src/channels/router.py,src/common/interfaces.py,FROM_IMPORT,common.interfaces.IChannel,src/channels/router.py:30
src/common/__init__.py,src/common/types.py,FROM_IMPORT,common.types.*,src/common/__init__.py:9
src/common/__init__.py,src/common/interfaces.py,FROM_IMPORT,common.interfaces.*,src/common/__init__.py:10
src/common/__init__.py,src/common/errors.py,FROM_IMPORT,common.errors.*,src/common/__init__.py:11
src/common/errors.py,external:typing,FROM_IMPORT,typing.Optional,src/common/errors.py:15
src/common/errors.py,external:typing,FROM_IMPORT,typing.Dict,src/common/errors.py:15
src/common/errors.py,external:typing,FROM_IMPORT,typing.Any,src/common/errors.py:15
src/common/errors.py,external:enum,FROM_IMPORT,enum.Enum,src/common/errors.py:16
src/common/interfaces.py,external:abc,FROM_IMPORT,abc.ABC,src/common/interfaces.py:11
src/common/interfaces.py,external:abc,FROM_IMPORT,abc.abstractmethod,src/common/interfaces.py:11
src/common/interfaces.py,external:typing,FROM_IMPORT,typing.Any,src/common/interfaces.py:12
src/common/interfaces.py,external:typing,FROM_IMPORT,typing.Dict,src/common/interfaces.py:12
src/common/interfaces.py,external:typing,FROM_IMPORT,typing.List,src/common/interfaces.py:12
src/common/interfaces.py,external:typing,FROM_IMPORT,typing.Optional,src/common/interfaces.py:12
src/common/interfaces.py,src/common/types.py,FROM_IMPORT,common.types.UnifiedMessage,src/common/interfaces.py:13
src/common/logging.py,external:__future__,FROM_IMPORT,__future__.annotations,src/common/logging.py:12
src/common/logging.py,external:json,IMPORT,json,src/common/logging.py:14
src/common/logging.py,external:logging,IMPORT,logging,src/common/logging.py:15
src/common/logging.py,external:sys,IMPORT,sys,src/common/logging.py:16
src/common/logging.py,external:traceback,IMPORT,traceback,src/common/logging.py:17
src/common/logging.py,external:datetime,FROM_IMPORT,datetime.datetime,src/common/logging.py:18
src/common/logging.py,external:logging.handlers,FROM_IMPORT,logging.handlers.TimedRotatingFileHandler,src/common/logging.py:19
src/common/logging.py,external:pathlib,FROM_IMPORT,pathlib.Path,src/common/logging.py:20
src/common/model_usage.py,external:__future__,FROM_IMPORT,__future__.annotations,src/common/model_usage.py:2
src/common/model_usage.py,external:collections.abc,FROM_IMPORT,collections.abc.Mapping,src/common/model_usage.py:4
src/common/model_usage.py,external:typing,FROM_IMPORT,typing.Any,src/common/model_usage.py:5
src/common/model_usage.py,src/common/token_counter.py,FROM_IMPORT,common.token_counter.estimate_messages_tokens,src/common/model_usage.py:7
src/common/model_usage.py,src/common/token_counter.py,FROM_IMPORT,common.token_counter.estimate_tokens,src/common/model_usage.py:7
src/common/token_counter.py,external:__future__,FROM_IMPORT,__future__.annotations,src/common/token_counter.py:11
src/common/token_counter.py,external:re,IMPORT,re,src/common/token_counter.py:13
src/common/types.py,external:dataclasses,FROM_IMPORT,dataclasses.dataclass,src/common/types.py:23
src/common/types.py,external:dataclasses,FROM_IMPORT,dataclasses.field,src/common/types.py:23
src/common/types.py,external:typing,FROM_IMPORT,typing.Optional,src/common/types.py:24
src/common/types.py,external:typing,FROM_IMPORT,typing.List,src/common/types.py:24
src/common/types.py,external:typing,FROM_IMPORT,typing.Dict,src/common/types.py:24
src/common/types.py,external:typing,FROM_IMPORT,typing.Any,src/common/types.py:24
src/common/types.py,external:enum,FROM_IMPORT,enum.Enum,src/common/types.py:25
src/common/types.py,external:uuid,IMPORT,uuid,src/common/types.py:26
src/common/types.py,external:time,IMPORT,time,src/common/types.py:27
src/document_activities/__init__.py,src/document_activities/contracts.py,FROM_IMPORT,document_activities.contracts.NormalizedDocumentRef,src/document_activities/__init__.py:3
src/document_activities/__init__.py,src/document_activities/contracts.py,FROM_IMPORT,document_activities.contracts.NormalizeDocumentInput,src/document_activities/__init__.py:3
src/document_activities/__init__.py,src/document_activities/runtime.py,FROM_IMPORT,document_activities.runtime.DocumentActivities,src/document_activities/__init__.py:4
src/document_activities/contracts.py,external:__future__,FROM_IMPORT,__future__.annotations,src/document_activities/contracts.py:3
src/document_activities/contracts.py,external:dataclasses,FROM_IMPORT,dataclasses.dataclass,src/document_activities/contracts.py:5
src/document_activities/contracts.py,external:typing,FROM_IMPORT,typing.TypedDict,src/document_activities/contracts.py:6
src/document_activities/runtime.py,external:__future__,FROM_IMPORT,__future__.annotations,src/document_activities/runtime.py:3
src/document_activities/runtime.py,external:asyncio,IMPORT,asyncio,src/document_activities/runtime.py:5
src/document_activities/runtime.py,external:time,IMPORT,time,src/document_activities/runtime.py:6
src/document_activities/runtime.py,external:typing,FROM_IMPORT,typing.Any,src/document_activities/runtime.py:7
src/document_activities/runtime.py,external:uuid,FROM_IMPORT,uuid.NAMESPACE_URL,src/document_activities/runtime.py:8
src/document_activities/runtime.py,external:uuid,FROM_IMPORT,uuid.UUID,src/document_activities/runtime.py:8
src/document_activities/runtime.py,external:uuid,FROM_IMPORT,uuid.uuid5,src/document_activities/runtime.py:8
src/document_activities/runtime.py,external:temporalio,FROM_IMPORT,temporalio.activity,src/document_activities/runtime.py:10
src/document_activities/runtime.py,src/agent_execution/run_budget.py,FROM_IMPORT,agent_execution.run_budget.RunBudgetService,src/document_activities/runtime.py:12
src/document_activities/runtime.py,src/agent_execution/tracing/repository.py,FROM_IMPORT,agent_execution.tracing.repository.PostgresTraceRepository,src/document_activities/runtime.py:13
src/document_activities/runtime.py,src/file_domain/persistence.py,FROM_IMPORT,file_domain.persistence.NormalizedDocumentRepository,src/document_activities/runtime.py:14
src/document_activities/runtime.py,src/file_domain/serialization.py,FROM_IMPORT,file_domain.serialization.normalized_document_to_dict,src/document_activities/runtime.py:15
src/document_activities/runtime.py,src/file_runtime/__init__.py,FROM_IMPORT,file_runtime.FileResourceResolver,src/document_activities/runtime.py:16
src/document_activities/runtime.py,src/persistence/uow.py,FROM_IMPORT,persistence.uow.UnitOfWork,src/document_activities/runtime.py:17
src/document_activities/runtime.py,src/persistence/uow.py,FROM_IMPORT,persistence.uow.retryable_transaction,src/document_activities/runtime.py:17
src/document_activities/runtime.py,src/document_activities/contracts.py,FROM_IMPORT,document_activities.contracts.NormalizedDocumentRef,src/document_activities/runtime.py:19
src/document_activities/runtime.py,src/document_activities/contracts.py,FROM_IMPORT,document_activities.contracts.NormalizeDocumentInput,src/document_activities/runtime.py:19
src/file_adapters/__init__.py,src/file_adapters/docling.py,FROM_IMPORT,file_adapters.docling.DoclingStructuredDocumentProvider,src/file_adapters/__init__.py:3
src/file_adapters/__init__.py,src/file_adapters/docx.py,FROM_IMPORT,file_adapters.docx.DocxAdapter,src/file_adapters/__init__.py:4
src/file_adapters/__init__.py,src/file_adapters/gotenberg.py,FROM_IMPORT,file_adapters.gotenberg.GotenbergConversionProvider,src/file_adapters/__init__.py:5
src/file_adapters/__init__.py,src/file_adapters/markitdown.py,FROM_IMPORT,file_adapters.markitdown.MarkItDownFastTextViewProvider,src/file_adapters/__init__.py:6
src/file_adapters/__init__.py,src/file_adapters/pdf.py,FROM_IMPORT,file_adapters.pdf.PdfAdapter,src/file_adapters/__init__.py:7
src/file_adapters/__init__.py,src/file_adapters/pptx.py,FROM_IMPORT,file_adapters.pptx.PptxAdapter,src/file_adapters/__init__.py:8
src/file_adapters/__init__.py,src/file_adapters/writers.py,FROM_IMPORT,file_adapters.writers.DocxWriter,src/file_adapters/__init__.py:9
src/file_adapters/__init__.py,src/file_adapters/writers.py,FROM_IMPORT,file_adapters.writers.PptxWriter,src/file_adapters/__init__.py:9
src/file_adapters/__init__.py,src/file_adapters/writers.py,FROM_IMPORT,file_adapters.writers.XlsxWriter,src/file_adapters/__init__.py:9
src/file_adapters/__init__.py,src/file_adapters/xlsx.py,FROM_IMPORT,file_adapters.xlsx.XlsxAdapter,src/file_adapters/__init__.py:10
src/file_adapters/docling.py,external:__future__,FROM_IMPORT,__future__.annotations,src/file_adapters/docling.py:3
src/file_adapters/docling.py,external:typing,FROM_IMPORT,typing.Any,src/file_adapters/docling.py:5
src/file_adapters/docling.py,src/file_domain/models.py,FROM_IMPORT,file_domain.models.FileResource,src/file_adapters/docling.py:7
src/file_adapters/docling.py,src/file_domain/models.py,FROM_IMPORT,file_domain.models.NormalizedBlock,src/file_adapters/docling.py:7
src/file_adapters/docling.py,src/file_domain/models.py,FROM_IMPORT,file_domain.models.NormalizedDocument,src/file_adapters/docling.py:7
src/file_adapters/docling.py,src/file_domain/models.py,FROM_IMPORT,file_domain.models.NormalizedTable,src/file_adapters/docling.py:7
src/file_adapters/docling.py,src/file_domain/models.py,FROM_IMPORT,file_domain.models.SourceLocator,src/file_adapters/docling.py:7
src/file_adapters/docling.py,external:docling.document_converter,FROM_IMPORT,docling.document_converter.DocumentConverter,src/file_adapters/docling.py:24
src/file_adapters/docx.py,external:__future__,FROM_IMPORT,__future__.annotations,src/file_adapters/docx.py:3
src/file_adapters/docx.py,external:typing,FROM_IMPORT,typing.Any,src/file_adapters/docx.py:5
src/file_adapters/docx.py,src/file_domain/models.py,FROM_IMPORT,file_domain.models.FileResource,src/file_adapters/docx.py:7
src/file_adapters/docx.py,external:docx,FROM_IMPORT,docx.Document,src/file_adapters/docx.py:13
src/file_adapters/gotenberg.py,external:__future__,FROM_IMPORT,__future__.annotations,src/file_adapters/gotenberg.py:3
src/file_adapters/gotenberg.py,external:os,IMPORT,os,src/file_adapters/gotenberg.py:5
src/file_adapters/gotenberg.py,external:pathlib,FROM_IMPORT,pathlib.Path,src/file_adapters/gotenberg.py:6
src/file_adapters/gotenberg.py,external:httpx,IMPORT,httpx,src/file_adapters/gotenberg.py:8
src/file_adapters/gotenberg.py,src/file_domain/models.py,FROM_IMPORT,file_domain.models.FileResource,src/file_adapters/gotenberg.py:10
src/file_adapters/markitdown.py,external:__future__,FROM_IMPORT,__future__.annotations,src/file_adapters/markitdown.py:3
src/file_adapters/markitdown.py,external:typing,FROM_IMPORT,typing.Any,src/file_adapters/markitdown.py:5
src/file_adapters/markitdown.py,src/file_domain/models.py,FROM_IMPORT,file_domain.models.FileResource,src/file_adapters/markitdown.py:7
src/file_adapters/markitdown.py,src/file_domain/models.py,FROM_IMPORT,file_domain.models.SourceLocator,src/file_adapters/markitdown.py:7
src/file_adapters/markitdown.py,src/file_domain/models.py,FROM_IMPORT,file_domain.models.TextView,src/file_adapters/markitdown.py:7
src/file_adapters/markitdown.py,external:markitdown,FROM_IMPORT,markitdown.MarkItDown,src/file_adapters/markitdown.py:16
src/file_adapters/pdf.py,external:__future__,FROM_IMPORT,__future__.annotations,src/file_adapters/pdf.py:3
src/file_adapters/pdf.py,external:typing,FROM_IMPORT,typing.Any,src/file_adapters/pdf.py:5
src/file_adapters/pdf.py,src/file_domain/models.py,FROM_IMPORT,file_domain.models.FileResource,src/file_adapters/pdf.py:7
src/file_adapters/pdf.py,external:pypdf,FROM_IMPORT,pypdf.PdfReader,src/file_adapters/pdf.py:12
src/file_adapters/pdf.py,external:pypdf,FROM_IMPORT,pypdf.PdfReader,src/file_adapters/pdf.py:26
src/file_adapters/pdf.py,external:pdfplumber,IMPORT,pdfplumber,src/file_adapters/pdf.py:51
src/file_adapters/pptx.py,external:__future__,FROM_IMPORT,__future__.annotations,src/file_adapters/pptx.py:3
src/file_adapters/pptx.py,external:typing,FROM_IMPORT,typing.Any,src/file_adapters/pptx.py:5
src/file_adapters/pptx.py,src/file_domain/models.py,FROM_IMPORT,file_domain.models.FileResource,src/file_adapters/pptx.py:7
src/file_adapters/pptx.py,external:pptx,FROM_IMPORT,pptx.Presentation,src/file_adapters/pptx.py:13
src/file_adapters/writers.py,external:__future__,FROM_IMPORT,__future__.annotations,src/file_adapters/writers.py:3
src/file_adapters/writers.py,external:os,IMPORT,os,src/file_adapters/writers.py:5
src/file_adapters/writers.py,external:pathlib,FROM_IMPORT,pathlib.Path,src/file_adapters/writers.py:6
src/file_adapters/writers.py,external:typing,FROM_IMPORT,typing.Any,src/file_adapters/writers.py:7
src/file_adapters/writers.py,src/file_domain/models.py,FROM_IMPORT,file_domain.models.FileResource,src/file_adapters/writers.py:9
src/file_adapters/writers.py,external:docx,FROM_IMPORT,docx.Document,src/file_adapters/writers.py:33
src/file_adapters/writers.py,external:docx,FROM_IMPORT,docx.Document,src/file_adapters/writers.py:57
src/file_adapters/writers.py,external:docx,FROM_IMPORT,docx.Document,src/file_adapters/writers.py:85
src/file_adapters/writers.py,external:openpyxl,FROM_IMPORT,openpyxl.Workbook,src/file_adapters/writers.py:105
src/file_adapters/writers.py,external:openpyxl,FROM_IMPORT,openpyxl.load_workbook,src/file_adapters/writers.py:128
src/file_adapters/writers.py,external:pptx,FROM_IMPORT,pptx.Presentation,src/file_adapters/writers.py:150
src/file_adapters/writers.py,external:pptx,FROM_IMPORT,pptx.Presentation,src/file_adapters/writers.py:169
src/file_adapters/xlsx.py,external:__future__,FROM_IMPORT,__future__.annotations,src/file_adapters/xlsx.py:3
src/file_adapters/xlsx.py,external:typing,FROM_IMPORT,typing.Any,src/file_adapters/xlsx.py:5
src/file_adapters/xlsx.py,src/file_domain/models.py,FROM_IMPORT,file_domain.models.FileResource,src/file_adapters/xlsx.py:7
src/file_adapters/xlsx.py,external:python_calamine,FROM_IMPORT,python_calamine.CalamineWorkbook,src/file_adapters/xlsx.py:13
src/file_domain/__init__.py,src/file_domain/models.py,FROM_IMPORT,file_domain.models.DocumentPatch,src/file_domain/__init__.py:3
src/file_domain/__init__.py,src/file_domain/models.py,FROM_IMPORT,file_domain.models.FileResource,src/file_domain/__init__.py:3
src/file_domain/__init__.py,src/file_domain/models.py,FROM_IMPORT,file_domain.models.NormalizedBlock,src/file_domain/__init__.py:3
src/file_domain/__init__.py,src/file_domain/models.py,FROM_IMPORT,file_domain.models.NormalizedDocument,src/file_domain/__init__.py:3
src/file_domain/__init__.py,src/file_domain/models.py,FROM_IMPORT,file_domain.models.NormalizedTable,src/file_domain/__init__.py:3
src/file_domain/__init__.py,src/file_domain/models.py,FROM_IMPORT,file_domain.models.SourceLocator,src/file_domain/__init__.py:3
src/file_domain/__init__.py,src/file_domain/models.py,FROM_IMPORT,file_domain.models.TextView,src/file_domain/__init__.py:3
src/file_domain/__init__.py,src/file_domain/serialization.py,FROM_IMPORT,file_domain.serialization.locator_to_dict,src/file_domain/__init__.py:12
src/file_domain/__init__.py,src/file_domain/serialization.py,FROM_IMPORT,file_domain.serialization.normalized_document_to_dict,src/file_domain/__init__.py:12
src/file_domain/approvals.py,external:__future__,FROM_IMPORT,__future__.annotations,src/file_domain/approvals.py:2
src/file_domain/approvals.py,external:hashlib,IMPORT,hashlib,src/file_domain/approvals.py:4
src/file_domain/approvals.py,external:json,IMPORT,json,src/file_domain/approvals.py:5
src/file_domain/approvals.py,external:dataclasses,FROM_IMPORT,dataclasses.dataclass,src/file_domain/approvals.py:6
src/file_domain/approvals.py,external:datetime,FROM_IMPORT,datetime.UTC,src/file_domain/approvals.py:7
src/file_domain/approvals.py,external:datetime,FROM_IMPORT,datetime.datetime,src/file_domain/approvals.py:7
src/file_domain/approvals.py,external:datetime,FROM_IMPORT,datetime.timedelta,src/file_domain/approvals.py:7
src/file_domain/approvals.py,external:typing,FROM_IMPORT,typing.Any,src/file_domain/approvals.py:8
src/file_domain/approvals.py,external:typing,FROM_IMPORT,typing.Literal,src/file_domain/approvals.py:8
src/file_domain/approvals.py,external:typing,FROM_IMPORT,typing.cast,src/file_domain/approvals.py:8
src/file_domain/approvals.py,external:uuid,FROM_IMPORT,uuid.UUID,src/file_domain/approvals.py:9
src/file_domain/approvals.py,external:uuid6,FROM_IMPORT,uuid6.uuid7,src/file_domain/approvals.py:11
src/file_domain/approvals.py,src/agent_workflows/tool_execution.py,FROM_IMPORT,agent_workflows.tool_execution.tool_execution_workflow_id,src/file_domain/approvals.py:13
src/file_domain/approvals.py,src/persistence/repositories.py,FROM_IMPORT,persistence.repositories.IdempotencyRepository,src/file_domain/approvals.py:14
src/file_domain/approvals.py,src/persistence/repositories.py,FROM_IMPORT,persistence.repositories.OutboxRepository,src/file_domain/approvals.py:14
src/file_domain/approvals.py,src/persistence/uow.py,FROM_IMPORT,persistence.uow.UnitOfWork,src/file_domain/approvals.py:15
src/file_domain/approvals.py,src/persistence/uow.py,FROM_IMPORT,persistence.uow.retryable_transaction,src/file_domain/approvals.py:15
src/file_domain/approvals.py,src/web_domain/errors.py,FROM_IMPORT,web_domain.errors.ConversationBusy,src/file_domain/approvals.py:16
src/file_domain/approvals.py,src/web_domain/errors.py,FROM_IMPORT,web_domain.errors.DomainError,src/file_domain/approvals.py:16
src/file_domain/approvals.py,src/web_domain/errors.py,FROM_IMPORT,web_domain.errors.IdempotencyConflict,src/file_domain/approvals.py:16
src/file_domain/approvals.py,src/web_domain/errors.py,FROM_IMPORT,web_domain.errors.ResourceNotFound,src/file_domain/approvals.py:16
src/file_domain/approvals.py,src/web_domain/services.py,FROM_IMPORT,web_domain.services.CommandResult,src/file_domain/approvals.py:17
src/file_domain/models.py,external:__future__,FROM_IMPORT,__future__.annotations,src/file_domain/models.py:3
src/file_domain/models.py,external:dataclasses,FROM_IMPORT,dataclasses.dataclass,src/file_domain/models.py:5
src/file_domain/models.py,external:dataclasses,FROM_IMPORT,dataclasses.field,src/file_domain/models.py:5
src/file_domain/models.py,external:pathlib,FROM_IMPORT,pathlib.Path,src/file_domain/models.py:6
src/file_domain/models.py,external:typing,FROM_IMPORT,typing.Any,src/file_domain/models.py:7
src/file_domain/models.py,external:uuid,FROM_IMPORT,uuid.UUID,src/file_domain/models.py:8
src/file_domain/persistence.py,external:__future__,FROM_IMPORT,__future__.annotations,src/file_domain/persistence.py:3
src/file_domain/persistence.py,external:json,IMPORT,json,src/file_domain/persistence.py:5
src/file_domain/persistence.py,external:typing,FROM_IMPORT,typing.Any,src/file_domain/persistence.py:6
src/file_domain/persistence.py,external:uuid,FROM_IMPORT,uuid.UUID,src/file_domain/persistence.py:7
src/file_domain/persistence.py,src/persistence/uow.py,FROM_IMPORT,persistence.uow.UnitOfWork,src/file_domain/persistence.py:9
src/file_domain/persistent.py,external:__future__,FROM_IMPORT,__future__.annotations,src/file_domain/persistent.py:2
src/file_domain/persistent.py,external:hashlib,IMPORT,hashlib,src/file_domain/persistent.py:4
src/file_domain/persistent.py,external:json,IMPORT,json,src/file_domain/persistent.py:5
src/file_domain/persistent.py,external:shutil,IMPORT,shutil,src/file_domain/persistent.py:6
src/file_domain/persistent.py,external:dataclasses,FROM_IMPORT,dataclasses.dataclass,src/file_domain/persistent.py:7
src/file_domain/persistent.py,external:pathlib,FROM_IMPORT,pathlib.Path,src/file_domain/persistent.py:8
src/file_domain/persistent.py,external:pathlib,FROM_IMPORT,pathlib.PurePosixPath,src/file_domain/persistent.py:8
src/file_domain/persistent.py,external:tempfile,FROM_IMPORT,tempfile.TemporaryDirectory,src/file_domain/persistent.py:9
src/file_domain/persistent.py,external:typing,FROM_IMPORT,typing.Any,src/file_domain/persistent.py:10
src/file_domain/persistent.py,external:uuid,FROM_IMPORT,uuid.UUID,src/file_domain/persistent.py:11
src/file_domain/persistent.py,external:uuid6,FROM_IMPORT,uuid6.uuid7,src/file_domain/persistent.py:13
src/file_domain/persistent.py,src/file_runtime/output.py,FROM_IMPORT,file_runtime.output.OutputPublisher,src/file_domain/persistent.py:15
src/file_domain/persistent.py,src/file_runtime/output.py,FROM_IMPORT,file_runtime.output.PublishedOutput,src/file_domain/persistent.py:15
src/file_domain/persistent.py,src/persistence/uow.py,FROM_IMPORT,persistence.uow.UnitOfWork,src/file_domain/persistent.py:16
src/file_domain/persistent.py,src/persistence/uow.py,FROM_IMPORT,persistence.uow.retryable_transaction,src/file_domain/persistent.py:16
src/file_domain/persistent.py,src/storage/tenant_file_store.py,FROM_IMPORT,storage.tenant_file_store.TenantFileStore,src/file_domain/persistent.py:17
src/file_domain/persistent.py,src/workspace/file_scope.py,FROM_IMPORT,workspace.file_scope.RunFileScope,src/file_domain/persistent.py:18
src/file_domain/persistent.py,src/file_domain/approvals.py,FROM_IMPORT,file_domain.approvals.ApprovalNotGranted,src/file_domain/persistent.py:20
src/file_domain/persistent.py,src/file_domain/approvals.py,FROM_IMPORT,file_domain.approvals.FileActionApprovalService,src/file_domain/persistent.py:20
src/file_domain/providers.py,external:__future__,FROM_IMPORT,__future__.annotations,src/file_domain/providers.py:3
src/file_domain/providers.py,external:typing,FROM_IMPORT,typing.Protocol,src/file_domain/providers.py:5
src/file_domain/providers.py,src/file_domain/models.py,FROM_IMPORT,file_domain.models.FileResource,src/file_domain/providers.py:7
src/file_domain/providers.py,src/file_domain/models.py,FROM_IMPORT,file_domain.models.NormalizedDocument,src/file_domain/providers.py:7
src/file_domain/providers.py,src/file_domain/models.py,FROM_IMPORT,file_domain.models.TextView,src/file_domain/providers.py:7
src/file_domain/serialization.py,external:__future__,FROM_IMPORT,__future__.annotations,src/file_domain/serialization.py:3
src/file_domain/serialization.py,external:typing,FROM_IMPORT,typing.Any,src/file_domain/serialization.py:5
src/file_domain/serialization.py,src/file_domain/models.py,FROM_IMPORT,file_domain.models.NormalizedDocument,src/file_domain/serialization.py:7
src/file_domain/serialization.py,src/file_domain/models.py,FROM_IMPORT,file_domain.models.SourceLocator,src/file_domain/serialization.py:7
src/file_runtime/__init__.py,src/file_runtime/output.py,FROM_IMPORT,file_runtime.output.OutputPublisher,src/file_runtime/__init__.py:3
src/file_runtime/__init__.py,src/file_runtime/output.py,FROM_IMPORT,file_runtime.output.PublishedOutput,src/file_runtime/__init__.py:3
src/file_runtime/__init__.py,src/file_runtime/registry.py,FROM_IMPORT,file_runtime.registry.FileAdapterRegistry,src/file_runtime/__init__.py:4
src/file_runtime/__init__.py,src/file_runtime/research_output.py,FROM_IMPORT,file_runtime.research_output.ResearchMarkdownPublisher,src/file_runtime/__init__.py:5
src/file_runtime/__init__.py,src/file_runtime/resolver.py,FROM_IMPORT,file_runtime.resolver.FileResourceResolver,src/file_runtime/__init__.py:6
src/file_runtime/output.py,external:__future__,FROM_IMPORT,__future__.annotations,src/file_runtime/output.py:3
src/file_runtime/output.py,external:mimetypes,IMPORT,mimetypes,src/file_runtime/output.py:5
src/file_runtime/output.py,external:dataclasses,FROM_IMPORT,dataclasses.dataclass,src/file_runtime/output.py:6
src/file_runtime/output.py,external:pathlib,FROM_IMPORT,pathlib.Path,src/file_runtime/output.py:7
src/file_runtime/output.py,external:uuid,FROM_IMPORT,uuid.UUID,src/file_runtime/output.py:8
src/file_runtime/output.py,external:uuid,FROM_IMPORT,uuid.uuid5,src/file_runtime/output.py:8
src/file_runtime/output.py,src/persistence/uow.py,FROM_IMPORT,persistence.uow.UnitOfWork,src/file_runtime/output.py:10
src/file_runtime/output.py,src/storage/tenant_file_store.py,FROM_IMPORT,storage.tenant_file_store.FileStoreError,src/file_runtime/output.py:11
src/file_runtime/output.py,src/storage/tenant_file_store.py,FROM_IMPORT,storage.tenant_file_store.TenantFileStore,src/file_runtime/output.py:11
src/file_runtime/output.py,src/workspace/file_scope.py,FROM_IMPORT,workspace.file_scope.RunFileScope,src/file_runtime/output.py:12
src/file_runtime/registry.py,external:__future__,FROM_IMPORT,__future__.annotations,src/file_runtime/registry.py:3
src/file_runtime/registry.py,external:dataclasses,FROM_IMPORT,dataclasses.dataclass,src/file_runtime/registry.py:5
src/file_runtime/registry.py,external:typing,FROM_IMPORT,typing.Any,src/file_runtime/registry.py:6
src/file_runtime/registry.py,src/file_domain/models.py,FROM_IMPORT,file_domain.models.FileResource,src/file_runtime/registry.py:8
src/file_runtime/research_output.py,external:__future__,FROM_IMPORT,__future__.annotations,src/file_runtime/research_output.py:2
src/file_runtime/research_output.py,external:pathlib,FROM_IMPORT,pathlib.Path,src/file_runtime/research_output.py:4
src/file_runtime/research_output.py,external:tempfile,FROM_IMPORT,tempfile.TemporaryDirectory,src/file_runtime/research_output.py:5
src/file_runtime/research_output.py,external:uuid,FROM_IMPORT,uuid.UUID,src/file_runtime/research_output.py:6
src/file_runtime/research_output.py,src/workspace/file_scope.py,FROM_IMPORT,workspace.file_scope.RunFileScope,src/file_runtime/research_output.py:8
src/file_runtime/research_output.py,src/file_runtime/output.py,FROM_IMPORT,file_runtime.output.OutputPublisher,src/file_runtime/research_output.py:10
src/file_runtime/research_output.py,src/file_runtime/output.py,FROM_IMPORT,file_runtime.output.PublishedOutput,src/file_runtime/research_output.py:10
src/file_runtime/resolver.py,external:__future__,FROM_IMPORT,__future__.annotations,src/file_runtime/resolver.py:3
src/file_runtime/resolver.py,external:mimetypes,IMPORT,mimetypes,src/file_runtime/resolver.py:5
src/file_runtime/resolver.py,external:os,IMPORT,os,src/file_runtime/resolver.py:6
src/file_runtime/resolver.py,external:stat,IMPORT,stat,src/file_runtime/resolver.py:7
src/file_runtime/resolver.py,external:pathlib,FROM_IMPORT,pathlib.Path,src/file_runtime/resolver.py:8
src/file_runtime/resolver.py,external:uuid,FROM_IMPORT,uuid.UUID,src/file_runtime/resolver.py:9
src/file_runtime/resolver.py,src/file_domain/models.py,FROM_IMPORT,file_domain.models.FileResource,src/file_runtime/resolver.py:11
src/file_runtime/resolver.py,src/workspace/file_scope.py,FROM_IMPORT,workspace.file_scope.RunFileScope,src/file_runtime/resolver.py:12
src/file_runtime/routing.py,external:__future__,FROM_IMPORT,__future__.annotations,src/file_runtime/routing.py:2
src/file_runtime/routing.py,external:typing,FROM_IMPORT,typing.Any,src/file_runtime/routing.py:4
src/file_runtime/routing.py,external:temporalio.common,FROM_IMPORT,temporalio.common.WorkflowIDConflictPolicy,src/file_runtime/routing.py:6
src/file_runtime/routing.py,external:temporalio.common,FROM_IMPORT,temporalio.common.WorkflowIDReusePolicy,src/file_runtime/routing.py:6
src/file_runtime/routing.py,external:temporalio.exceptions,FROM_IMPORT,temporalio.exceptions.WorkflowAlreadyStartedError,src/file_runtime/routing.py:7
src/file_runtime/routing.py,src/document_activities/contracts.py,FROM_IMPORT,document_activities.contracts.NormalizedDocumentRef,src/file_runtime/routing.py:9
src/file_runtime/routing.py,src/document_activities/contracts.py,FROM_IMPORT,document_activities.contracts.NormalizeDocumentInput,src/file_runtime/routing.py:9
src/file_runtime/routing.py,src/file_domain/models.py,FROM_IMPORT,file_domain.models.FileResource,src/file_runtime/routing.py:10
src/file_runtime/routing.py,src/orchestration/document_workflow.py,FROM_IMPORT,orchestration.document_workflow.NormalizeDocumentWorkflow,src/file_runtime/routing.py:11
src/file_runtime/routing.py,src/orchestration/web_workflow.py,FROM_IMPORT,orchestration.web_workflow.WEB_LIFECYCLE_TASK_QUEUE,src/file_runtime/routing.py:12
src/harness/__init__.py,src/harness/context_builder.py,FROM_IMPORT,harness.context_builder.HarnessContextBuilder,src/harness/__init__.py:3
src/harness/activities.py,external:__future__,FROM_IMPORT,__future__.annotations,src/harness/activities.py:2
src/harness/activities.py,external:json,IMPORT,json,src/harness/activities.py:4
src/harness/activities.py,external:logging,IMPORT,logging,src/harness/activities.py:5
src/harness/activities.py,external:time,IMPORT,time,src/harness/activities.py:6
src/harness/activities.py,external:typing,FROM_IMPORT,typing.Any,src/harness/activities.py:7
src/harness/activities.py,external:typing,FROM_IMPORT,typing.Dict,src/harness/activities.py:7
src/harness/activities.py,external:typing,FROM_IMPORT,typing.List,src/harness/activities.py:7
src/harness/activities.py,external:typing,FROM_IMPORT,typing.cast,src/harness/activities.py:7
src/harness/activities.py,external:temporalio,FROM_IMPORT,temporalio.activity,src/harness/activities.py:9
src/harness/context_builder.py,external:logging,IMPORT,logging,src/harness/context_builder.py:22
src/harness/context_builder.py,external:typing,FROM_IMPORT,typing.Any,src/harness/context_builder.py:23
src/harness/context_builder.py,external:typing,FROM_IMPORT,typing.Dict,src/harness/context_builder.py:23
src/harness/context_builder.py,external:typing,FROM_IMPORT,typing.List,src/harness/context_builder.py:23
src/harness/context_builder.py,external:typing,FROM_IMPORT,typing.Optional,src/harness/context_builder.py:23
src/harness/context_builder.py,src/common/token_counter.py,FROM_IMPORT,common.token_counter.estimate_tokens,src/harness/context_builder.py:25
src/harness/context_builder.py,src/common/types.py,FROM_IMPORT,common.types.ChannelType,src/harness/context_builder.py:26
src/harness/context_builder.py,src/common/types.py,FROM_IMPORT,common.types.Event,src/harness/context_builder.py:26
src/harness/context_builder.py,src/common/types.py,FROM_IMPORT,common.types.EventType,src/harness/context_builder.py:26
src/harness/context_builder.py,src/harness/prompts.py,FROM_IMPORT,harness.prompts.PromptLoader,src/harness/context_builder.py:27
src/harness/prompts.py,external:__future__,FROM_IMPORT,__future__.annotations,src/harness/prompts.py:14
src/harness/prompts.py,external:logging,IMPORT,logging,src/harness/prompts.py:16
src/harness/prompts.py,external:typing,FROM_IMPORT,typing.Dict,src/harness/prompts.py:17
src/harness/prompts.py,external:typing,FROM_IMPORT,typing.Any,src/harness/prompts.py:17
src/harness/prompts.py,src/orchestration/config.py,FROM_IMPORT,orchestration.config.PromptsConfig,src/harness/prompts.py:46
src/main.py,external:asyncio,IMPORT,asyncio,src/main.py:19
src/main.py,external:logging,IMPORT,logging,src/main.py:20
src/main.py,external:os,IMPORT,os,src/main.py:21
src/main.py,external:sys,IMPORT,sys,src/main.py:22
src/main.py,external:pathlib,FROM_IMPORT,pathlib.Path,src/main.py:23
src/main.py,src/common/logging.py,FROM_IMPORT,common.logging.setup_logging,src/main.py:43
src/main.py,src/orchestration/config.py,FROM_IMPORT,orchestration.config.AppConfig,src/main.py:51
src/main.py,src/orchestration/worker.py,FROM_IMPORT,orchestration.worker.start_worker,src/main.py:52
src/main.py,external:dotenv,FROM_IMPORT,dotenv.load_dotenv,src/main.py:35
src/memory/__init__.py,src/memory/hindsight_client.py,FROM_IMPORT,memory.hindsight_client.HindsightClient,src/memory/__init__.py:15
src/memory/__init__.py,src/memory/hindsight_client.py,FROM_IMPORT,memory.hindsight_client.MemoryItem,src/memory/__init__.py:15
src/memory/group_context.py,external:__future__,FROM_IMPORT,__future__.annotations,src/memory/group_context.py:20
src/memory/group_context.py,external:json,IMPORT,json,src/memory/group_context.py:22
src/memory/group_context.py,external:logging,IMPORT,logging,src/memory/group_context.py:23
src/memory/group_context.py,external:datetime,FROM_IMPORT,datetime.datetime,src/memory/group_context.py:24
src/memory/group_context.py,external:datetime,FROM_IMPORT,datetime.timezone,src/memory/group_context.py:24
src/memory/group_context.py,external:typing,FROM_IMPORT,typing.Any,src/memory/group_context.py:25
src/memory/group_context.py,external:typing,FROM_IMPORT,typing.Optional,src/memory/group_context.py:25
src/memory/hindsight_client.py,external:__future__,FROM_IMPORT,__future__.annotations,src/memory/hindsight_client.py:14
src/memory/hindsight_client.py,external:asyncio,IMPORT,asyncio,src/memory/hindsight_client.py:16
src/memory/hindsight_client.py,external:logging,IMPORT,logging,src/memory/hindsight_client.py:17
src/memory/hindsight_client.py,external:time,IMPORT,time,src/memory/hindsight_client.py:18
src/memory/hindsight_client.py,external:dataclasses,FROM_IMPORT,dataclasses.dataclass,src/memory/hindsight_client.py:19
src/memory/hindsight_client.py,external:dataclasses,FROM_IMPORT,dataclasses.field,src/memory/hindsight_client.py:19
src/memory/hindsight_client.py,external:typing,FROM_IMPORT,typing.Any,src/memory/hindsight_client.py:20
src/memory/hindsight_client.py,external:typing,FROM_IMPORT,typing.Dict,src/memory/hindsight_client.py:20
src/memory/hindsight_client.py,external:typing,FROM_IMPORT,typing.List,src/memory/hindsight_client.py:20
src/memory/hindsight_client.py,external:typing,FROM_IMPORT,typing.Optional,src/memory/hindsight_client.py:20
src/memory/hindsight_client.py,external:httpx,IMPORT,httpx,src/memory/hindsight_client.py:22
src/orchestration/__init__.py,src/orchestration/workflow.py,FROM_IMPORT,orchestration.workflow.OrchestrationWorkflow,src/orchestration/__init__.py:18
src/orchestration/__init__.py,src/orchestration/worker.py,FROM_IMPORT,orchestration.worker.start_worker,src/orchestration/__init__.py:22
src/orchestration/artifact_activities.py,external:__future__,FROM_IMPORT,__future__.annotations,src/orchestration/artifact_activities.py:1
src/orchestration/artifact_activities.py,external:uuid,FROM_IMPORT,uuid.UUID,src/orchestration/artifact_activities.py:3
src/orchestration/artifact_activities.py,external:temporalio,FROM_IMPORT,temporalio.activity,src/orchestration/artifact_activities.py:5
src/orchestration/artifact_activities.py,src/web_artifacts/build.py,FROM_IMPORT,web_artifacts.build.ArtifactBuildService,src/orchestration/artifact_activities.py:7
src/orchestration/artifact_activities.py,src/web_artifacts/models.py,FROM_IMPORT,web_artifacts.models.ArtifactBuildInput,src/orchestration/artifact_activities.py:8
src/orchestration/artifact_dispatcher.py,external:__future__,FROM_IMPORT,__future__.annotations,src/orchestration/artifact_dispatcher.py:1
src/orchestration/artifact_dispatcher.py,external:asyncio,IMPORT,asyncio,src/orchestration/artifact_dispatcher.py:3
src/orchestration/artifact_dispatcher.py,external:logging,IMPORT,logging,src/orchestration/artifact_dispatcher.py:4
src/orchestration/artifact_dispatcher.py,external:datetime,FROM_IMPORT,datetime.UTC,src/orchestration/artifact_dispatcher.py:5
src/orchestration/artifact_dispatcher.py,external:datetime,FROM_IMPORT,datetime.datetime,src/orchestration/artifact_dispatcher.py:5
src/orchestration/artifact_dispatcher.py,external:datetime,FROM_IMPORT,datetime.timedelta,src/orchestration/artifact_dispatcher.py:5
src/orchestration/artifact_dispatcher.py,external:uuid,FROM_IMPORT,uuid.UUID,src/orchestration/artifact_dispatcher.py:6
src/orchestration/artifact_dispatcher.py,external:temporalio.client,FROM_IMPORT,temporalio.client.Client,src/orchestration/artifact_dispatcher.py:8
src/orchestration/artifact_dispatcher.py,external:temporalio.common,FROM_IMPORT,temporalio.common.WorkflowIDConflictPolicy,src/orchestration/artifact_dispatcher.py:9
src/orchestration/artifact_dispatcher.py,external:temporalio.common,FROM_IMPORT,temporalio.common.WorkflowIDReusePolicy,src/orchestration/artifact_dispatcher.py:9
src/orchestration/artifact_dispatcher.py,external:temporalio.exceptions,FROM_IMPORT,temporalio.exceptions.WorkflowAlreadyStartedError,src/orchestration/artifact_dispatcher.py:10
src/orchestration/artifact_dispatcher.py,src/common/logging.py,FROM_IMPORT,common.logging.log_event,src/orchestration/artifact_dispatcher.py:12
src/orchestration/artifact_dispatcher.py,src/web_artifacts/models.py,FROM_IMPORT,web_artifacts.models.ArtifactBuildInput,src/orchestration/artifact_dispatcher.py:13
src/orchestration/artifact_dispatcher.py,src/web_artifacts/outbox.py,FROM_IMPORT,web_artifacts.outbox.ArtifactOutboxService,src/orchestration/artifact_dispatcher.py:14
src/orchestration/artifact_dispatcher.py,src/orchestration/artifact_workflow.py,FROM_IMPORT,orchestration.artifact_workflow.ARTIFACT_TASK_QUEUE,src/orchestration/artifact_dispatcher.py:16
src/orchestration/artifact_dispatcher.py,src/orchestration/artifact_workflow.py,FROM_IMPORT,orchestration.artifact_workflow.ArtifactBuildWorkflow,src/orchestration/artifact_dispatcher.py:16
src/orchestration/artifact_workflow.py,external:__future__,FROM_IMPORT,__future__.annotations,src/orchestration/artifact_workflow.py:1
src/orchestration/artifact_workflow.py,external:datetime,FROM_IMPORT,datetime.timedelta,src/orchestration/artifact_workflow.py:3
src/orchestration/artifact_workflow.py,external:temporalio,FROM_IMPORT,temporalio.workflow,src/orchestration/artifact_workflow.py:5
src/orchestration/artifact_workflow.py,external:temporalio.common,FROM_IMPORT,temporalio.common.RetryPolicy,src/orchestration/artifact_workflow.py:6
src/orchestration/artifact_workflow.py,src/orchestration/web_workflow.py,FROM_IMPORT,orchestration.web_workflow.WEB_LIFECYCLE_TASK_QUEUE,src/orchestration/artifact_workflow.py:11
src/orchestration/artifact_workflow.py,src/web_artifacts/models.py,FROM_IMPORT,web_artifacts.models.ArtifactBuildInput,src/orchestration/artifact_workflow.py:9
src/orchestration/config.py,external:__future__,FROM_IMPORT,__future__.annotations,src/orchestration/config.py:15
src/orchestration/config.py,external:dataclasses,IMPORT,dataclasses,src/orchestration/config.py:17
src/orchestration/config.py,external:logging,IMPORT,logging,src/orchestration/config.py:18
src/orchestration/config.py,external:dataclasses,FROM_IMPORT,dataclasses.dataclass,src/orchestration/config.py:19
src/orchestration/config.py,external:dataclasses,FROM_IMPORT,dataclasses.field,src/orchestration/config.py:19
src/orchestration/config.py,external:pathlib,FROM_IMPORT,pathlib.Path,src/orchestration/config.py:20
src/orchestration/config.py,external:typing,FROM_IMPORT,typing.TYPE_CHECKING,src/orchestration/config.py:21
src/orchestration/config.py,external:typing,FROM_IMPORT,typing.Any,src/orchestration/config.py:21
src/orchestration/config.py,external:typing,FROM_IMPORT,typing.Dict,src/orchestration/config.py:21
src/orchestration/config.py,external:typing,FROM_IMPORT,typing.List,src/orchestration/config.py:21
src/orchestration/config.py,src/resources/credentials.py,TYPE_ONLY,resources.credentials.ModelEndpoint,src/orchestration/config.py:24
src/orchestration/config.py,src/resources/credentials.py,FROM_IMPORT,resources.credentials.ModelEndpoint,src/orchestration/config.py:148
src/orchestration/config.py,external:os,IMPORT,os,src/orchestration/config.py:188
src/orchestration/config.py,external:yaml,IMPORT,yaml,src/orchestration/config.py:190
src/orchestration/config.py,external:yaml,IMPORT,yaml,src/orchestration/config.py:509
src/orchestration/config.py,external:os,IMPORT,os,src/orchestration/config.py:633
src/orchestration/config.py,external:yaml,IMPORT,yaml,src/orchestration/config.py:635
src/orchestration/document_worker.py,external:__future__,FROM_IMPORT,__future__.annotations,src/orchestration/document_worker.py:3
src/orchestration/document_worker.py,external:asyncio,IMPORT,asyncio,src/orchestration/document_worker.py:5
src/orchestration/document_worker.py,external:logging,IMPORT,logging,src/orchestration/document_worker.py:6
src/orchestration/document_worker.py,external:os,IMPORT,os,src/orchestration/document_worker.py:7
src/orchestration/document_worker.py,external:pathlib,FROM_IMPORT,pathlib.Path,src/orchestration/document_worker.py:8
src/orchestration/document_worker.py,external:temporalio.client,FROM_IMPORT,temporalio.client.Client,src/orchestration/document_worker.py:10
src/orchestration/document_worker.py,external:temporalio.worker,FROM_IMPORT,temporalio.worker.Worker,src/orchestration/document_worker.py:11
src/orchestration/document_worker.py,src/document_activities/__init__.py,FROM_IMPORT,document_activities.DocumentActivities,src/orchestration/document_worker.py:13
src/orchestration/document_worker.py,src/file_adapters/__init__.py,FROM_IMPORT,file_adapters.DoclingStructuredDocumentProvider,src/orchestration/document_worker.py:14
src/orchestration/document_worker.py,src/orchestration/document_contracts.py,FROM_IMPORT,orchestration.document_contracts.DOCUMENT_TASK_QUEUE,src/orchestration/document_worker.py:15
src/orchestration/document_worker.py,src/storage/tenant_file_store.py,FROM_IMPORT,storage.tenant_file_store.TenantFileReader,src/orchestration/document_worker.py:16
src/orchestration/document_worker.py,src/workspace/file_scope.py,FROM_IMPORT,workspace.file_scope.RunFileWorkspace,src/orchestration/document_worker.py:17
src/orchestration/document_workflow.py,external:__future__,FROM_IMPORT,__future__.annotations,src/orchestration/document_workflow.py:3
src/orchestration/document_workflow.py,external:datetime,FROM_IMPORT,datetime.timedelta,src/orchestration/document_workflow.py:5
src/orchestration/document_workflow.py,external:temporalio,FROM_IMPORT,temporalio.workflow,src/orchestration/document_workflow.py:7
src/orchestration/document_workflow.py,external:temporalio.common,FROM_IMPORT,temporalio.common.RetryPolicy,src/orchestration/document_workflow.py:8
src/orchestration/document_workflow.py,src/document_activities/contracts.py,FROM_IMPORT,document_activities.contracts.NormalizedDocumentRef,src/orchestration/document_workflow.py:10
src/orchestration/document_workflow.py,src/document_activities/contracts.py,FROM_IMPORT,document_activities.contracts.NormalizeDocumentInput,src/orchestration/document_workflow.py:10
src/orchestration/document_workflow.py,src/orchestration/document_contracts.py,FROM_IMPORT,orchestration.document_contracts.DOCUMENT_TASK_QUEUE,src/orchestration/document_workflow.py:11
src/orchestration/durable_web_workflow.py,external:__future__,FROM_IMPORT,__future__.annotations,src/orchestration/durable_web_workflow.py:6
src/orchestration/durable_web_workflow.py,external:asyncio,IMPORT,asyncio,src/orchestration/durable_web_workflow.py:8
src/orchestration/durable_web_workflow.py,external:dataclasses,FROM_IMPORT,dataclasses.dataclass,src/orchestration/durable_web_workflow.py:9
src/orchestration/durable_web_workflow.py,external:datetime,FROM_IMPORT,datetime.timedelta,src/orchestration/durable_web_workflow.py:10
src/orchestration/durable_web_workflow.py,external:temporalio,FROM_IMPORT,temporalio.workflow,src/orchestration/durable_web_workflow.py:12
src/orchestration/durable_web_workflow.py,external:temporalio.exceptions,FROM_IMPORT,temporalio.exceptions.ActivityError,src/orchestration/durable_web_workflow.py:13
src/orchestration/durable_web_workflow.py,external:temporalio.exceptions,FROM_IMPORT,temporalio.exceptions.ApplicationError,src/orchestration/durable_web_workflow.py:13
src/orchestration/durable_web_workflow.py,external:temporalio.exceptions,FROM_IMPORT,temporalio.exceptions.ChildWorkflowError,src/orchestration/durable_web_workflow.py:13
src/orchestration/durable_web_workflow.py,external:temporalio.exceptions,FROM_IMPORT,temporalio.exceptions.is_cancelled_exception,src/orchestration/durable_web_workflow.py:13
src/orchestration/durable_web_workflow.py,src/agent_workflows/agent_run.py,FROM_IMPORT,agent_workflows.agent_run.AgentRunWorkflow,src/orchestration/durable_web_workflow.py:20
src/orchestration/durable_web_workflow.py,src/agent_workflows/contracts.py,FROM_IMPORT,agent_workflows.contracts.AGENT_SCHEMA_VERSION,src/orchestration/durable_web_workflow.py:21
src/orchestration/durable_web_workflow.py,src/agent_workflows/contracts.py,FROM_IMPORT,agent_workflows.contracts.AGENT_TASK_QUEUE,src/orchestration/durable_web_workflow.py:21
src/orchestration/durable_web_workflow.py,src/agent_workflows/contracts.py,FROM_IMPORT,agent_workflows.contracts.AgentRunInput,src/orchestration/durable_web_workflow.py:21
src/orchestration/durable_web_workflow.py,src/agent_workflows/contracts.py,FROM_IMPORT,agent_workflows.contracts.FinalizeResultInput,src/orchestration/durable_web_workflow.py:21
src/orchestration/durable_web_workflow.py,src/orchestration/web_workflow.py,FROM_IMPORT,orchestration.web_workflow._FINALIZE_RETRY,src/orchestration/durable_web_workflow.py:28
src/orchestration/durable_web_workflow.py,src/orchestration/web_workflow.py,FROM_IMPORT,orchestration.web_workflow._LIFECYCLE_RETRY,src/orchestration/durable_web_workflow.py:28
src/orchestration/durable_web_workflow.py,src/orchestration/web_workflow.py,FROM_IMPORT,orchestration.web_workflow._STABLE_FAILURE_MESSAGES,src/orchestration/durable_web_workflow.py:28
src/orchestration/durable_web_workflow.py,src/orchestration/web_workflow.py,FROM_IMPORT,orchestration.web_workflow.WEB_FINALIZE_SCHEDULE_TO_CLOSE_SECONDS,src/orchestration/durable_web_workflow.py:28
src/orchestration/durable_web_workflow.py,src/orchestration/web_workflow.py,FROM_IMPORT,orchestration.web_workflow.WEB_FINALIZE_START_TO_CLOSE_SECONDS,src/orchestration/durable_web_workflow.py:28
src/orchestration/durable_web_workflow.py,src/orchestration/web_workflow.py,FROM_IMPORT,orchestration.web_workflow.WEB_LIFECYCLE_TASK_QUEUE,src/orchestration/durable_web_workflow.py:28
src/orchestration/durable_web_workflow.py,src/orchestration/web_workflow.py,FROM_IMPORT,orchestration.web_workflow.WEB_PREPARE_SCHEDULE_TO_CLOSE_SECONDS,src/orchestration/durable_web_workflow.py:28
src/orchestration/durable_web_workflow.py,src/orchestration/web_workflow.py,FROM_IMPORT,orchestration.web_workflow.WEB_PREPARE_START_TO_CLOSE_SECONDS,src/orchestration/durable_web_workflow.py:28
src/orchestration/durable_web_workflow.py,src/orchestration/web_workflow.py,FROM_IMPORT,orchestration.web_workflow.FailureInput,src/orchestration/durable_web_workflow.py:28
src/orchestration/durable_web_workflow.py,src/orchestration/web_workflow.py,FROM_IMPORT,orchestration.web_workflow.RunAuthority,src/orchestration/durable_web_workflow.py:28
src/orchestration/durable_web_workflow.py,src/orchestration/web_workflow.py,FROM_IMPORT,orchestration.web_workflow.WebRunWorkflowInput,src/orchestration/durable_web_workflow.py:28
src/orchestration/memory_retention_worker.py,external:__future__,FROM_IMPORT,__future__.annotations,src/orchestration/memory_retention_worker.py:12
src/orchestration/memory_retention_worker.py,external:asyncio,IMPORT,asyncio,src/orchestration/memory_retention_worker.py:14
src/orchestration/memory_retention_worker.py,external:logging,IMPORT,logging,src/orchestration/memory_retention_worker.py:15
src/orchestration/memory_retention_worker.py,external:collections.abc,FROM_IMPORT,collections.abc.Sequence,src/orchestration/memory_retention_worker.py:16
src/orchestration/memory_retention_worker.py,external:datetime,FROM_IMPORT,datetime.UTC,src/orchestration/memory_retention_worker.py:17
src/orchestration/memory_retention_worker.py,external:datetime,FROM_IMPORT,datetime.datetime,src/orchestration/memory_retention_worker.py:17
src/orchestration/memory_retention_worker.py,external:datetime,FROM_IMPORT,datetime.timedelta,src/orchestration/memory_retention_worker.py:17
src/orchestration/memory_retention_worker.py,external:typing,FROM_IMPORT,typing.Any,src/orchestration/memory_retention_worker.py:18
src/orchestration/memory_retention_worker.py,external:uuid,FROM_IMPORT,uuid.UUID,src/orchestration/memory_retention_worker.py:19
src/orchestration/memory_retention_worker.py,src/common/logging.py,FROM_IMPORT,common.logging.log_event,src/orchestration/memory_retention_worker.py:21
src/orchestration/research_schedule.py,external:__future__,FROM_IMPORT,__future__.annotations,src/orchestration/research_schedule.py:2
src/orchestration/research_schedule.py,external:asyncio,IMPORT,asyncio,src/orchestration/research_schedule.py:4
src/orchestration/research_schedule.py,external:logging,IMPORT,logging,src/orchestration/research_schedule.py:5
src/orchestration/research_schedule.py,external:typing,FROM_IMPORT,typing.Any,src/orchestration/research_schedule.py:6
src/orchestration/research_schedule.py,external:temporalio.client,FROM_IMPORT,temporalio.client.Schedule,src/orchestration/research_schedule.py:8
src/orchestration/research_schedule.py,external:temporalio.client,FROM_IMPORT,temporalio.client.ScheduleActionStartWorkflow,src/orchestration/research_schedule.py:8
src/orchestration/research_schedule.py,external:temporalio.client,FROM_IMPORT,temporalio.client.ScheduleOverlapPolicy,src/orchestration/research_schedule.py:8
src/orchestration/research_schedule.py,external:temporalio.client,FROM_IMPORT,temporalio.client.SchedulePolicy,src/orchestration/research_schedule.py:8
src/orchestration/research_schedule.py,external:temporalio.client,FROM_IMPORT,temporalio.client.ScheduleSpec,src/orchestration/research_schedule.py:8
src/orchestration/research_schedule.py,external:temporalio.client,FROM_IMPORT,temporalio.client.ScheduleState,src/orchestration/research_schedule.py:8
src/orchestration/research_schedule.py,src/orchestration/research_workflow.py,FROM_IMPORT,orchestration.research_workflow.RESEARCH_WORKFLOW_SCHEMA_VERSION,src/orchestration/research_schedule.py:17
src/orchestration/research_schedule.py,src/orchestration/research_workflow.py,FROM_IMPORT,orchestration.research_workflow.ResearchScheduleInput,src/orchestration/research_schedule.py:17
src/orchestration/research_schedule.py,src/orchestration/research_workflow.py,FROM_IMPORT,orchestration.research_workflow.ResearchTaskScheduleWorkflow,src/orchestration/research_schedule.py:17
src/orchestration/research_schedule.py,src/orchestration/web_workflow.py,FROM_IMPORT,orchestration.web_workflow.WEB_LIFECYCLE_TASK_QUEUE,src/orchestration/research_schedule.py:22
src/orchestration/research_schedule.py,src/persistence/uow.py,FROM_IMPORT,persistence.uow.UnitOfWork,src/orchestration/research_schedule.py:23
src/orchestration/research_schedule.py,src/persistence/uow.py,FROM_IMPORT,persistence.uow.retryable_transaction,src/orchestration/research_schedule.py:23
src/orchestration/research_workflow.py,external:__future__,FROM_IMPORT,__future__.annotations,src/orchestration/research_workflow.py:7
src/orchestration/research_workflow.py,external:dataclasses,FROM_IMPORT,dataclasses.dataclass,src/orchestration/research_workflow.py:9
src/orchestration/research_workflow.py,external:datetime,FROM_IMPORT,datetime.timedelta,src/orchestration/research_workflow.py:10
src/orchestration/research_workflow.py,external:typing,FROM_IMPORT,typing.NotRequired,src/orchestration/research_workflow.py:11
src/orchestration/research_workflow.py,external:typing,FROM_IMPORT,typing.TypedDict,src/orchestration/research_workflow.py:11
src/orchestration/research_workflow.py,external:typing,FROM_IMPORT,typing.cast,src/orchestration/research_workflow.py:11
src/orchestration/research_workflow.py,external:temporalio,FROM_IMPORT,temporalio.workflow,src/orchestration/research_workflow.py:13
src/orchestration/research_workflow.py,external:temporalio.common,FROM_IMPORT,temporalio.common.RetryPolicy,src/orchestration/research_workflow.py:14
src/orchestration/research_workflow.py,external:temporalio.exceptions,FROM_IMPORT,temporalio.exceptions.ActivityError,src/orchestration/research_workflow.py:15
src/orchestration/research_workflow.py,external:temporalio.exceptions,FROM_IMPORT,temporalio.exceptions.ApplicationError,src/orchestration/research_workflow.py:15
src/orchestration/research_workflow.py,src/orchestration/web_workflow.py,FROM_IMPORT,orchestration.web_workflow.WEB_LIFECYCLE_TASK_QUEUE,src/orchestration/research_workflow.py:17
src/orchestration/scheduler.py,external:asyncio,IMPORT,asyncio,src/orchestration/scheduler.py:16
src/orchestration/scheduler.py,external:json,IMPORT,json,src/orchestration/scheduler.py:17
src/orchestration/scheduler.py,external:logging,IMPORT,logging,src/orchestration/scheduler.py:18
src/orchestration/scheduler.py,external:os,IMPORT,os,src/orchestration/scheduler.py:19
src/orchestration/scheduler.py,external:threading,IMPORT,threading,src/orchestration/scheduler.py:20
src/orchestration/scheduler.py,external:time,IMPORT,time,src/orchestration/scheduler.py:21
src/orchestration/scheduler.py,external:uuid,IMPORT,uuid,src/orchestration/scheduler.py:22
src/orchestration/scheduler.py,external:dataclasses,FROM_IMPORT,dataclasses.dataclass,src/orchestration/scheduler.py:23
src/orchestration/scheduler.py,external:dataclasses,FROM_IMPORT,dataclasses.field,src/orchestration/scheduler.py:23
src/orchestration/scheduler.py,external:pathlib,FROM_IMPORT,pathlib.Path,src/orchestration/scheduler.py:24
src/orchestration/scheduler.py,external:typing,FROM_IMPORT,typing.Callable,src/orchestration/scheduler.py:25
src/orchestration/scheduler.py,external:typing,FROM_IMPORT,typing.Awaitable,src/orchestration/scheduler.py:25
src/orchestration/scheduler.py,external:typing,FROM_IMPORT,typing.Optional,src/orchestration/scheduler.py:25
src/orchestration/scheduler.py,external:croniter,FROM_IMPORT,croniter.croniter,src/orchestration/scheduler.py:294
src/orchestration/scheduler.py,external:datetime,FROM_IMPORT,datetime.datetime,src/orchestration/scheduler.py:295
src/orchestration/scheduler.py,external:datetime,FROM_IMPORT,datetime.timezone,src/orchestration/scheduler.py:295
src/orchestration/web_activities.py,external:__future__,FROM_IMPORT,__future__.annotations,src/orchestration/web_activities.py:2
src/orchestration/web_activities.py,external:asyncio,IMPORT,asyncio,src/orchestration/web_activities.py:4
src/orchestration/web_activities.py,external:logging,IMPORT,logging,src/orchestration/web_activities.py:5
src/orchestration/web_activities.py,external:dataclasses,FROM_IMPORT,dataclasses.asdict,src/orchestration/web_activities.py:6
src/orchestration/web_activities.py,external:typing,FROM_IMPORT,typing.Any,src/orchestration/web_activities.py:7
src/orchestration/web_activities.py,external:uuid,FROM_IMPORT,uuid.UUID,src/orchestration/web_activities.py:8
src/orchestration/web_activities.py,external:temporalio,FROM_IMPORT,temporalio.activity,src/orchestration/web_activities.py:10
src/orchestration/web_activities.py,external:temporalio.exceptions,FROM_IMPORT,temporalio.exceptions.ApplicationError,src/orchestration/web_activities.py:11
src/orchestration/web_activities.py,src/agent_activities/store.py,FROM_IMPORT,agent_activities.store.AgentDataStore,src/orchestration/web_activities.py:13
src/orchestration/web_activities.py,src/agent_activities/store.py,FROM_IMPORT,agent_activities.store.LeaseConflict,src/orchestration/web_activities.py:13
src/orchestration/web_activities.py,src/agent_execution/facade.py,FROM_IMPORT,agent_execution.facade.StableExecutionFailure,src/orchestration/web_activities.py:14
src/orchestration/web_activities.py,src/agent_execution/tracing/__init__.py,FROM_IMPORT,agent_execution.tracing.trace_end,src/orchestration/web_activities.py:15
src/orchestration/web_activities.py,src/agent_execution/tracing/__init__.py,FROM_IMPORT,agent_execution.tracing.trace_node_id,src/orchestration/web_activities.py:15
src/orchestration/web_activities.py,src/agent_execution/tracing/__init__.py,FROM_IMPORT,agent_execution.tracing.trace_start,src/orchestration/web_activities.py:15
src/orchestration/web_activities.py,src/agent_execution/web_host.py,FROM_IMPORT,agent_execution.web_host.WebExecutionHost,src/orchestration/web_activities.py:16
src/orchestration/web_activities.py,src/agent_workflows/contracts.py,FROM_IMPORT,agent_workflows.contracts.AGENT_STRATEGIES,src/orchestration/web_activities.py:17
src/orchestration/web_activities.py,src/common/logging.py,FROM_IMPORT,common.logging.log_event,src/orchestration/web_activities.py:18
src/orchestration/web_activities.py,src/orchestration/web_workflow.py,FROM_IMPORT,orchestration.web_workflow.FailureInput,src/orchestration/web_activities.py:19
src/orchestration/web_activities.py,src/orchestration/web_workflow.py,FROM_IMPORT,orchestration.web_workflow.WebRunWorkflowInput,src/orchestration/web_activities.py:19
src/orchestration/web_activities.py,src/web_domain/errors.py,FROM_IMPORT,web_domain.errors.DomainError,src/orchestration/web_activities.py:20
src/orchestration/web_activities.py,src/web_domain/lifecycle.py,FROM_IMPORT,web_domain.lifecycle.WebRunLifecycleService,src/orchestration/web_activities.py:21
src/orchestration/web_activities.py,src/orchestration/durable_web_workflow.py,FROM_IMPORT,orchestration.durable_web_workflow.AcquireLeaseInput,src/orchestration/web_activities.py:23
src/orchestration/web_activities.py,src/orchestration/durable_web_workflow.py,FROM_IMPORT,orchestration.durable_web_workflow.ReleaseLeaseInput,src/orchestration/web_activities.py:23
src/orchestration/web_activities.py,src/orchestration/web_workflow.py,FROM_IMPORT,orchestration.web_workflow.WEB_AGENT_HEARTBEAT_INTERVAL_SECONDS,src/orchestration/web_activities.py:24
src/orchestration/web_dispatcher.py,external:__future__,FROM_IMPORT,__future__.annotations,src/orchestration/web_dispatcher.py:2
src/orchestration/web_dispatcher.py,external:asyncio,IMPORT,asyncio,src/orchestration/web_dispatcher.py:4
src/orchestration/web_dispatcher.py,external:logging,IMPORT,logging,src/orchestration/web_dispatcher.py:5
src/orchestration/web_dispatcher.py,external:time,IMPORT,time,src/orchestration/web_dispatcher.py:6
src/orchestration/web_dispatcher.py,external:collections.abc,FROM_IMPORT,collections.abc.Collection,src/orchestration/web_dispatcher.py:7
src/orchestration/web_dispatcher.py,external:dataclasses,FROM_IMPORT,dataclasses.dataclass,src/orchestration/web_dispatcher.py:8
src/orchestration/web_dispatcher.py,external:datetime,FROM_IMPORT,datetime.UTC,src/orchestration/web_dispatcher.py:9
src/orchestration/web_dispatcher.py,external:datetime,FROM_IMPORT,datetime.datetime,src/orchestration/web_dispatcher.py:9
src/orchestration/web_dispatcher.py,external:datetime,FROM_IMPORT,datetime.timedelta,src/orchestration/web_dispatcher.py:9
src/orchestration/web_dispatcher.py,external:typing,FROM_IMPORT,typing.Protocol,src/orchestration/web_dispatcher.py:10
src/orchestration/web_dispatcher.py,external:uuid,FROM_IMPORT,uuid.UUID,src/orchestration/web_dispatcher.py:11
src/orchestration/web_dispatcher.py,external:temporalio.client,FROM_IMPORT,temporalio.client.Client,src/orchestration/web_dispatcher.py:13
src/orchestration/web_dispatcher.py,external:temporalio.common,FROM_IMPORT,temporalio.common.WorkflowIDConflictPolicy,src/orchestration/web_dispatcher.py:14
src/orchestration/web_dispatcher.py,external:temporalio.common,FROM_IMPORT,temporalio.common.WorkflowIDReusePolicy,src/orchestration/web_dispatcher.py:14
src/orchestration/web_dispatcher.py,external:temporalio.exceptions,FROM_IMPORT,temporalio.exceptions.WorkflowAlreadyStartedError,src/orchestration/web_dispatcher.py:15
src/orchestration/web_dispatcher.py,external:temporalio.service,FROM_IMPORT,temporalio.service.RPCError,src/orchestration/web_dispatcher.py:16
src/orchestration/web_dispatcher.py,external:temporalio.service,FROM_IMPORT,temporalio.service.RPCStatusCode,src/orchestration/web_dispatcher.py:16
src/orchestration/web_dispatcher.py,src/agent_workflows/contracts.py,FROM_IMPORT,agent_workflows.contracts.ApprovalDecisionSignal,src/orchestration/web_dispatcher.py:18
src/orchestration/web_dispatcher.py,src/agent_workflows/tool_execution.py,FROM_IMPORT,agent_workflows.tool_execution.ToolExecutionWorkflow,src/orchestration/web_dispatcher.py:19
src/orchestration/web_dispatcher.py,src/common/logging.py,FROM_IMPORT,common.logging.log_event,src/orchestration/web_dispatcher.py:20
src/orchestration/web_dispatcher.py,src/orchestration/research_workflow.py,FROM_IMPORT,orchestration.research_workflow.ResearchReportWorkflow,src/orchestration/web_dispatcher.py:21
src/orchestration/web_dispatcher.py,src/orchestration/research_workflow.py,FROM_IMPORT,orchestration.research_workflow.ResearchWorkflowInput,src/orchestration/web_dispatcher.py:21
src/orchestration/web_dispatcher.py,src/orchestration/web_workflow.py,FROM_IMPORT,orchestration.web_workflow.WEB_LIFECYCLE_TASK_QUEUE,src/orchestration/web_dispatcher.py:22
src/orchestration/web_dispatcher.py,src/orchestration/web_workflow.py,FROM_IMPORT,orchestration.web_workflow.WEB_WORKFLOW_EXECUTION_TIMEOUT_SECONDS,src/orchestration/web_dispatcher.py:22
src/orchestration/web_dispatcher.py,src/orchestration/web_workflow.py,FROM_IMPORT,orchestration.web_workflow.WebRunWorkflow,src/orchestration/web_dispatcher.py:22
src/orchestration/web_dispatcher.py,src/orchestration/web_workflow.py,FROM_IMPORT,orchestration.web_workflow.WebRunWorkflowInput,src/orchestration/web_dispatcher.py:22
src/orchestration/web_dispatcher.py,src/web_domain/outbox.py,FROM_IMPORT,web_domain.outbox.WEB_OUTBOX_RECOVERY_EVENT_TYPES,src/orchestration/web_dispatcher.py:28
src/orchestration/web_dispatcher.py,src/web_domain/outbox.py,FROM_IMPORT,web_domain.outbox.OutboxService,src/orchestration/web_dispatcher.py:28
src/orchestration/web_dispatcher.py,src/orchestration/durable_web_workflow.py,FROM_IMPORT,orchestration.durable_web_workflow.DurableWebRunWorkflow,src/orchestration/web_dispatcher.py:198
src/orchestration/web_reconcile_adapters.py,external:__future__,FROM_IMPORT,__future__.annotations,src/orchestration/web_reconcile_adapters.py:2
src/orchestration/web_reconcile_adapters.py,external:uuid,FROM_IMPORT,uuid.UUID,src/orchestration/web_reconcile_adapters.py:4
src/orchestration/web_reconcile_adapters.py,src/web_domain/lifecycle.py,FROM_IMPORT,web_domain.lifecycle.WebRunLifecycleService,src/orchestration/web_reconcile_adapters.py:6
src/orchestration/web_reconcile_adapters.py,src/web_domain/workflow_execution.py,FROM_IMPORT,web_domain.workflow_execution.PostgresWorkflowExecutionStore,src/orchestration/web_reconcile_adapters.py:7
src/orchestration/web_reconciler.py,external:__future__,FROM_IMPORT,__future__.annotations,src/orchestration/web_reconciler.py:2
src/orchestration/web_reconciler.py,external:asyncio,IMPORT,asyncio,src/orchestration/web_reconciler.py:4
src/orchestration/web_reconciler.py,external:dataclasses,FROM_IMPORT,dataclasses.dataclass,src/orchestration/web_reconciler.py:5
src/orchestration/web_reconciler.py,external:typing,FROM_IMPORT,typing.Protocol,src/orchestration/web_reconciler.py:6
src/orchestration/web_reconciler.py,external:temporalio.client,FROM_IMPORT,temporalio.client.Client,src/orchestration/web_reconciler.py:8
src/orchestration/web_reconciler.py,external:temporalio.client,FROM_IMPORT,temporalio.client.WorkflowExecutionStatus,src/orchestration/web_reconciler.py:8
src/orchestration/web_reconciler.py,external:temporalio.service,FROM_IMPORT,temporalio.service.RPCError,src/orchestration/web_reconciler.py:9
src/orchestration/web_reconciler.py,external:temporalio.service,FROM_IMPORT,temporalio.service.RPCStatusCode,src/orchestration/web_reconciler.py:9
src/orchestration/web_worker.py,external:__future__,FROM_IMPORT,__future__.annotations,src/orchestration/web_worker.py:20
src/orchestration/web_worker.py,external:asyncio,IMPORT,asyncio,src/orchestration/web_worker.py:22
src/orchestration/web_worker.py,external:logging,IMPORT,logging,src/orchestration/web_worker.py:23
src/orchestration/web_worker.py,external:os,IMPORT,os,src/orchestration/web_worker.py:24
src/orchestration/web_worker.py,external:contextlib,FROM_IMPORT,contextlib.AsyncExitStack,src/orchestration/web_worker.py:25
src/orchestration/web_worker.py,external:pathlib,FROM_IMPORT,pathlib.Path,src/orchestration/web_worker.py:26
src/orchestration/web_worker.py,src/common/logging.py,FROM_IMPORT,common.logging.setup_logging,src/orchestration/web_worker.py:46
src/orchestration/web_worker.py,external:temporalio.client,FROM_IMPORT,temporalio.client.Client,src/orchestration/web_worker.py:54
src/orchestration/web_worker.py,src/orchestration/artifact_dispatcher.py,FROM_IMPORT,orchestration.artifact_dispatcher.run_artifact_dispatcher_loop,src/orchestration/web_worker.py:56
src/orchestration/web_worker.py,src/orchestration/artifact_dispatcher.py,FROM_IMPORT,orchestration.artifact_dispatcher.run_artifact_outbox_recovery_loop,src/orchestration/web_worker.py:56
src/orchestration/web_worker.py,src/orchestration/config.py,FROM_IMPORT,orchestration.config.AppConfig,src/orchestration/web_worker.py:60
src/orchestration/web_worker.py,src/orchestration/memory_retention_worker.py,FROM_IMPORT,orchestration.memory_retention_worker.run_memory_retention_loop,src/orchestration/web_worker.py:61
src/orchestration/web_worker.py,src/orchestration/web_dispatcher.py,FROM_IMPORT,orchestration.web_dispatcher.run_web_outbox_recovery_loop,src/orchestration/web_worker.py:62
src/orchestration/web_worker.py,src/orchestration/web_workers.py,FROM_IMPORT,orchestration.web_workers.validate_standalone_web_worker_topology,src/orchestration/web_worker.py:63
src/orchestration/web_worker.py,src/orchestration/worker.py,FROM_IMPORT,orchestration.worker._run_web_dispatcher_loop,src/orchestration/web_worker.py:64
src/orchestration/web_worker.py,src/orchestration/worker.py,FROM_IMPORT,orchestration.worker._run_web_reconciler_loop,src/orchestration/web_worker.py:64
src/orchestration/web_worker.py,src/orchestration/worker.py,FROM_IMPORT,orchestration.worker.compose_web_workers,src/orchestration/web_worker.py:64
src/orchestration/web_worker.py,src/orchestration/worker.py,FROM_IMPORT,orchestration.worker.init_dependencies,src/orchestration/web_worker.py:64
src/orchestration/web_worker.py,external:dotenv,FROM_IMPORT,dotenv.load_dotenv,src/orchestration/web_worker.py:37
src/orchestration/web_workers.py,external:__future__,FROM_IMPORT,__future__.annotations,src/orchestration/web_workers.py:7
src/orchestration/web_workers.py,external:collections.abc,FROM_IMPORT,collections.abc.Sequence,src/orchestration/web_workers.py:9
src/orchestration/web_workers.py,external:dataclasses,FROM_IMPORT,dataclasses.dataclass,src/orchestration/web_workers.py:10
src/orchestration/web_workers.py,external:datetime,FROM_IMPORT,datetime.timedelta,src/orchestration/web_workers.py:11
src/orchestration/web_workers.py,external:typing,FROM_IMPORT,typing.Any,src/orchestration/web_workers.py:12
src/orchestration/web_workers.py,external:temporalio.client,FROM_IMPORT,temporalio.client.Client,src/orchestration/web_workers.py:14
src/orchestration/web_workers.py,external:temporalio.worker,FROM_IMPORT,temporalio.worker.Worker,src/orchestration/web_workers.py:15
src/orchestration/web_workers.py,src/account/validation.py,FROM_IMPORT,account.validation.validate_unified_account_backend,src/orchestration/web_workers.py:17
src/orchestration/web_workers.py,src/agent_workflows/agent_run.py,FROM_IMPORT,agent_workflows.agent_run.AgentRunWorkflow,src/orchestration/web_workers.py:18
src/orchestration/web_workers.py,src/agent_workflows/agent_step.py,FROM_IMPORT,agent_workflows.agent_step.AgentStepWorkflow,src/orchestration/web_workers.py:19
src/orchestration/web_workers.py,src/agent_workflows/contracts.py,FROM_IMPORT,agent_workflows.contracts.DURABLE_LEASE_SAFETY_MARGIN_SECONDS,src/orchestration/web_workers.py:20
src/orchestration/web_workers.py,src/agent_workflows/contracts.py,FROM_IMPORT,agent_workflows.contracts.DURABLE_TOOL_ACTIVITY_START_TO_CLOSE_SECONDS,src/orchestration/web_workers.py:20
src/orchestration/web_workers.py,src/agent_workflows/plan_execute.py,FROM_IMPORT,agent_workflows.plan_execute.PlanAndExecuteWorkflow,src/orchestration/web_workers.py:24
src/orchestration/web_workers.py,src/agent_workflows/react.py,FROM_IMPORT,agent_workflows.react.ReactAgentWorkflow,src/orchestration/web_workers.py:25
src/orchestration/web_workers.py,src/agent_workflows/tool_execution.py,FROM_IMPORT,agent_workflows.tool_execution.ToolExecutionWorkflow,src/orchestration/web_workers.py:26
src/orchestration/web_workers.py,src/workspace/isolation.py,FROM_IMPORT,workspace.isolation.WorkspaceIsolationMode,src/orchestration/web_workers.py:27
src/orchestration/web_workers.py,src/orchestration/artifact_workflow.py,FROM_IMPORT,orchestration.artifact_workflow.ArtifactBuildWorkflow,src/orchestration/web_workers.py:29
src/orchestration/web_workers.py,src/orchestration/document_workflow.py,FROM_IMPORT,orchestration.document_workflow.NormalizeDocumentWorkflow,src/orchestration/web_workers.py:30
src/orchestration/web_workers.py,src/orchestration/durable_web_workflow.py,FROM_IMPORT,orchestration.durable_web_workflow.DurableWebRunWorkflow,src/orchestration/web_workers.py:31
src/orchestration/web_workers.py,src/orchestration/research_workflow.py,FROM_IMPORT,orchestration.research_workflow.ResearchReportWorkflow,src/orchestration/web_workers.py:32
src/orchestration/web_workers.py,src/orchestration/research_workflow.py,FROM_IMPORT,orchestration.research_workflow.ResearchTaskScheduleWorkflow,src/orchestration/web_workers.py:32
src/orchestration/web_workers.py,src/orchestration/web_workflow.py,FROM_IMPORT,orchestration.web_workflow.WEB_AGENT_HEARTBEAT_INTERVAL_SECONDS,src/orchestration/web_workers.py:33
src/orchestration/web_workers.py,src/orchestration/web_workflow.py,FROM_IMPORT,orchestration.web_workflow.WEB_AGENT_HEARTBEAT_TIMEOUT_SECONDS,src/orchestration/web_workers.py:33
src/orchestration/web_workers.py,src/orchestration/web_workflow.py,FROM_IMPORT,orchestration.web_workflow.WEB_AGENT_SCHEDULE_TO_CLOSE_SECONDS,src/orchestration/web_workers.py:33
src/orchestration/web_workers.py,src/orchestration/web_workflow.py,FROM_IMPORT,orchestration.web_workflow.WEB_AGENT_START_TO_CLOSE_SECONDS,src/orchestration/web_workers.py:33
src/orchestration/web_workers.py,src/orchestration/web_workflow.py,FROM_IMPORT,orchestration.web_workflow.WEB_AGENT_TASK_QUEUE,src/orchestration/web_workers.py:33
src/orchestration/web_workers.py,src/orchestration/web_workflow.py,FROM_IMPORT,orchestration.web_workflow.WEB_CANCEL_CLEANUP_TIMEOUT_SECONDS,src/orchestration/web_workers.py:33
src/orchestration/web_workers.py,src/orchestration/web_workflow.py,FROM_IMPORT,orchestration.web_workflow.WEB_FINALIZE_SCHEDULE_TO_CLOSE_SECONDS,src/orchestration/web_workers.py:33
src/orchestration/web_workers.py,src/orchestration/web_workflow.py,FROM_IMPORT,orchestration.web_workflow.WEB_FINALIZE_START_TO_CLOSE_SECONDS,src/orchestration/web_workers.py:33
src/orchestration/web_workers.py,src/orchestration/web_workflow.py,FROM_IMPORT,orchestration.web_workflow.WEB_LIFECYCLE_TASK_QUEUE,src/orchestration/web_workers.py:33
src/orchestration/web_workers.py,src/orchestration/web_workflow.py,FROM_IMPORT,orchestration.web_workflow.WEB_PREPARE_SCHEDULE_TO_CLOSE_SECONDS,src/orchestration/web_workers.py:33
src/orchestration/web_workers.py,src/orchestration/web_workflow.py,FROM_IMPORT,orchestration.web_workflow.WEB_PREPARE_START_TO_CLOSE_SECONDS,src/orchestration/web_workers.py:33
src/orchestration/web_workers.py,src/orchestration/web_workflow.py,FROM_IMPORT,orchestration.web_workflow.WEB_WORKFLOW_EXECUTION_TIMEOUT_SECONDS,src/orchestration/web_workers.py:33
src/orchestration/web_workers.py,src/orchestration/web_workflow.py,FROM_IMPORT,orchestration.web_workflow.WebRunWorkflow,src/orchestration/web_workers.py:33
src/orchestration/web_workflow.py,external:__future__,FROM_IMPORT,__future__.annotations,src/orchestration/web_workflow.py:6
src/orchestration/web_workflow.py,external:asyncio,IMPORT,asyncio,src/orchestration/web_workflow.py:8
src/orchestration/web_workflow.py,external:dataclasses,FROM_IMPORT,dataclasses.dataclass,src/orchestration/web_workflow.py:9
src/orchestration/web_workflow.py,external:datetime,FROM_IMPORT,datetime.timedelta,src/orchestration/web_workflow.py:10
src/orchestration/web_workflow.py,external:typing,FROM_IMPORT,typing.Literal,src/orchestration/web_workflow.py:11
src/orchestration/web_workflow.py,external:typing,FROM_IMPORT,typing.TypedDict,src/orchestration/web_workflow.py:11
src/orchestration/web_workflow.py,external:temporalio,FROM_IMPORT,temporalio.workflow,src/orchestration/web_workflow.py:13
src/orchestration/web_workflow.py,external:temporalio.common,FROM_IMPORT,temporalio.common.RetryPolicy,src/orchestration/web_workflow.py:14
src/orchestration/web_workflow.py,external:temporalio.exceptions,FROM_IMPORT,temporalio.exceptions.ActivityError,src/orchestration/web_workflow.py:15
src/orchestration/web_workflow.py,external:temporalio.exceptions,FROM_IMPORT,temporalio.exceptions.ApplicationError,src/orchestration/web_workflow.py:15
src/orchestration/web_workflow.py,external:temporalio.exceptions,FROM_IMPORT,temporalio.exceptions.is_cancelled_exception,src/orchestration/web_workflow.py:15
src/orchestration/worker.py,external:__future__,FROM_IMPORT,__future__.annotations,src/orchestration/worker.py:16
src/orchestration/worker.py,external:asyncio,IMPORT,asyncio,src/orchestration/worker.py:18
src/orchestration/worker.py,external:dataclasses,IMPORT,dataclasses,src/orchestration/worker.py:19
src/orchestration/worker.py,external:logging,IMPORT,logging,src/orchestration/worker.py:20
src/orchestration/worker.py,external:os,IMPORT,os,src/orchestration/worker.py:21
src/orchestration/worker.py,external:contextlib,FROM_IMPORT,contextlib.AsyncExitStack,src/orchestration/worker.py:22
src/orchestration/worker.py,external:pathlib,FROM_IMPORT,pathlib.Path,src/orchestration/worker.py:23
src/orchestration/worker.py,external:typing,FROM_IMPORT,typing.Dict,src/orchestration/worker.py:24
src/orchestration/worker.py,external:temporalio.client,FROM_IMPORT,temporalio.client.Client,src/orchestration/worker.py:26
src/orchestration/worker.py,external:temporalio.worker,FROM_IMPORT,temporalio.worker.UnsandboxedWorkflowRunner,src/orchestration/worker.py:27
src/orchestration/worker.py,external:temporalio.worker,FROM_IMPORT,temporalio.worker.Worker,src/orchestration/worker.py:27
src/orchestration/worker.py,src/account/identity_binding_service.py,FROM_IMPORT,account.identity_binding_service.IdentityBindingService,src/orchestration/worker.py:29
src/orchestration/worker.py,src/application/conversation.py,FROM_IMPORT,application.conversation.ConversationService,src/orchestration/worker.py:30
src/orchestration/worker.py,src/application/identity_commands.py,FROM_IMPORT,application.identity_commands.IdentityCommandService,src/orchestration/worker.py:31
src/orchestration/worker.py,src/application/ingress.py,FROM_IMPORT,application.ingress.MessageIngressService,src/orchestration/worker.py:32
src/orchestration/worker.py,src/bootstrap/qq.py,FROM_IMPORT,bootstrap.qq.build_qq_runtime,src/orchestration/worker.py:33
src/orchestration/worker.py,src/channels/napcat.py,FROM_IMPORT,channels.napcat.NapCatChannel,src/orchestration/worker.py:34
src/orchestration/worker.py,src/channels/official_qq.py,FROM_IMPORT,channels.official_qq.OfficialQQChannel,src/orchestration/worker.py:35
src/orchestration/worker.py,src/channels/router.py,FROM_IMPORT,channels.router.ChannelRouter,src/orchestration/worker.py:36
src/orchestration/worker.py,src/common/types.py,FROM_IMPORT,common.types.ChannelType,src/orchestration/worker.py:37
src/orchestration/worker.py,src/common/types.py,FROM_IMPORT,common.types.UnifiedMessage,src/orchestration/worker.py:37
src/orchestration/worker.py,src/harness/activities.py,FROM_IMPORT,harness.activities.archive_session_activity,src/orchestration/worker.py:38
src/orchestration/worker.py,src/harness/activities.py,FROM_IMPORT,harness.activities.inject_services,src/orchestration/worker.py:38
src/orchestration/worker.py,src/harness/activities.py,FROM_IMPORT,harness.activities.metrics_report_activity,src/orchestration/worker.py:38
src/orchestration/worker.py,src/harness/activities.py,FROM_IMPORT,harness.activities.process_turn_activity,src/orchestration/worker.py:38
src/orchestration/worker.py,src/harness/activities.py,FROM_IMPORT,harness.activities.reflect_activity,src/orchestration/worker.py:38
src/orchestration/worker.py,src/harness/activities.py,FROM_IMPORT,harness.activities.reflect_batch_activity,src/orchestration/worker.py:38
src/orchestration/worker.py,src/harness/context_builder.py,FROM_IMPORT,harness.context_builder.HarnessContextBuilder,src/orchestration/worker.py:46
src/orchestration/worker.py,src/harness/prompts.py,FROM_IMPORT,harness.prompts.PromptLoader,src/orchestration/worker.py:47
src/orchestration/worker.py,src/orchestration/config.py,FROM_IMPORT,orchestration.config.AppConfig,src/orchestration/worker.py:48
src/orchestration/worker.py,src/orchestration/config.py,FROM_IMPORT,orchestration.config.SandboxConfig,src/orchestration/worker.py:48
src/orchestration/worker.py,src/orchestration/scheduler.py,FROM_IMPORT,orchestration.scheduler.TaskScheduler,src/orchestration/worker.py:49
src/orchestration/worker.py,src/orchestration/workflow.py,FROM_IMPORT,orchestration.workflow.MetricsReportWorkflow,src/orchestration/worker.py:50
src/orchestration/worker.py,src/orchestration/workflow.py,FROM_IMPORT,orchestration.workflow.OrchestrationWorkflow,src/orchestration/worker.py:50
src/orchestration/worker.py,src/orchestration/workflow.py,FROM_IMPORT,orchestration.workflow.ReflectWorkflow,src/orchestration/worker.py:50
src/orchestration/worker.py,src/resources/credentials.py,FROM_IMPORT,resources.credentials.CredentialManager,src/orchestration/worker.py:51
src/orchestration/worker.py,src/resources/credentials.py,FROM_IMPORT,resources.credentials.ModelEndpoint,src/orchestration/worker.py:51
src/orchestration/worker.py,src/resources/resource_pool.py,FROM_IMPORT,resources.resource_pool.ResourcePool,src/orchestration/worker.py:52
src/orchestration/worker.py,src/sandbox/git_repo.py,FROM_IMPORT,sandbox.git_repo.GitRepoManager,src/orchestration/worker.py:53
src/orchestration/worker.py,src/sandbox/nsjail.py,FROM_IMPORT,sandbox.nsjail.NsjailConfig,src/orchestration/worker.py:54
src/orchestration/worker.py,src/sandbox/sandbox_manager.py,FROM_IMPORT,sandbox.sandbox_manager.SandboxManager,src/orchestration/worker.py:55
src/orchestration/worker.py,src/session/db.py,FROM_IMPORT,session.db.WorkspaceDB,src/orchestration/worker.py:56
src/orchestration/worker.py,src/storage/file_store.py,FROM_IMPORT,storage.file_store.LocalFileStore,src/orchestration/worker.py:57
src/orchestration/worker.py,src/storage/tenant_file_store.py,FROM_IMPORT,storage.tenant_file_store.TenantFileStore,src/orchestration/worker.py:58
src/orchestration/worker.py,src/workspace/file_capability_config.py,FROM_IMPORT,workspace.file_capability_config.FileCapabilityConfig,src/orchestration/worker.py:59
src/orchestration/worker.py,src/workspace/file_scope.py,FROM_IMPORT,workspace.file_scope.RunFileWorkspace,src/orchestration/worker.py:60
src/orchestration/worker.py,src/workspace/isolation.py,FROM_IMPORT,workspace.isolation.WorkspaceIsolationRuntime,src/orchestration/worker.py:61
src/orchestration/worker.py,src/agent_activities/persistent_overwrite.py,FROM_IMPORT,agent_activities.persistent_overwrite.PersistentOverwriteActivities,src/orchestration/worker.py:113
src/orchestration/worker.py,src/agent_activities/runtime.py,FROM_IMPORT,agent_activities.runtime.DurableAgentActivities,src/orchestration/worker.py:114
src/orchestration/worker.py,src/agent_activities/store.py,FROM_IMPORT,agent_activities.store.AgentDataStore,src/orchestration/worker.py:115
src/orchestration/worker.py,src/agent_execution/audit.py,FROM_IMPORT,agent_execution.audit.LoggingExecutionAuditSinkFactory,src/orchestration/worker.py:116
src/orchestration/worker.py,src/agent_execution/brain_action_loop.py,FROM_IMPORT,agent_execution.brain_action_loop.DefaultBrainActionLoop,src/orchestration/worker.py:117
src/orchestration/worker.py,src/agent_execution/facade.py,FROM_IMPORT,agent_execution.facade.AgentExecutionFacade,src/orchestration/worker.py:118
src/orchestration/worker.py,src/agent_execution/run_budget.py,FROM_IMPORT,agent_execution.run_budget.RunBudgetService,src/orchestration/worker.py:119
src/orchestration/worker.py,src/agent_execution/tracing/__init__.py,FROM_IMPORT,agent_execution.tracing.PostgresTraceRepository,src/orchestration/worker.py:120
src/orchestration/worker.py,src/agent_execution/tracing/__init__.py,FROM_IMPORT,agent_execution.tracing.TraceLifecycleObserver,src/orchestration/worker.py:120
src/orchestration/worker.py,src/agent_execution/tracing/__init__.py,FROM_IMPORT,agent_execution.tracing.TracingWebEventSinkFactory,src/orchestration/worker.py:120
src/orchestration/worker.py,src/agent_execution/web_adapters.py,FROM_IMPORT,agent_execution.web_adapters.LifecycleWebReplySink,src/orchestration/worker.py:125
src/orchestration/worker.py,src/agent_execution/web_adapters.py,FROM_IMPORT,agent_execution.web_adapters.PostgresWebRequestLoader,src/orchestration/worker.py:125
src/orchestration/worker.py,src/agent_execution/web_adapters.py,FROM_IMPORT,agent_execution.web_adapters.TemporalActivityControl,src/orchestration/worker.py:125
src/orchestration/worker.py,src/agent_execution/web_events.py,FROM_IMPORT,agent_execution.web_events.RedisWebRunEventSinkFactory,src/orchestration/worker.py:130
src/orchestration/worker.py,src/agent_execution/web_host.py,FROM_IMPORT,agent_execution.web_host.WebExecutionHost,src/orchestration/worker.py:131
src/orchestration/worker.py,src/application/context_assembly.py,FROM_IMPORT,application.context_assembly.ContextAssemblyService,src/orchestration/worker.py:132
src/orchestration/worker.py,src/file_domain/approvals.py,FROM_IMPORT,file_domain.approvals.FileActionApprovalService,src/orchestration/worker.py:133
src/orchestration/worker.py,src/file_domain/persistent.py,FROM_IMPORT,file_domain.persistent.PersistentWebFileService,src/orchestration/worker.py:134
src/orchestration/worker.py,src/file_runtime/__init__.py,FROM_IMPORT,file_runtime.ResearchMarkdownPublisher,src/orchestration/worker.py:135
src/orchestration/worker.py,src/orchestration/artifact_activities.py,FROM_IMPORT,orchestration.artifact_activities.execute_artifact_build_activity,src/orchestration/worker.py:136
src/orchestration/worker.py,src/orchestration/artifact_activities.py,FROM_IMPORT,orchestration.artifact_activities.inject_artifact_build_service,src/orchestration/worker.py:136
src/orchestration/worker.py,src/orchestration/artifact_dispatcher.py,FROM_IMPORT,orchestration.artifact_dispatcher.ArtifactOutboxDispatcher,src/orchestration/worker.py:140
src/orchestration/worker.py,src/orchestration/artifact_dispatcher.py,FROM_IMPORT,orchestration.artifact_dispatcher.TemporalArtifactClient,src/orchestration/worker.py:140
src/orchestration/worker.py,src/orchestration/web_activities.py,FROM_IMPORT,orchestration.web_activities.acquire_execution_lease_activity,src/orchestration/worker.py:144
src/orchestration/worker.py,src/orchestration/web_activities.py,FROM_IMPORT,orchestration.web_activities.execute_agent_activity,src/orchestration/worker.py:144
src/orchestration/worker.py,src/orchestration/web_activities.py,FROM_IMPORT,orchestration.web_activities.finalize_cancelled_activity,src/orchestration/worker.py:144
src/orchestration/worker.py,src/orchestration/web_activities.py,FROM_IMPORT,orchestration.web_activities.finalize_failed_activity,src/orchestration/worker.py:144
src/orchestration/worker.py,src/orchestration/web_activities.py,FROM_IMPORT,orchestration.web_activities.inject_agent_data_store,src/orchestration/worker.py:144
src/orchestration/worker.py,src/orchestration/web_activities.py,FROM_IMPORT,orchestration.web_activities.inject_agent_event_factory,src/orchestration/worker.py:144
src/orchestration/worker.py,src/orchestration/web_activities.py,FROM_IMPORT,orchestration.web_activities.inject_web_execution_host,src/orchestration/worker.py:144
src/orchestration/worker.py,src/orchestration/web_activities.py,FROM_IMPORT,orchestration.web_activities.inject_web_lifecycle,src/orchestration/worker.py:144
src/orchestration/worker.py,src/orchestration/web_activities.py,FROM_IMPORT,orchestration.web_activities.prepare_run_activity,src/orchestration/worker.py:144
src/orchestration/worker.py,src/orchestration/web_activities.py,FROM_IMPORT,orchestration.web_activities.release_execution_lease_activity,src/orchestration/worker.py:144
src/orchestration/worker.py,src/orchestration/web_dispatcher.py,FROM_IMPORT,orchestration.web_dispatcher.TemporalClientAdapter,src/orchestration/worker.py:156
src/orchestration/worker.py,src/orchestration/web_dispatcher.py,FROM_IMPORT,orchestration.web_dispatcher.TemporalOutboxDispatcher,src/orchestration/worker.py:156
src/orchestration/worker.py,src/orchestration/web_dispatcher.py,FROM_IMPORT,orchestration.web_dispatcher.WebOutboxDispatcher,src/orchestration/worker.py:156
src/orchestration/worker.py,src/orchestration/web_reconcile_adapters.py,FROM_IMPORT,orchestration.web_reconcile_adapters.LifecycleReconcileStore,src/orchestration/worker.py:161
src/orchestration/worker.py,src/orchestration/web_reconciler.py,FROM_IMPORT,orchestration.web_reconciler.TemporalInspectorAdapter,src/orchestration/worker.py:162
src/orchestration/worker.py,src/orchestration/web_reconciler.py,FROM_IMPORT,orchestration.web_reconciler.WebRunReconciler,src/orchestration/worker.py:162
src/orchestration/worker.py,src/orchestration/web_workers.py,FROM_IMPORT,orchestration.web_workers.build_web_temporal_workers,src/orchestration/worker.py:166
src/orchestration/worker.py,src/orchestration/web_workers.py,FROM_IMPORT,orchestration.web_workers.validate_web_worker_startup,src/orchestration/worker.py:166
src/orchestration/worker.py,src/research_activities/__init__.py,FROM_IMPORT,research_activities.ResearchActivities,src/orchestration/worker.py:170
src/orchestration/worker.py,src/research_adapters/__init__.py,FROM_IMPORT,research_adapters.CompositeSourceDiscoveryProvider,src/orchestration/worker.py:171
src/orchestration/worker.py,src/research_adapters/__init__.py,FROM_IMPORT,research_adapters.GitHubDiscoveryProvider,src/orchestration/worker.py:171
src/orchestration/worker.py,src/research_adapters/__init__.py,FROM_IMPORT,research_adapters.PlaywrightBrowserFetchProvider,src/orchestration/worker.py:171
src/orchestration/worker.py,src/research_adapters/__init__.py,FROM_IMPORT,research_adapters.ResourcePoolResearchSynthesizer,src/orchestration/worker.py:171
src/orchestration/worker.py,src/research_adapters/__init__.py,FROM_IMPORT,research_adapters.RSSDiscoveryProvider,src/orchestration/worker.py:171
src/orchestration/worker.py,src/research_adapters/__init__.py,FROM_IMPORT,research_adapters.SearXNGDiscoveryProvider,src/orchestration/worker.py:171
src/orchestration/worker.py,src/research_adapters/__init__.py,FROM_IMPORT,research_adapters.StaticWebContentProvider,src/orchestration/worker.py:171
src/orchestration/worker.py,src/research_adapters/__init__.py,FROM_IMPORT,research_adapters.W3libSourceCanonicalizer,src/orchestration/worker.py:171
src/orchestration/worker.py,src/web_artifacts/build.py,FROM_IMPORT,web_artifacts.build.ArtifactBuildService,src/orchestration/worker.py:181
src/orchestration/worker.py,src/web_artifacts/generator.py,FROM_IMPORT,web_artifacts.generator.WebArtifactGenerator,src/orchestration/worker.py:182
src/orchestration/worker.py,src/web_artifacts/outbox.py,FROM_IMPORT,web_artifacts.outbox.ArtifactOutboxService,src/orchestration/worker.py:183
src/orchestration/worker.py,src/web_domain/lifecycle.py,FROM_IMPORT,web_domain.lifecycle.WebRunLifecycleService,src/orchestration/worker.py:184
src/orchestration/worker.py,src/web_domain/outbox.py,FROM_IMPORT,web_domain.outbox.OutboxService,src/orchestration/worker.py:185
src/orchestration/worker.py,src/web_domain/workflow_execution.py,FROM_IMPORT,web_domain.workflow_execution.PostgresWorkflowExecutionStore,src/orchestration/worker.py:186
src/orchestration/worker.py,src/workspace/isolation.py,FROM_IMPORT,workspace.isolation.SessionResourceRecoveryService,src/orchestration/worker.py:187
src/orchestration/worker.py,src/file_runtime/routing.py,FROM_IMPORT,file_runtime.routing.TemporalDocumentRouter,src/orchestration/worker.py:192
src/orchestration/worker.py,src/orchestration/artifact_dispatcher.py,FROM_IMPORT,orchestration.artifact_dispatcher.run_artifact_dispatcher_loop,src/orchestration/worker.py:409
src/orchestration/worker.py,src/orchestration/artifact_dispatcher.py,FROM_IMPORT,orchestration.artifact_dispatcher.run_artifact_outbox_recovery_loop,src/orchestration/worker.py:409
src/orchestration/worker.py,src/orchestration/web_dispatcher.py,FROM_IMPORT,orchestration.web_dispatcher.run_web_outbox_recovery_loop,src/orchestration/worker.py:413
src/orchestration/worker.py,src/memory/hindsight_client.py,FROM_IMPORT,memory.hindsight_client.HindsightClient,src/orchestration/worker.py:777
src/orchestration/worker.py,external:datetime,FROM_IMPORT,datetime.timedelta,src/orchestration/worker.py:1275
src/orchestration/worker.py,external:temporalio.client,FROM_IMPORT,temporalio.client.Schedule,src/orchestration/worker.py:1277
src/orchestration/worker.py,external:temporalio.client,FROM_IMPORT,temporalio.client.ScheduleActionStartWorkflow,src/orchestration/worker.py:1277
src/orchestration/worker.py,external:temporalio.client,FROM_IMPORT,temporalio.client.ScheduleIntervalSpec,src/orchestration/worker.py:1277
src/orchestration/worker.py,external:temporalio.client,FROM_IMPORT,temporalio.client.ScheduleOverlapPolicy,src/orchestration/worker.py:1277
src/orchestration/worker.py,external:temporalio.client,FROM_IMPORT,temporalio.client.SchedulePolicy,src/orchestration/worker.py:1277
src/orchestration/worker.py,external:temporalio.client,FROM_IMPORT,temporalio.client.ScheduleSpec,src/orchestration/worker.py:1277
src/orchestration/worker.py,external:datetime,FROM_IMPORT,datetime.timedelta,src/orchestration/worker.py:1332
src/orchestration/worker.py,external:temporalio.client,FROM_IMPORT,temporalio.client.Schedule,src/orchestration/worker.py:1334
src/orchestration/worker.py,external:temporalio.client,FROM_IMPORT,temporalio.client.ScheduleActionStartWorkflow,src/orchestration/worker.py:1334
src/orchestration/worker.py,external:temporalio.client,FROM_IMPORT,temporalio.client.ScheduleIntervalSpec,src/orchestration/worker.py:1334
src/orchestration/worker.py,external:temporalio.client,FROM_IMPORT,temporalio.client.ScheduleOverlapPolicy,src/orchestration/worker.py:1334
src/orchestration/worker.py,external:temporalio.client,FROM_IMPORT,temporalio.client.SchedulePolicy,src/orchestration/worker.py:1334
src/orchestration/worker.py,external:temporalio.client,FROM_IMPORT,temporalio.client.ScheduleSpec,src/orchestration/worker.py:1334
src/orchestration/worker.py,external:temporalio.client,FROM_IMPORT,temporalio.client.ScheduleState,src/orchestration/worker.py:1334
src/orchestration/worker.py,src/application/memory_retention.py,FROM_IMPORT,application.memory_retention.MemoryRetentionService,src/orchestration/worker.py:376
src/orchestration/worker.py,src/orchestration/memory_retention_worker.py,FROM_IMPORT,orchestration.memory_retention_worker.run_memory_retention_loop,src/orchestration/worker.py:435
src/orchestration/worker.py,src/memory/group_context.py,FROM_IMPORT,memory.group_context.GroupContextStore,src/orchestration/worker.py:679
src/orchestration/worker.py,src/file_runtime/__init__.py,FROM_IMPORT,file_runtime.OutputPublisher,src/orchestration/worker.py:735
src/orchestration/worker.py,src/sandbox/tools/local/reminder.py,FROM_IMPORT,sandbox.tools.local.reminder.inject_scheduler,src/orchestration/worker.py:897
src/orchestration/worker.py,src/orchestration/research_schedule.py,FROM_IMPORT,orchestration.research_schedule.ResearchScheduleManager,src/orchestration/worker.py:939
src/orchestration/worker.py,src/web_domain/file_cleanup.py,FROM_IMPORT,web_domain.file_cleanup.FileCleanupService,src/orchestration/worker.py:1006
src/orchestration/worker.py,src/resources/embedding.py,FROM_IMPORT,resources.embedding.create_embedding_client,src/orchestration/worker.py:521
src/orchestration/worker.py,src/resources/reranker.py,FROM_IMPORT,resources.reranker.create_reranker_client,src/orchestration/worker.py:522
src/orchestration/worker.py,src/sandbox/tools/retriever.py,FROM_IMPORT,sandbox.tools.retriever.ToolRetriever,src/orchestration/worker.py:523
src/orchestration/worker.py,src/sandbox/tools/retriever.py,FROM_IMPORT,sandbox.tools.retriever.ToolVectorStore,src/orchestration/worker.py:523
src/orchestration/worker.py,src/sandbox/tools/adapters/mcp.py,FROM_IMPORT,sandbox.tools.adapters.mcp.MCPToolManager,src/orchestration/worker.py:538
src/orchestration/worker.py,external:pathlib,FROM_IMPORT,pathlib.Path,src/orchestration/worker.py:554
src/orchestration/worker.py,external:yaml,IMPORT,yaml,src/orchestration/worker.py:556
src/orchestration/worker.py,src/sandbox/tools/skills/skillmd.py,FROM_IMPORT,sandbox.tools.skills.skillmd.parse_skillmd,src/orchestration/worker.py:558
src/orchestration/worker.py,src/sandbox/tools/skills/skillmd.py,FROM_IMPORT,sandbox.tools.skills.skillmd.skillmd_to_definition,src/orchestration/worker.py:558
src/orchestration/worker.py,external:redis.asyncio,IMPORT,redis.asyncio,src/orchestration/worker.py:667
src/orchestration/worker.py,src/storage/redis.py,FROM_IMPORT,storage.redis.RedisCache,src/orchestration/worker.py:669
src/orchestration/worker.py,src/file_adapters/__init__.py,FROM_IMPORT,file_adapters.GotenbergConversionProvider,src/orchestration/worker.py:742
src/orchestration/worker.py,src/orchestration/research_schedule.py,FROM_IMPORT,orchestration.research_schedule.run_research_schedule_reconciler_loop,src/orchestration/worker.py:1056
src/orchestration/workflow.py,external:asyncio,IMPORT,asyncio,src/orchestration/workflow.py:13
src/orchestration/workflow.py,external:datetime,FROM_IMPORT,datetime.timedelta,src/orchestration/workflow.py:14
src/orchestration/workflow.py,external:typing,FROM_IMPORT,typing.Any,src/orchestration/workflow.py:15
src/orchestration/workflow.py,external:typing,FROM_IMPORT,typing.Dict,src/orchestration/workflow.py:15
src/orchestration/workflow.py,external:typing,FROM_IMPORT,typing.List,src/orchestration/workflow.py:15
src/orchestration/workflow.py,external:temporalio,FROM_IMPORT,temporalio.workflow,src/orchestration/workflow.py:17
src/orchestration/workflow.py,external:temporalio.common,FROM_IMPORT,temporalio.common.RetryPolicy,src/orchestration/workflow.py:18
src/orchestration/workflow.py,external:temporalio.worker._workflow_instance,FROM_IMPORT,temporalio.worker._workflow_instance._WorkflowBeingEvictedError,src/orchestration/workflow.py:19
src/persistence/migrate.py,external:__future__,FROM_IMPORT,__future__.annotations,src/persistence/migrate.py:2
src/persistence/migrate.py,external:os,IMPORT,os,src/persistence/migrate.py:4
src/persistence/migrate.py,external:hashlib,FROM_IMPORT,hashlib.sha256,src/persistence/migrate.py:5
src/persistence/migrate.py,external:pathlib,FROM_IMPORT,pathlib.Path,src/persistence/migrate.py:6
src/persistence/migrate.py,external:psycopg,IMPORT,psycopg,src/persistence/migrate.py:8
src/persistence/repositories.py,external:__future__,FROM_IMPORT,__future__.annotations,src/persistence/repositories.py:2
src/persistence/repositories.py,external:collections.abc,FROM_IMPORT,collections.abc.Collection,src/persistence/repositories.py:4
src/persistence/repositories.py,external:datetime,FROM_IMPORT,datetime.datetime,src/persistence/repositories.py:5
src/persistence/repositories.py,external:typing,FROM_IMPORT,typing.Any,src/persistence/repositories.py:6
src/persistence/repositories.py,external:typing,FROM_IMPORT,typing.cast,src/persistence/repositories.py:6
src/persistence/repositories.py,external:uuid,FROM_IMPORT,uuid.UUID,src/persistence/repositories.py:7
src/persistence/repositories.py,src/persistence/uow.py,FROM_IMPORT,persistence.uow.UnitOfWork,src/persistence/repositories.py:9
src/persistence/uow.py,external:__future__,FROM_IMPORT,__future__.annotations,src/persistence/uow.py:1
src/persistence/uow.py,external:contextlib,FROM_IMPORT,contextlib.AbstractContextManager,src/persistence/uow.py:3
src/persistence/uow.py,external:functools,FROM_IMPORT,functools.wraps,src/persistence/uow.py:4
src/persistence/uow.py,external:time,FROM_IMPORT,time.sleep,src/persistence/uow.py:5
src/persistence/uow.py,external:typing,FROM_IMPORT,typing.Any,src/persistence/uow.py:6
src/persistence/uow.py,external:typing,FROM_IMPORT,typing.Callable,src/persistence/uow.py:6
src/persistence/uow.py,external:typing,FROM_IMPORT,typing.ParamSpec,src/persistence/uow.py:6
src/persistence/uow.py,external:typing,FROM_IMPORT,typing.TypeVar,src/persistence/uow.py:6
src/persistence/uow.py,external:psycopg,IMPORT,psycopg,src/persistence/uow.py:8
src/research_activities/__init__.py,src/research_activities/runtime.py,FROM_IMPORT,research_activities.runtime.ResearchActivities,src/research_activities/__init__.py:3
src/research_activities/runtime.py,external:__future__,FROM_IMPORT,__future__.annotations,src/research_activities/runtime.py:3
src/research_activities/runtime.py,external:asyncio,IMPORT,asyncio,src/research_activities/runtime.py:5
src/research_activities/runtime.py,external:html,IMPORT,html,src/research_activities/runtime.py:6
src/research_activities/runtime.py,external:json,IMPORT,json,src/research_activities/runtime.py:7
src/research_activities/runtime.py,external:time,IMPORT,time,src/research_activities/runtime.py:8
src/research_activities/runtime.py,external:collections.abc,FROM_IMPORT,collections.abc.Callable,src/research_activities/runtime.py:9
src/research_activities/runtime.py,external:contextlib,FROM_IMPORT,contextlib.suppress,src/research_activities/runtime.py:10
src/research_activities/runtime.py,external:typing,FROM_IMPORT,typing.Any,src/research_activities/runtime.py:11
src/research_activities/runtime.py,external:typing,FROM_IMPORT,typing.cast,src/research_activities/runtime.py:11
src/research_activities/runtime.py,external:uuid,FROM_IMPORT,uuid.NAMESPACE_URL,src/research_activities/runtime.py:12
src/research_activities/runtime.py,external:uuid,FROM_IMPORT,uuid.UUID,src/research_activities/runtime.py:12
src/research_activities/runtime.py,external:uuid,FROM_IMPORT,uuid.uuid5,src/research_activities/runtime.py:12
src/research_activities/runtime.py,external:temporalio,FROM_IMPORT,temporalio.activity,src/research_activities/runtime.py:14
src/research_activities/runtime.py,external:uuid6,FROM_IMPORT,uuid6.uuid7,src/research_activities/runtime.py:15
src/research_activities/runtime.py,src/agent_execution/model_budget_context.py,FROM_IMPORT,agent_execution.model_budget_context.model_budget_scope,src/research_activities/runtime.py:17
src/research_activities/runtime.py,src/agent_execution/run_budget.py,FROM_IMPORT,agent_execution.run_budget.RunBudgetService,src/research_activities/runtime.py:18
src/research_activities/runtime.py,src/agent_execution/tracing/repository.py,FROM_IMPORT,agent_execution.tracing.repository.PostgresTraceRepository,src/research_activities/runtime.py:19
src/research_activities/runtime.py,src/orchestration/research_workflow.py,FROM_IMPORT,orchestration.research_workflow.ResearchIterationInput,src/research_activities/runtime.py:20
src/research_activities/runtime.py,src/orchestration/research_workflow.py,FROM_IMPORT,orchestration.research_workflow.ResearchStageRef,src/research_activities/runtime.py:20
src/research_activities/runtime.py,src/orchestration/research_workflow.py,FROM_IMPORT,orchestration.research_workflow.ResearchWorkflowInput,src/research_activities/runtime.py:20
src/research_activities/runtime.py,src/persistence/uow.py,FROM_IMPORT,persistence.uow.UnitOfWork,src/research_activities/runtime.py:25
src/research_activities/runtime.py,src/persistence/uow.py,FROM_IMPORT,persistence.uow.retryable_transaction,src/research_activities/runtime.py:25
src/research_activities/runtime.py,src/research_domain/models.py,FROM_IMPORT,research_domain.models.EvidenceItem,src/research_activities/runtime.py:26
src/research_activities/runtime.py,src/research_domain/models.py,FROM_IMPORT,research_domain.models.ResearchPlan,src/research_activities/runtime.py:26
src/research_activities/runtime.py,src/research_domain/models.py,FROM_IMPORT,research_domain.models.ResearchQuestion,src/research_activities/runtime.py:26
src/research_activities/runtime.py,src/research_domain/models.py,FROM_IMPORT,research_domain.models.SourceCandidate,src/research_activities/runtime.py:26
src/research_activities/runtime.py,src/research_domain/models.py,FROM_IMPORT,research_domain.models.SourceStrategy,src/research_activities/runtime.py:26
src/research_activities/runtime.py,src/research_domain/persistence.py,FROM_IMPORT,research_domain.persistence.ResearchRepository,src/research_activities/runtime.py:33
src/research_activities/runtime.py,src/research_domain/providers.py,FROM_IMPORT,research_domain.providers.ResearchSynthesisProvider,src/research_activities/runtime.py:34
src/research_activities/runtime.py,src/research_domain/providers.py,FROM_IMPORT,research_domain.providers.SourceCanonicalizer,src/research_activities/runtime.py:34
src/research_activities/runtime.py,src/research_domain/providers.py,FROM_IMPORT,research_domain.providers.SourceContentProvider,src/research_activities/runtime.py:34
src/research_activities/runtime.py,src/research_domain/providers.py,FROM_IMPORT,research_domain.providers.SourceDiscoveryProvider,src/research_activities/runtime.py:34
src/research_activities/runtime.py,src/research_domain/services.py,FROM_IMPORT,research_domain.services.ResearchTaskCommandService,src/research_activities/runtime.py:40
src/research_activities/runtime.py,src/research_domain/services.py,FROM_IMPORT,research_domain.services.TaskBusy,src/research_activities/runtime.py:40
src/research_activities/runtime.py,src/research_domain/services.py,FROM_IMPORT,research_domain.services.TaskNotActive,src/research_activities/runtime.py:40
src/research_activities/runtime.py,src/web_domain/errors.py,FROM_IMPORT,web_domain.errors.ResourceNotFound,src/research_activities/runtime.py:41
src/research_activities/runtime.py,src/web_domain/services.py,FROM_IMPORT,web_domain.services.CommandService,src/research_activities/runtime.py:42
src/research_adapters/__init__.py,src/research_adapters/discovery.py,FROM_IMPORT,research_adapters.discovery.CompositeSourceDiscoveryProvider,src/research_adapters/__init__.py:3
src/research_adapters/__init__.py,src/research_adapters/discovery.py,FROM_IMPORT,research_adapters.discovery.GitHubDiscoveryProvider,src/research_adapters/__init__.py:3
src/research_adapters/__init__.py,src/research_adapters/discovery.py,FROM_IMPORT,research_adapters.discovery.RSSDiscoveryProvider,src/research_adapters/__init__.py:3
src/research_adapters/__init__.py,src/research_adapters/synthesis.py,FROM_IMPORT,research_adapters.synthesis.ResourcePoolResearchSynthesizer,src/research_adapters/__init__.py:8
src/research_adapters/__init__.py,src/research_adapters/web.py,FROM_IMPORT,research_adapters.web.PlaywrightBrowserFetchProvider,src/research_adapters/__init__.py:9
src/research_adapters/__init__.py,src/research_adapters/web.py,FROM_IMPORT,research_adapters.web.SearXNGDiscoveryProvider,src/research_adapters/__init__.py:9
src/research_adapters/__init__.py,src/research_adapters/web.py,FROM_IMPORT,research_adapters.web.StaticWebContentProvider,src/research_adapters/__init__.py:9
src/research_adapters/__init__.py,src/research_adapters/web.py,FROM_IMPORT,research_adapters.web.W3libSourceCanonicalizer,src/research_adapters/__init__.py:9
src/research_adapters/discovery.py,external:__future__,FROM_IMPORT,__future__.annotations,src/research_adapters/discovery.py:3
src/research_adapters/discovery.py,external:asyncio,IMPORT,asyncio,src/research_adapters/discovery.py:5
src/research_adapters/discovery.py,external:logging,IMPORT,logging,src/research_adapters/discovery.py:6
src/research_adapters/discovery.py,external:os,IMPORT,os,src/research_adapters/discovery.py:7
src/research_adapters/discovery.py,external:datetime,FROM_IMPORT,datetime.UTC,src/research_adapters/discovery.py:8
src/research_adapters/discovery.py,external:datetime,FROM_IMPORT,datetime.datetime,src/research_adapters/discovery.py:8
src/research_adapters/discovery.py,external:typing,FROM_IMPORT,typing.Any,src/research_adapters/discovery.py:9
src/research_adapters/discovery.py,external:urllib.parse,FROM_IMPORT,urllib.parse.urlsplit,src/research_adapters/discovery.py:10
src/research_adapters/discovery.py,external:httpx,IMPORT,httpx,src/research_adapters/discovery.py:12
src/research_adapters/discovery.py,src/research_domain/models.py,FROM_IMPORT,research_domain.models.SourceCandidate,src/research_adapters/discovery.py:14
src/research_adapters/discovery.py,src/research_domain/models.py,FROM_IMPORT,research_domain.models.SourceStrategy,src/research_adapters/discovery.py:14
src/research_adapters/discovery.py,src/research_domain/providers.py,FROM_IMPORT,research_domain.providers.SourceDiscoveryProvider,src/research_adapters/discovery.py:15
src/research_adapters/discovery.py,external:githubkit,FROM_IMPORT,githubkit.GitHub,src/research_adapters/discovery.py:106
src/research_adapters/discovery.py,external:githubkit.auth,FROM_IMPORT,githubkit.auth.TokenAuthStrategy,src/research_adapters/discovery.py:107
src/research_adapters/discovery.py,external:feedparser,IMPORT,feedparser,src/research_adapters/discovery.py:163
src/research_adapters/synthesis.py,external:__future__,FROM_IMPORT,__future__.annotations,src/research_adapters/synthesis.py:3
src/research_adapters/synthesis.py,external:json,IMPORT,json,src/research_adapters/synthesis.py:5
src/research_adapters/synthesis.py,external:typing,FROM_IMPORT,typing.Any,src/research_adapters/synthesis.py:6
src/research_adapters/synthesis.py,src/research_domain/models.py,FROM_IMPORT,research_domain.models.ClaimDraft,src/research_adapters/synthesis.py:8
src/research_adapters/synthesis.py,src/research_domain/models.py,FROM_IMPORT,research_domain.models.ResearchReport,src/research_adapters/synthesis.py:8
src/research_adapters/web.py,external:__future__,FROM_IMPORT,__future__.annotations,src/research_adapters/web.py:3
src/research_adapters/web.py,external:asyncio,IMPORT,asyncio,src/research_adapters/web.py:5
src/research_adapters/web.py,external:os,IMPORT,os,src/research_adapters/web.py:6
src/research_adapters/web.py,external:datetime,FROM_IMPORT,datetime.UTC,src/research_adapters/web.py:7
src/research_adapters/web.py,external:datetime,FROM_IMPORT,datetime.datetime,src/research_adapters/web.py:7
src/research_adapters/web.py,external:typing,FROM_IMPORT,typing.Any,src/research_adapters/web.py:8
src/research_adapters/web.py,external:typing,FROM_IMPORT,typing.cast,src/research_adapters/web.py:8
src/research_adapters/web.py,external:urllib.parse,FROM_IMPORT,urllib.parse.urlsplit,src/research_adapters/web.py:9
src/research_adapters/web.py,external:httpx,IMPORT,httpx,src/research_adapters/web.py:11
src/research_adapters/web.py,src/research_domain/models.py,FROM_IMPORT,research_domain.models.SourceCandidate,src/research_adapters/web.py:13
src/research_adapters/web.py,src/research_domain/models.py,FROM_IMPORT,research_domain.models.SourceContent,src/research_adapters/web.py:13
src/research_adapters/web.py,src/research_domain/models.py,FROM_IMPORT,research_domain.models.SourceStrategy,src/research_adapters/web.py:13
src/research_adapters/web.py,src/research_domain/models.py,FROM_IMPORT,research_domain.models.content_sha256,src/research_adapters/web.py:13
src/research_adapters/web.py,src/research_domain/providers.py,FROM_IMPORT,research_domain.providers.BrowserFetchProvider,src/research_adapters/web.py:19
src/research_adapters/web.py,external:w3lib.url,FROM_IMPORT,w3lib.url.canonicalize_url,src/research_adapters/web.py:24
src/research_adapters/web.py,external:playwright.async_api,FROM_IMPORT,playwright.async_api.async_playwright,src/research_adapters/web.py:135
src/research_adapters/web.py,external:trafilatura,IMPORT,trafilatura,src/research_adapters/web.py:231
src/research_domain/__init__.py,src/research_domain/models.py,FROM_IMPORT,research_domain.models.ClaimDraft,src/research_domain/__init__.py:3
src/research_domain/__init__.py,src/research_domain/models.py,FROM_IMPORT,research_domain.models.EvidenceItem,src/research_domain/__init__.py:3
src/research_domain/__init__.py,src/research_domain/models.py,FROM_IMPORT,research_domain.models.ResearchPlan,src/research_domain/__init__.py:3
src/research_domain/__init__.py,src/research_domain/models.py,FROM_IMPORT,research_domain.models.ResearchQuestion,src/research_domain/__init__.py:3
src/research_domain/__init__.py,src/research_domain/models.py,FROM_IMPORT,research_domain.models.ResearchReport,src/research_domain/__init__.py:3
src/research_domain/__init__.py,src/research_domain/models.py,FROM_IMPORT,research_domain.models.SourceCandidate,src/research_domain/__init__.py:3
src/research_domain/__init__.py,src/research_domain/models.py,FROM_IMPORT,research_domain.models.SourceContent,src/research_domain/__init__.py:3
src/research_domain/__init__.py,src/research_domain/models.py,FROM_IMPORT,research_domain.models.SourceRecord,src/research_domain/__init__.py:3
src/research_domain/__init__.py,src/research_domain/models.py,FROM_IMPORT,research_domain.models.SourceStrategy,src/research_domain/__init__.py:3
src/research_domain/__init__.py,src/research_domain/models.py,FROM_IMPORT,research_domain.models.content_sha256,src/research_domain/__init__.py:3
src/research_domain/models.py,external:__future__,FROM_IMPORT,__future__.annotations,src/research_domain/models.py:8
src/research_domain/models.py,external:hashlib,IMPORT,hashlib,src/research_domain/models.py:10
src/research_domain/models.py,external:re,IMPORT,re,src/research_domain/models.py:11
src/research_domain/models.py,external:dataclasses,FROM_IMPORT,dataclasses.dataclass,src/research_domain/models.py:12
src/research_domain/models.py,external:dataclasses,FROM_IMPORT,dataclasses.field,src/research_domain/models.py:12
src/research_domain/models.py,external:datetime,FROM_IMPORT,datetime.datetime,src/research_domain/models.py:13
src/research_domain/models.py,external:typing,FROM_IMPORT,typing.Any,src/research_domain/models.py:14
src/research_domain/persistence.py,external:__future__,FROM_IMPORT,__future__.annotations,src/research_domain/persistence.py:3
src/research_domain/persistence.py,external:json,IMPORT,json,src/research_domain/persistence.py:5
src/research_domain/persistence.py,external:re,IMPORT,re,src/research_domain/persistence.py:6
src/research_domain/persistence.py,external:collections.abc,FROM_IMPORT,collections.abc.Iterable,src/research_domain/persistence.py:7
src/research_domain/persistence.py,external:difflib,FROM_IMPORT,difflib.SequenceMatcher,src/research_domain/persistence.py:8
src/research_domain/persistence.py,external:typing,FROM_IMPORT,typing.Any,src/research_domain/persistence.py:9
src/research_domain/persistence.py,external:typing,FROM_IMPORT,typing.cast,src/research_domain/persistence.py:9
src/research_domain/persistence.py,external:uuid,FROM_IMPORT,uuid.NAMESPACE_URL,src/research_domain/persistence.py:10
src/research_domain/persistence.py,external:uuid,FROM_IMPORT,uuid.UUID,src/research_domain/persistence.py:10
src/research_domain/persistence.py,external:uuid,FROM_IMPORT,uuid.uuid5,src/research_domain/persistence.py:10
src/research_domain/persistence.py,external:uuid6,FROM_IMPORT,uuid6.uuid7,src/research_domain/persistence.py:12
src/research_domain/persistence.py,src/persistence/uow.py,FROM_IMPORT,persistence.uow.UnitOfWork,src/research_domain/persistence.py:14
src/research_domain/persistence.py,src/research_domain/models.py,FROM_IMPORT,research_domain.models.EvidenceItem,src/research_domain/persistence.py:15
src/research_domain/persistence.py,src/research_domain/models.py,FROM_IMPORT,research_domain.models.ResearchPlan,src/research_domain/persistence.py:15
src/research_domain/persistence.py,src/research_domain/models.py,FROM_IMPORT,research_domain.models.ResearchReport,src/research_domain/persistence.py:15
src/research_domain/persistence.py,src/research_domain/models.py,FROM_IMPORT,research_domain.models.SourceCandidate,src/research_domain/persistence.py:15
src/research_domain/persistence.py,src/research_domain/models.py,FROM_IMPORT,research_domain.models.SourceContent,src/research_domain/persistence.py:15
src/research_domain/providers.py,external:__future__,FROM_IMPORT,__future__.annotations,src/research_domain/providers.py:3
src/research_domain/providers.py,external:typing,FROM_IMPORT,typing.Protocol,src/research_domain/providers.py:5
src/research_domain/providers.py,src/research_domain/models.py,FROM_IMPORT,research_domain.models.ResearchReport,src/research_domain/providers.py:7
src/research_domain/providers.py,src/research_domain/models.py,FROM_IMPORT,research_domain.models.SourceCandidate,src/research_domain/providers.py:7
src/research_domain/providers.py,src/research_domain/models.py,FROM_IMPORT,research_domain.models.SourceContent,src/research_domain/providers.py:7
src/research_domain/providers.py,src/research_domain/models.py,FROM_IMPORT,research_domain.models.SourceStrategy,src/research_domain/providers.py:7
src/research_domain/services.py,external:__future__,FROM_IMPORT,__future__.annotations,src/research_domain/services.py:3
src/research_domain/services.py,external:hashlib,IMPORT,hashlib,src/research_domain/services.py:5
src/research_domain/services.py,external:json,IMPORT,json,src/research_domain/services.py:6
src/research_domain/services.py,external:dataclasses,FROM_IMPORT,dataclasses.dataclass,src/research_domain/services.py:7
src/research_domain/services.py,external:datetime,FROM_IMPORT,datetime.UTC,src/research_domain/services.py:8
src/research_domain/services.py,external:datetime,FROM_IMPORT,datetime.datetime,src/research_domain/services.py:8
src/research_domain/services.py,external:datetime,FROM_IMPORT,datetime.timedelta,src/research_domain/services.py:8
src/research_domain/services.py,external:typing,FROM_IMPORT,typing.Any,src/research_domain/services.py:9
src/research_domain/services.py,external:uuid,FROM_IMPORT,uuid.UUID,src/research_domain/services.py:10
src/research_domain/services.py,external:zoneinfo,FROM_IMPORT,zoneinfo.ZoneInfo,src/research_domain/services.py:11
src/research_domain/services.py,external:zoneinfo,FROM_IMPORT,zoneinfo.ZoneInfoNotFoundError,src/research_domain/services.py:11
src/research_domain/services.py,external:uuid6,FROM_IMPORT,uuid6.uuid7,src/research_domain/services.py:13
src/research_domain/services.py,src/persistence/repositories.py,FROM_IMPORT,persistence.repositories.AccountRepository,src/research_domain/services.py:15
src/research_domain/services.py,src/persistence/repositories.py,FROM_IMPORT,persistence.repositories.ConversationRepository,src/research_domain/services.py:15
src/research_domain/services.py,src/persistence/repositories.py,FROM_IMPORT,persistence.repositories.IdempotencyRepository,src/research_domain/services.py:15
src/research_domain/services.py,src/persistence/repositories.py,FROM_IMPORT,persistence.repositories.MessageRepository,src/research_domain/services.py:15
src/research_domain/services.py,src/persistence/repositories.py,FROM_IMPORT,persistence.repositories.OutboxRepository,src/research_domain/services.py:15
src/research_domain/services.py,src/persistence/repositories.py,FROM_IMPORT,persistence.repositories.RunBudgetRepository,src/research_domain/services.py:15
src/research_domain/services.py,src/persistence/uow.py,FROM_IMPORT,persistence.uow.UnitOfWork,src/research_domain/services.py:23
src/research_domain/services.py,src/persistence/uow.py,FROM_IMPORT,persistence.uow.retryable_transaction,src/research_domain/services.py:23
src/research_domain/services.py,src/research_domain/models.py,FROM_IMPORT,research_domain.models.SourceStrategy,src/research_domain/services.py:24
src/research_domain/services.py,src/research_domain/persistence.py,FROM_IMPORT,research_domain.persistence.TaskRepository,src/research_domain/services.py:25
src/research_domain/services.py,src/web_domain/errors.py,FROM_IMPORT,web_domain.errors.DomainError,src/research_domain/services.py:26
src/research_domain/services.py,src/web_domain/errors.py,FROM_IMPORT,web_domain.errors.IdempotencyConflict,src/research_domain/services.py:26
src/research_domain/services.py,src/web_domain/errors.py,FROM_IMPORT,web_domain.errors.ResourceNotFound,src/research_domain/services.py:26
src/resources/__init__.py,src/resources/resource_pool.py,FROM_IMPORT,resources.resource_pool.ResourcePool,src/resources/__init__.py:9
src/resources/__init__.py,src/resources/credentials.py,FROM_IMPORT,resources.credentials.CredentialManager,src/resources/__init__.py:10
src/resources/__init__.py,src/resources/credentials.py,FROM_IMPORT,resources.credentials.ModelEndpoint,src/resources/__init__.py:10
src/resources/__init__.py,src/resources/model_client.py,FROM_IMPORT,resources.model_client.ModelClient,src/resources/__init__.py:11
src/resources/credentials.py,external:typing,FROM_IMPORT,typing.Dict,src/resources/credentials.py:12
src/resources/credentials.py,external:typing,FROM_IMPORT,typing.Any,src/resources/credentials.py:12
src/resources/credentials.py,external:typing,FROM_IMPORT,typing.Optional,src/resources/credentials.py:12
src/resources/credentials.py,external:typing,FROM_IMPORT,typing.List,src/resources/credentials.py:12
src/resources/credentials.py,external:threading,FROM_IMPORT,threading.RLock,src/resources/credentials.py:13
src/resources/credentials.py,external:dataclasses,FROM_IMPORT,dataclasses.dataclass,src/resources/credentials.py:14
src/resources/credentials.py,external:dataclasses,FROM_IMPORT,dataclasses.field,src/resources/credentials.py:14
src/resources/credentials.py,external:time,IMPORT,time,src/resources/credentials.py:15
src/resources/embedding.py,external:asyncio,IMPORT,asyncio,src/resources/embedding.py:20
src/resources/embedding.py,external:logging,IMPORT,logging,src/resources/embedding.py:21
src/resources/embedding.py,external:typing,FROM_IMPORT,typing.List,src/resources/embedding.py:22
src/resources/embedding.py,external:os,IMPORT,os,src/resources/embedding.py:116
src/resources/embedding.py,external:re,IMPORT,re,src/resources/embedding.py:117
src/resources/embedding.py,external:concurrent.futures,IMPORT,concurrent,src/resources/embedding.py:66
src/resources/embedding.py,external:httpx,IMPORT,httpx,src/resources/embedding.py:86
src/resources/model_client.py,external:json,IMPORT,json,src/resources/model_client.py:15
src/resources/model_client.py,external:logging,IMPORT,logging,src/resources/model_client.py:16
src/resources/model_client.py,external:re,IMPORT,re,src/resources/model_client.py:17
src/resources/model_client.py,external:time,IMPORT,time,src/resources/model_client.py:18
src/resources/model_client.py,external:typing,FROM_IMPORT,typing.Any,src/resources/model_client.py:19
src/resources/model_client.py,external:typing,FROM_IMPORT,typing.Awaitable,src/resources/model_client.py:19
src/resources/model_client.py,external:typing,FROM_IMPORT,typing.Callable,src/resources/model_client.py:19
src/resources/model_client.py,external:typing,FROM_IMPORT,typing.Dict,src/resources/model_client.py:19
src/resources/model_client.py,external:typing,FROM_IMPORT,typing.List,src/resources/model_client.py:19
src/resources/model_client.py,external:typing,FROM_IMPORT,typing.Optional,src/resources/model_client.py:19
src/resources/model_client.py,src/common/errors.py,FROM_IMPORT,common.errors.ModelAPIError,src/resources/model_client.py:21
src/resources/model_client.py,src/common/model_usage.py,FROM_IMPORT,common.model_usage.canonical_model_usage,src/resources/model_client.py:22
src/resources/model_client.py,src/common/types.py,FROM_IMPORT,common.types.ModelResponse,src/resources/model_client.py:23
src/resources/model_client.py,src/common/types.py,FROM_IMPORT,common.types.StopReason,src/resources/model_client.py:23
src/resources/model_client.py,src/common/types.py,FROM_IMPORT,common.types.ToolCall,src/resources/model_client.py:23
src/resources/model_client.py,external:httpx,IMPORT,httpx,src/resources/model_client.py:83
src/resources/reranker.py,external:asyncio,IMPORT,asyncio,src/resources/reranker.py:18
src/resources/reranker.py,external:logging,IMPORT,logging,src/resources/reranker.py:19
src/resources/reranker.py,external:dataclasses,FROM_IMPORT,dataclasses.dataclass,src/resources/reranker.py:20
src/resources/reranker.py,external:typing,FROM_IMPORT,typing.List,src/resources/reranker.py:21
src/resources/reranker.py,external:os,IMPORT,os,src/resources/reranker.py:121
src/resources/reranker.py,external:re,IMPORT,re,src/resources/reranker.py:122
src/resources/reranker.py,external:concurrent.futures,IMPORT,concurrent,src/resources/reranker.py:67
src/resources/reranker.py,external:httpx,IMPORT,httpx,src/resources/reranker.py:90
src/resources/resource_pool.py,external:asyncio,IMPORT,asyncio,src/resources/resource_pool.py:13
src/resources/resource_pool.py,external:logging,IMPORT,logging,src/resources/resource_pool.py:14
src/resources/resource_pool.py,external:time,IMPORT,time,src/resources/resource_pool.py:15
src/resources/resource_pool.py,external:typing,FROM_IMPORT,typing.Any,src/resources/resource_pool.py:16
src/resources/resource_pool.py,external:typing,FROM_IMPORT,typing.Dict,src/resources/resource_pool.py:16
src/resources/resource_pool.py,external:typing,FROM_IMPORT,typing.List,src/resources/resource_pool.py:16
src/resources/resource_pool.py,external:typing,FROM_IMPORT,typing.Optional,src/resources/resource_pool.py:16
src/resources/resource_pool.py,src/agent_execution/model_budget_context.py,FROM_IMPORT,agent_execution.model_budget_context.current_model_budget,src/resources/resource_pool.py:18
src/resources/resource_pool.py,src/common/errors.py,FROM_IMPORT,common.errors.ModelAPIError,src/resources/resource_pool.py:19
src/resources/resource_pool.py,src/common/interfaces.py,FROM_IMPORT,common.interfaces.IResources,src/resources/resource_pool.py:20
src/resources/resource_pool.py,src/common/model_usage.py,FROM_IMPORT,common.model_usage.canonical_model_usage,src/resources/resource_pool.py:21
src/resources/resource_pool.py,src/common/token_counter.py,FROM_IMPORT,common.token_counter.estimate_messages_tokens,src/resources/resource_pool.py:22
src/resources/resource_pool.py,src/resources/credentials.py,FROM_IMPORT,resources.credentials.CredentialManager,src/resources/resource_pool.py:24
src/resources/resource_pool.py,src/resources/model_client.py,FROM_IMPORT,resources.model_client.ModelClient,src/resources/resource_pool.py:25
src/sandbox/__init__.py,src/sandbox/sandbox.py,FROM_IMPORT,sandbox.sandbox.Sandbox,src/sandbox/__init__.py:21
src/sandbox/__init__.py,src/sandbox/sandbox_manager.py,FROM_IMPORT,sandbox.sandbox_manager.SandboxManager,src/sandbox/__init__.py:22
src/sandbox/__init__.py,src/sandbox/nsjail.py,FROM_IMPORT,sandbox.nsjail.NsjailConfig,src/sandbox/__init__.py:23
src/sandbox/__init__.py,src/sandbox/nsjail.py,FROM_IMPORT,sandbox.nsjail.NsjailExecutor,src/sandbox/__init__.py:23
src/sandbox/git_repo.py,external:__future__,FROM_IMPORT,__future__.annotations,src/sandbox/git_repo.py:9
src/sandbox/git_repo.py,external:asyncio,IMPORT,asyncio,src/sandbox/git_repo.py:11
src/sandbox/git_repo.py,external:logging,IMPORT,logging,src/sandbox/git_repo.py:12
src/sandbox/git_repo.py,external:pathlib,FROM_IMPORT,pathlib.Path,src/sandbox/git_repo.py:13
src/sandbox/git_repo.py,src/workspace/isolation.py,FROM_IMPORT,workspace.isolation.WorkspaceRecoveryRequired,src/sandbox/git_repo.py:15
src/sandbox/nsjail.py,external:__future__,FROM_IMPORT,__future__.annotations,src/sandbox/nsjail.py:9
src/sandbox/nsjail.py,external:asyncio,IMPORT,asyncio,src/sandbox/nsjail.py:11
src/sandbox/nsjail.py,external:json,IMPORT,json,src/sandbox/nsjail.py:12
src/sandbox/nsjail.py,external:logging,IMPORT,logging,src/sandbox/nsjail.py:13
src/sandbox/nsjail.py,external:os,IMPORT,os,src/sandbox/nsjail.py:14
src/sandbox/nsjail.py,external:time,IMPORT,time,src/sandbox/nsjail.py:15
src/sandbox/nsjail.py,external:uuid,IMPORT,uuid,src/sandbox/nsjail.py:16
src/sandbox/nsjail.py,external:dataclasses,FROM_IMPORT,dataclasses.dataclass,src/sandbox/nsjail.py:17
src/sandbox/nsjail.py,external:dataclasses,FROM_IMPORT,dataclasses.field,src/sandbox/nsjail.py:17
src/sandbox/nsjail.py,external:typing,FROM_IMPORT,typing.Any,src/sandbox/nsjail.py:18
src/sandbox/nsjail.py,external:typing,FROM_IMPORT,typing.Optional,src/sandbox/nsjail.py:18
src/sandbox/nsjail.py,src/sandbox/tools/types.py,FROM_IMPORT,sandbox.tools.types.ToolResult,src/sandbox/nsjail.py:20
src/sandbox/sandbox.py,external:logging,IMPORT,logging,src/sandbox/sandbox.py:11
src/sandbox/sandbox.py,external:time,IMPORT,time,src/sandbox/sandbox.py:12
src/sandbox/sandbox.py,external:uuid,IMPORT,uuid,src/sandbox/sandbox.py:13
src/sandbox/sandbox.py,external:typing,FROM_IMPORT,typing.Any,src/sandbox/sandbox.py:14
src/sandbox/sandbox.py,external:typing,FROM_IMPORT,typing.Dict,src/sandbox/sandbox.py:14
src/sandbox/sandbox.py,external:typing,FROM_IMPORT,typing.List,src/sandbox/sandbox.py:14
src/sandbox/sandbox.py,external:typing,FROM_IMPORT,typing.Optional,src/sandbox/sandbox.py:14
src/sandbox/sandbox.py,external:typing,FROM_IMPORT,typing.Tuple,src/sandbox/sandbox.py:14
src/sandbox/sandbox.py,src/sandbox/tools/registry.py,FROM_IMPORT,sandbox.tools.registry.ToolRegistry,src/sandbox/sandbox.py:16
src/sandbox/sandbox.py,src/sandbox/tools/types.py,FROM_IMPORT,sandbox.tools.types.ToolResult,src/sandbox/sandbox.py:17
src/sandbox/sandbox.py,src/sandbox/tools/routing/router.py,FROM_IMPORT,sandbox.tools.routing.router.ToolRouter,src/sandbox/sandbox.py:18
src/sandbox/sandbox.py,src/sandbox/tools/routing/projector.py,FROM_IMPORT,sandbox.tools.routing.projector.ToolSchemaProjector,src/sandbox/sandbox.py:169
src/sandbox/sandbox_manager.py,external:logging,IMPORT,logging,src/sandbox/sandbox_manager.py:12
src/sandbox/sandbox_manager.py,external:os,IMPORT,os,src/sandbox/sandbox_manager.py:13
src/sandbox/sandbox_manager.py,external:time,IMPORT,time,src/sandbox/sandbox_manager.py:14
src/sandbox/sandbox_manager.py,external:uuid,IMPORT,uuid,src/sandbox/sandbox_manager.py:15
src/sandbox/sandbox_manager.py,external:pathlib,FROM_IMPORT,pathlib.Path,src/sandbox/sandbox_manager.py:16
src/sandbox/sandbox_manager.py,external:threading,FROM_IMPORT,threading.RLock,src/sandbox/sandbox_manager.py:17
src/sandbox/sandbox_manager.py,external:typing,FROM_IMPORT,typing.Any,src/sandbox/sandbox_manager.py:18
src/sandbox/sandbox_manager.py,external:typing,FROM_IMPORT,typing.Dict,src/sandbox/sandbox_manager.py:18
src/sandbox/sandbox_manager.py,external:typing,FROM_IMPORT,typing.List,src/sandbox/sandbox_manager.py:18
src/sandbox/sandbox_manager.py,external:typing,FROM_IMPORT,typing.Optional,src/sandbox/sandbox_manager.py:18
src/sandbox/sandbox_manager.py,src/common/errors.py,FROM_IMPORT,common.errors.SandboxNotFoundError,src/sandbox/sandbox_manager.py:20
src/sandbox/sandbox_manager.py,src/sandbox/tools/local/__init__.py,FROM_IMPORT,sandbox.tools.local.LOCAL_TOOL_FACTORIES,src/sandbox/sandbox_manager.py:21
src/sandbox/sandbox_manager.py,src/sandbox/tools/registry.py,FROM_IMPORT,sandbox.tools.registry.ToolRegistry,src/sandbox/sandbox_manager.py:22
src/sandbox/sandbox_manager.py,src/sandbox/tools/routing/__init__.py,FROM_IMPORT,sandbox.tools.routing.ToolRouter,src/sandbox/sandbox_manager.py:23
src/sandbox/sandbox_manager.py,src/sandbox/tools/routing/__init__.py,FROM_IMPORT,sandbox.tools.routing.routing_for,src/sandbox/sandbox_manager.py:23
src/sandbox/sandbox_manager.py,src/sandbox/tools/routing/context.py,FROM_IMPORT,sandbox.tools.routing.context.ToolSelectionContextBuilder,src/sandbox/sandbox_manager.py:24
src/sandbox/sandbox_manager.py,src/sandbox/nsjail.py,FROM_IMPORT,sandbox.nsjail.NsjailConfig,src/sandbox/sandbox_manager.py:26
src/sandbox/sandbox_manager.py,src/sandbox/nsjail.py,FROM_IMPORT,sandbox.nsjail.NsjailExecutor,src/sandbox/sandbox_manager.py:26
src/sandbox/sandbox_manager.py,src/sandbox/sandbox.py,FROM_IMPORT,sandbox.sandbox.Sandbox,src/sandbox/sandbox_manager.py:27
src/sandbox/sandbox_manager.py,src/sandbox/tools/local/file_analysis.py,FROM_IMPORT,sandbox.tools.local.file_analysis.create_file_analysis_tools,src/sandbox/sandbox_manager.py:180
src/sandbox/sandbox_manager.py,src/sandbox/tools/local/file_read.py,FROM_IMPORT,sandbox.tools.local.file_read.create_file_read_tools,src/sandbox/sandbox_manager.py:181
src/sandbox/sandbox_manager.py,src/sandbox/tools/local/file_write.py,FROM_IMPORT,sandbox.tools.local.file_write.create_file_write_tools,src/sandbox/sandbox_manager.py:182
src/sandbox/sandbox_manager.py,src/sandbox/tools/skills/engine.py,FROM_IMPORT,sandbox.tools.skills.engine.build_skill_tool_from_definition,src/sandbox/sandbox_manager.py:209
src/sandbox/sandbox_manager.py,external:traceback,IMPORT,traceback,src/sandbox/sandbox_manager.py:225
src/sandbox/tools/__init__.py,src/sandbox/tools/types.py,FROM_IMPORT,sandbox.tools.types.ToolResult,src/sandbox/tools/__init__.py:10
src/sandbox/tools/__init__.py,src/sandbox/tools/registry.py,FROM_IMPORT,sandbox.tools.registry.ToolRegistry,src/sandbox/tools/__init__.py:11
src/sandbox/tools/adapters/__init__.py,src/sandbox/tools/adapters/mcp.py,FROM_IMPORT,sandbox.tools.adapters.mcp.MCPToolManager,src/sandbox/tools/adapters/__init__.py:1
src/sandbox/tools/adapters/__init__.py,src/sandbox/tools/adapters/mcp.py,FROM_IMPORT,sandbox.tools.adapters.mcp.CachedTool,src/sandbox/tools/adapters/__init__.py:1
src/sandbox/tools/adapters/mcp.py,external:asyncio,IMPORT,asyncio,src/sandbox/tools/adapters/mcp.py:26
src/sandbox/tools/adapters/mcp.py,external:json,IMPORT,json,src/sandbox/tools/adapters/mcp.py:27
src/sandbox/tools/adapters/mcp.py,external:logging,IMPORT,logging,src/sandbox/tools/adapters/mcp.py:28
src/sandbox/tools/adapters/mcp.py,external:os,IMPORT,os,src/sandbox/tools/adapters/mcp.py:29
src/sandbox/tools/adapters/mcp.py,external:re,IMPORT,re,src/sandbox/tools/adapters/mcp.py:30
src/sandbox/tools/adapters/mcp.py,external:time,IMPORT,time,src/sandbox/tools/adapters/mcp.py:31
src/sandbox/tools/adapters/mcp.py,external:dataclasses,FROM_IMPORT,dataclasses.dataclass,src/sandbox/tools/adapters/mcp.py:32
src/sandbox/tools/adapters/mcp.py,external:pathlib,FROM_IMPORT,pathlib.Path,src/sandbox/tools/adapters/mcp.py:33
src/sandbox/tools/adapters/mcp.py,external:typing,FROM_IMPORT,typing.Dict,src/sandbox/tools/adapters/mcp.py:34
src/sandbox/tools/adapters/mcp.py,external:typing,FROM_IMPORT,typing.List,src/sandbox/tools/adapters/mcp.py:34
src/sandbox/tools/adapters/mcp.py,external:typing,FROM_IMPORT,typing.Optional,src/sandbox/tools/adapters/mcp.py:34
src/sandbox/tools/adapters/mcp.py,external:urllib.parse,FROM_IMPORT,urllib.parse.urljoin,src/sandbox/tools/adapters/mcp.py:35
src/sandbox/tools/adapters/mcp.py,external:urllib.parse,FROM_IMPORT,urllib.parse.urlparse,src/sandbox/tools/adapters/mcp.py:35
src/sandbox/tools/adapters/mcp.py,external:httpx,IMPORT,httpx,src/sandbox/tools/adapters/mcp.py:37
src/sandbox/tools/adapters/mcp.py,external:yaml,IMPORT,yaml,src/sandbox/tools/adapters/mcp.py:38
src/sandbox/tools/adapters/mcp.py,external:langchain_core.tools,FROM_IMPORT,langchain_core.tools.StructuredTool,src/sandbox/tools/adapters/mcp.py:39
src/sandbox/tools/adapters/mcp.py,external:pydantic,FROM_IMPORT,pydantic.BaseModel,src/sandbox/tools/adapters/mcp.py:40
src/sandbox/tools/adapters/mcp.py,external:pydantic,FROM_IMPORT,pydantic.Field,src/sandbox/tools/adapters/mcp.py:40
src/sandbox/tools/adapters/mcp.py,external:pydantic,FROM_IMPORT,pydantic.create_model,src/sandbox/tools/adapters/mcp.py:40
src/sandbox/tools/adapters/mcp.py,src/sandbox/tools/types.py,FROM_IMPORT,sandbox.tools.types.ToolResult,src/sandbox/tools/adapters/mcp.py:42
src/sandbox/tools/local/__init__.py,src/sandbox/tools/local/fs_read.py,FROM_IMPORT,sandbox.tools.local.fs_read.create_fs_read_tool,src/sandbox/tools/local/__init__.py:1
src/sandbox/tools/local/__init__.py,src/sandbox/tools/local/fs_write.py,FROM_IMPORT,sandbox.tools.local.fs_write.create_fs_write_tool,src/sandbox/tools/local/__init__.py:2
src/sandbox/tools/local/__init__.py,src/sandbox/tools/local/fs_edit.py,FROM_IMPORT,sandbox.tools.local.fs_edit.create_fs_edit_tool,src/sandbox/tools/local/__init__.py:3
src/sandbox/tools/local/__init__.py,src/sandbox/tools/local/glob_.py,FROM_IMPORT,sandbox.tools.local.glob_.create_glob_tool,src/sandbox/tools/local/__init__.py:4
src/sandbox/tools/local/__init__.py,src/sandbox/tools/local/grep.py,FROM_IMPORT,sandbox.tools.local.grep.create_grep_tool,src/sandbox/tools/local/__init__.py:5
src/sandbox/tools/local/__init__.py,src/sandbox/tools/local/bash.py,FROM_IMPORT,sandbox.tools.local.bash.create_bash_tool,src/sandbox/tools/local/__init__.py:6
src/sandbox/tools/local/__init__.py,src/sandbox/tools/local/reminder.py,FROM_IMPORT,sandbox.tools.local.reminder.create_reminder_tool,src/sandbox/tools/local/__init__.py:7
src/sandbox/tools/local/__init__.py,src/sandbox/tools/local/reminder.py,FROM_IMPORT,sandbox.tools.local.reminder.create_list_reminders_tool,src/sandbox/tools/local/__init__.py:7
src/sandbox/tools/local/__init__.py,src/sandbox/tools/local/reminder.py,FROM_IMPORT,sandbox.tools.local.reminder.create_cancel_reminder_tool,src/sandbox/tools/local/__init__.py:7
src/sandbox/tools/local/_path_utils.py,external:os,IMPORT,os,src/sandbox/tools/local/_path_utils.py:1
src/sandbox/tools/local/_path_utils.py,external:stat,IMPORT,stat,src/sandbox/tools/local/_path_utils.py:2
src/sandbox/tools/local/_path_utils.py,external:pathlib,FROM_IMPORT,pathlib.Path,src/sandbox/tools/local/_path_utils.py:3
src/sandbox/tools/local/bash.py,external:asyncio,IMPORT,asyncio,src/sandbox/tools/local/bash.py:1
src/sandbox/tools/local/bash.py,external:json,IMPORT,json,src/sandbox/tools/local/bash.py:2
src/sandbox/tools/local/bash.py,external:os,IMPORT,os,src/sandbox/tools/local/bash.py:3
src/sandbox/tools/local/bash.py,external:re,IMPORT,re,src/sandbox/tools/local/bash.py:4
src/sandbox/tools/local/bash.py,external:langchain_core.tools,FROM_IMPORT,langchain_core.tools.StructuredTool,src/sandbox/tools/local/bash.py:6
src/sandbox/tools/local/bash.py,external:pydantic,FROM_IMPORT,pydantic.BaseModel,src/sandbox/tools/local/bash.py:7
src/sandbox/tools/local/bash.py,external:pydantic,FROM_IMPORT,pydantic.Field,src/sandbox/tools/local/bash.py:7
src/sandbox/tools/local/bash.py,src/sandbox/tools/local/_path_utils.py,FROM_IMPORT,sandbox.tools.local._path_utils.safe_cwd,src/sandbox/tools/local/bash.py:9
src/sandbox/tools/local/file_analysis.py,external:__future__,FROM_IMPORT,__future__.annotations,src/sandbox/tools/local/file_analysis.py:2
src/sandbox/tools/local/file_analysis.py,external:json,IMPORT,json,src/sandbox/tools/local/file_analysis.py:4
src/sandbox/tools/local/file_analysis.py,external:os,IMPORT,os,src/sandbox/tools/local/file_analysis.py:5
src/sandbox/tools/local/file_analysis.py,external:stat,IMPORT,stat,src/sandbox/tools/local/file_analysis.py:6
src/sandbox/tools/local/file_analysis.py,external:time,IMPORT,time,src/sandbox/tools/local/file_analysis.py:7
src/sandbox/tools/local/file_analysis.py,external:collections,FROM_IMPORT,collections.deque,src/sandbox/tools/local/file_analysis.py:8
src/sandbox/tools/local/file_analysis.py,external:collections.abc,FROM_IMPORT,collections.abc.Callable,src/sandbox/tools/local/file_analysis.py:9
src/sandbox/tools/local/file_analysis.py,external:collections.abc,FROM_IMPORT,collections.abc.Iterator,src/sandbox/tools/local/file_analysis.py:9
src/sandbox/tools/local/file_analysis.py,external:dataclasses,FROM_IMPORT,dataclasses.dataclass,src/sandbox/tools/local/file_analysis.py:10
src/sandbox/tools/local/file_analysis.py,external:pathlib,FROM_IMPORT,pathlib.Path,src/sandbox/tools/local/file_analysis.py:11
src/sandbox/tools/local/file_analysis.py,external:typing,FROM_IMPORT,typing.Any,src/sandbox/tools/local/file_analysis.py:12
src/sandbox/tools/local/file_analysis.py,external:langchain_core.tools,FROM_IMPORT,langchain_core.tools.StructuredTool,src/sandbox/tools/local/file_analysis.py:14
src/sandbox/tools/local/file_analysis.py,external:pydantic,FROM_IMPORT,pydantic.BaseModel,src/sandbox/tools/local/file_analysis.py:15
src/sandbox/tools/local/file_analysis.py,external:pydantic,FROM_IMPORT,pydantic.Field,src/sandbox/tools/local/file_analysis.py:15
src/sandbox/tools/local/file_read.py,external:__future__,FROM_IMPORT,__future__.annotations,src/sandbox/tools/local/file_read.py:3
src/sandbox/tools/local/file_read.py,external:asyncio,IMPORT,asyncio,src/sandbox/tools/local/file_read.py:5
src/sandbox/tools/local/file_read.py,external:json,IMPORT,json,src/sandbox/tools/local/file_read.py:6
src/sandbox/tools/local/file_read.py,external:collections.abc,FROM_IMPORT,collections.abc.Callable,src/sandbox/tools/local/file_read.py:7
src/sandbox/tools/local/file_read.py,external:typing,FROM_IMPORT,typing.Any,src/sandbox/tools/local/file_read.py:8
src/sandbox/tools/local/file_read.py,external:langchain_core.tools,FROM_IMPORT,langchain_core.tools.StructuredTool,src/sandbox/tools/local/file_read.py:10
src/sandbox/tools/local/file_read.py,external:pydantic,FROM_IMPORT,pydantic.BaseModel,src/sandbox/tools/local/file_read.py:11
src/sandbox/tools/local/file_read.py,external:pydantic,FROM_IMPORT,pydantic.Field,src/sandbox/tools/local/file_read.py:11
src/sandbox/tools/local/file_read.py,src/file_adapters/__init__.py,FROM_IMPORT,file_adapters.DocxAdapter,src/sandbox/tools/local/file_read.py:13
src/sandbox/tools/local/file_read.py,src/file_adapters/__init__.py,FROM_IMPORT,file_adapters.MarkItDownFastTextViewProvider,src/sandbox/tools/local/file_read.py:13
src/sandbox/tools/local/file_read.py,src/file_adapters/__init__.py,FROM_IMPORT,file_adapters.PdfAdapter,src/sandbox/tools/local/file_read.py:13
src/sandbox/tools/local/file_read.py,src/file_adapters/__init__.py,FROM_IMPORT,file_adapters.PptxAdapter,src/sandbox/tools/local/file_read.py:13
src/sandbox/tools/local/file_read.py,src/file_adapters/__init__.py,FROM_IMPORT,file_adapters.XlsxAdapter,src/sandbox/tools/local/file_read.py:13
src/sandbox/tools/local/file_read.py,src/file_domain/models.py,FROM_IMPORT,file_domain.models.FileResource,src/sandbox/tools/local/file_read.py:20
src/sandbox/tools/local/file_read.py,src/file_runtime/__init__.py,FROM_IMPORT,file_runtime.FileAdapterRegistry,src/sandbox/tools/local/file_read.py:21
src/sandbox/tools/local/file_read.py,src/file_runtime/__init__.py,FROM_IMPORT,file_runtime.FileResourceResolver,src/sandbox/tools/local/file_read.py:21
src/sandbox/tools/local/file_write.py,external:__future__,FROM_IMPORT,__future__.annotations,src/sandbox/tools/local/file_write.py:3
src/sandbox/tools/local/file_write.py,external:asyncio,IMPORT,asyncio,src/sandbox/tools/local/file_write.py:5
src/sandbox/tools/local/file_write.py,external:json,IMPORT,json,src/sandbox/tools/local/file_write.py:6
src/sandbox/tools/local/file_write.py,external:collections.abc,FROM_IMPORT,collections.abc.Callable,src/sandbox/tools/local/file_write.py:7
src/sandbox/tools/local/file_write.py,external:typing,FROM_IMPORT,typing.Any,src/sandbox/tools/local/file_write.py:8
src/sandbox/tools/local/file_write.py,external:typing,FROM_IMPORT,typing.Literal,src/sandbox/tools/local/file_write.py:8
src/sandbox/tools/local/file_write.py,external:langchain_core.tools,FROM_IMPORT,langchain_core.tools.StructuredTool,src/sandbox/tools/local/file_write.py:10
src/sandbox/tools/local/file_write.py,external:pydantic,FROM_IMPORT,pydantic.BaseModel,src/sandbox/tools/local/file_write.py:11
src/sandbox/tools/local/file_write.py,external:pydantic,FROM_IMPORT,pydantic.Field,src/sandbox/tools/local/file_write.py:11
src/sandbox/tools/local/file_write.py,src/file_adapters/__init__.py,FROM_IMPORT,file_adapters.DocxWriter,src/sandbox/tools/local/file_write.py:13
src/sandbox/tools/local/file_write.py,src/file_adapters/__init__.py,FROM_IMPORT,file_adapters.GotenbergConversionProvider,src/sandbox/tools/local/file_write.py:13
src/sandbox/tools/local/file_write.py,src/file_adapters/__init__.py,FROM_IMPORT,file_adapters.PptxWriter,src/sandbox/tools/local/file_write.py:13
src/sandbox/tools/local/file_write.py,src/file_adapters/__init__.py,FROM_IMPORT,file_adapters.XlsxWriter,src/sandbox/tools/local/file_write.py:13
src/sandbox/tools/local/file_write.py,src/file_runtime/__init__.py,FROM_IMPORT,file_runtime.FileResourceResolver,src/sandbox/tools/local/file_write.py:14
src/sandbox/tools/local/file_write.py,src/file_runtime/__init__.py,FROM_IMPORT,file_runtime.OutputPublisher,src/sandbox/tools/local/file_write.py:14
src/sandbox/tools/local/fs_edit.py,external:os,IMPORT,os,src/sandbox/tools/local/fs_edit.py:1
src/sandbox/tools/local/fs_edit.py,external:json,IMPORT,json,src/sandbox/tools/local/fs_edit.py:2
src/sandbox/tools/local/fs_edit.py,external:langchain_core.tools,FROM_IMPORT,langchain_core.tools.StructuredTool,src/sandbox/tools/local/fs_edit.py:4
src/sandbox/tools/local/fs_edit.py,external:pydantic,FROM_IMPORT,pydantic.BaseModel,src/sandbox/tools/local/fs_edit.py:5
src/sandbox/tools/local/fs_edit.py,external:pydantic,FROM_IMPORT,pydantic.Field,src/sandbox/tools/local/fs_edit.py:5
src/sandbox/tools/local/fs_edit.py,src/sandbox/tools/local/_path_utils.py,FROM_IMPORT,sandbox.tools.local._path_utils.safe_resolve,src/sandbox/tools/local/fs_edit.py:7
src/sandbox/tools/local/fs_read.py,external:os,IMPORT,os,src/sandbox/tools/local/fs_read.py:1
src/sandbox/tools/local/fs_read.py,external:langchain_core.tools,FROM_IMPORT,langchain_core.tools.StructuredTool,src/sandbox/tools/local/fs_read.py:3
src/sandbox/tools/local/fs_read.py,external:pydantic,FROM_IMPORT,pydantic.BaseModel,src/sandbox/tools/local/fs_read.py:4
src/sandbox/tools/local/fs_read.py,external:pydantic,FROM_IMPORT,pydantic.Field,src/sandbox/tools/local/fs_read.py:4
src/sandbox/tools/local/fs_read.py,src/sandbox/tools/local/_path_utils.py,FROM_IMPORT,sandbox.tools.local._path_utils.safe_resolve,src/sandbox/tools/local/fs_read.py:6
src/sandbox/tools/local/fs_write.py,external:os,IMPORT,os,src/sandbox/tools/local/fs_write.py:1
src/sandbox/tools/local/fs_write.py,external:json,IMPORT,json,src/sandbox/tools/local/fs_write.py:2
src/sandbox/tools/local/fs_write.py,external:langchain_core.tools,FROM_IMPORT,langchain_core.tools.StructuredTool,src/sandbox/tools/local/fs_write.py:4
src/sandbox/tools/local/fs_write.py,external:pydantic,FROM_IMPORT,pydantic.BaseModel,src/sandbox/tools/local/fs_write.py:5
src/sandbox/tools/local/fs_write.py,external:pydantic,FROM_IMPORT,pydantic.Field,src/sandbox/tools/local/fs_write.py:5
src/sandbox/tools/local/fs_write.py,src/sandbox/tools/local/_path_utils.py,FROM_IMPORT,sandbox.tools.local._path_utils.safe_resolve,src/sandbox/tools/local/fs_write.py:7
src/sandbox/tools/local/glob_.py,external:glob,IMPORT,glob,src/sandbox/tools/local/glob_.py:1
src/sandbox/tools/local/glob_.py,external:json,IMPORT,json,src/sandbox/tools/local/glob_.py:2
src/sandbox/tools/local/glob_.py,external:os,IMPORT,os,src/sandbox/tools/local/glob_.py:3
src/sandbox/tools/local/glob_.py,external:langchain_core.tools,FROM_IMPORT,langchain_core.tools.StructuredTool,src/sandbox/tools/local/glob_.py:5
src/sandbox/tools/local/glob_.py,external:pydantic,FROM_IMPORT,pydantic.BaseModel,src/sandbox/tools/local/glob_.py:6
src/sandbox/tools/local/glob_.py,external:pydantic,FROM_IMPORT,pydantic.Field,src/sandbox/tools/local/glob_.py:6
src/sandbox/tools/local/glob_.py,src/sandbox/tools/local/_path_utils.py,FROM_IMPORT,sandbox.tools.local._path_utils.safe_resolve,src/sandbox/tools/local/glob_.py:8
src/sandbox/tools/local/grep.py,external:json,IMPORT,json,src/sandbox/tools/local/grep.py:1
src/sandbox/tools/local/grep.py,external:os,IMPORT,os,src/sandbox/tools/local/grep.py:2
src/sandbox/tools/local/grep.py,external:re,IMPORT,re,src/sandbox/tools/local/grep.py:3
src/sandbox/tools/local/grep.py,external:langchain_core.tools,FROM_IMPORT,langchain_core.tools.StructuredTool,src/sandbox/tools/local/grep.py:5
src/sandbox/tools/local/grep.py,external:pydantic,FROM_IMPORT,pydantic.BaseModel,src/sandbox/tools/local/grep.py:6
src/sandbox/tools/local/grep.py,external:pydantic,FROM_IMPORT,pydantic.Field,src/sandbox/tools/local/grep.py:6
src/sandbox/tools/local/grep.py,src/sandbox/tools/local/_path_utils.py,FROM_IMPORT,sandbox.tools.local._path_utils.safe_resolve,src/sandbox/tools/local/grep.py:8
src/sandbox/tools/local/grep.py,external:glob,IMPORT,glob,src/sandbox/tools/local/grep.py:35
src/sandbox/tools/local/reminder.py,external:__future__,FROM_IMPORT,__future__.annotations,src/sandbox/tools/local/reminder.py:8
src/sandbox/tools/local/reminder.py,external:logging,IMPORT,logging,src/sandbox/tools/local/reminder.py:10
src/sandbox/tools/local/reminder.py,external:time,IMPORT,time,src/sandbox/tools/local/reminder.py:11
src/sandbox/tools/local/reminder.py,external:datetime,FROM_IMPORT,datetime.datetime,src/sandbox/tools/local/reminder.py:12
src/sandbox/tools/local/reminder.py,external:datetime,FROM_IMPORT,datetime.timezone,src/sandbox/tools/local/reminder.py:12
src/sandbox/tools/local/reminder.py,external:typing,FROM_IMPORT,typing.Optional,src/sandbox/tools/local/reminder.py:13
src/sandbox/tools/local/reminder.py,external:langchain_core.tools,FROM_IMPORT,langchain_core.tools.StructuredTool,src/sandbox/tools/local/reminder.py:15
src/sandbox/tools/local/reminder.py,external:pydantic,FROM_IMPORT,pydantic.BaseModel,src/sandbox/tools/local/reminder.py:16
src/sandbox/tools/local/reminder.py,external:pydantic,FROM_IMPORT,pydantic.Field,src/sandbox/tools/local/reminder.py:16
src/sandbox/tools/local/reminder.py,src/orchestration/scheduler.py,FROM_IMPORT,orchestration.scheduler.ScheduledTask,src/sandbox/tools/local/reminder.py:151
src/sandbox/tools/local/reminder.py,external:croniter,FROM_IMPORT,croniter.croniter,src/sandbox/tools/local/reminder.py:141
src/sandbox/tools/local/reminder.py,external:datetime,FROM_IMPORT,datetime.datetime,src/sandbox/tools/local/reminder.py:142
src/sandbox/tools/local/reminder.py,external:datetime,FROM_IMPORT,datetime.timezone,src/sandbox/tools/local/reminder.py:142
src/sandbox/tools/registry.py,external:json,IMPORT,json,src/sandbox/tools/registry.py:2
src/sandbox/tools/registry.py,external:logging,IMPORT,logging,src/sandbox/tools/registry.py:3
src/sandbox/tools/registry.py,external:threading,FROM_IMPORT,threading.RLock,src/sandbox/tools/registry.py:4
src/sandbox/tools/registry.py,external:typing,FROM_IMPORT,typing.Any,src/sandbox/tools/registry.py:5
src/sandbox/tools/registry.py,external:typing,FROM_IMPORT,typing.Dict,src/sandbox/tools/registry.py:5
src/sandbox/tools/registry.py,external:typing,FROM_IMPORT,typing.List,src/sandbox/tools/registry.py:5
src/sandbox/tools/registry.py,external:typing,FROM_IMPORT,typing.Optional,src/sandbox/tools/registry.py:5
src/sandbox/tools/registry.py,external:langchain_core.tools,FROM_IMPORT,langchain_core.tools.BaseTool,src/sandbox/tools/registry.py:7
src/sandbox/tools/registry.py,src/sandbox/tools/types.py,FROM_IMPORT,sandbox.tools.types.ToolResult,src/sandbox/tools/registry.py:9
src/sandbox/tools/registry.py,src/sandbox/tools/routing/models.py,FROM_IMPORT,sandbox.tools.routing.models.RegisteredTool,src/sandbox/tools/registry.py:10
src/sandbox/tools/registry.py,src/sandbox/tools/routing/models.py,FROM_IMPORT,sandbox.tools.routing.models.ToolKind,src/sandbox/tools/registry.py:10
src/sandbox/tools/registry.py,src/sandbox/tools/routing/models.py,FROM_IMPORT,sandbox.tools.routing.models.ToolRoutingSpec,src/sandbox/tools/registry.py:10
src/sandbox/tools/retriever.py,external:hashlib,IMPORT,hashlib,src/sandbox/tools/retriever.py:7
src/sandbox/tools/retriever.py,external:json,IMPORT,json,src/sandbox/tools/retriever.py:8
src/sandbox/tools/retriever.py,external:logging,IMPORT,logging,src/sandbox/tools/retriever.py:9
src/sandbox/tools/retriever.py,external:typing,FROM_IMPORT,typing.List,src/sandbox/tools/retriever.py:10
src/sandbox/tools/retriever.py,external:typing,FROM_IMPORT,typing.Optional,src/sandbox/tools/retriever.py:10
src/sandbox/tools/retriever.py,external:chromadb,IMPORT,chromadb,src/sandbox/tools/retriever.py:12
src/sandbox/tools/retriever.py,external:chromadb.config,FROM_IMPORT,chromadb.config.Settings,src/sandbox/tools/retriever.py:13
src/sandbox/tools/retriever.py,external:langchain_core.tools,FROM_IMPORT,langchain_core.tools.BaseTool,src/sandbox/tools/retriever.py:14
src/sandbox/tools/retriever.py,src/sandbox/tools/routing/models.py,FROM_IMPORT,sandbox.tools.routing.models.ScoredCandidate,src/sandbox/tools/retriever.py:15
src/sandbox/tools/retriever.py,src/sandbox/tools/routing/models.py,FROM_IMPORT,sandbox.tools.routing.models.SemanticRetrievalResult,src/sandbox/tools/retriever.py:15
src/sandbox/tools/retriever.py,external:traceback,IMPORT,traceback,src/sandbox/tools/retriever.py:97
src/sandbox/tools/routing/__init__.py,src/sandbox/tools/routing/models.py,FROM_IMPORT,sandbox.tools.routing.models.ResourceScope,src/sandbox/tools/routing/__init__.py:1
src/sandbox/tools/routing/__init__.py,src/sandbox/tools/routing/models.py,FROM_IMPORT,sandbox.tools.routing.models.RuntimeCapabilitySnapshot,src/sandbox/tools/routing/__init__.py:1
src/sandbox/tools/routing/__init__.py,src/sandbox/tools/routing/models.py,FROM_IMPORT,sandbox.tools.routing.models.ToolExposure,src/sandbox/tools/routing/__init__.py:1
src/sandbox/tools/routing/__init__.py,src/sandbox/tools/routing/models.py,FROM_IMPORT,sandbox.tools.routing.models.ToolKind,src/sandbox/tools/routing/__init__.py:1
src/sandbox/tools/routing/__init__.py,src/sandbox/tools/routing/models.py,FROM_IMPORT,sandbox.tools.routing.models.ToolRoutingSpec,src/sandbox/tools/routing/__init__.py:1
src/sandbox/tools/routing/__init__.py,src/sandbox/tools/routing/router.py,FROM_IMPORT,sandbox.tools.routing.router.ToolRouter,src/sandbox/tools/routing/__init__.py:5
src/sandbox/tools/routing/__init__.py,src/sandbox/tools/routing/contracts.py,FROM_IMPORT,sandbox.tools.routing.contracts.NATIVE_ROUTING_SPECS,src/sandbox/tools/routing/__init__.py:6
src/sandbox/tools/routing/__init__.py,src/sandbox/tools/routing/contracts.py,FROM_IMPORT,sandbox.tools.routing.contracts.routing_for,src/sandbox/tools/routing/__init__.py:6
src/sandbox/tools/routing/capability.py,src/sandbox/tools/routing/models.py,FROM_IMPORT,sandbox.tools.routing.models.EligibilityDecision,src/sandbox/tools/routing/capability.py:1
src/sandbox/tools/routing/capability.py,src/sandbox/tools/routing/models.py,FROM_IMPORT,sandbox.tools.routing.models.RegisteredTool,src/sandbox/tools/routing/capability.py:1
src/sandbox/tools/routing/capability.py,src/sandbox/tools/routing/models.py,FROM_IMPORT,sandbox.tools.routing.models.ResourceScope,src/sandbox/tools/routing/capability.py:1
src/sandbox/tools/routing/capability.py,src/sandbox/tools/routing/models.py,FROM_IMPORT,sandbox.tools.routing.models.RuntimeCapabilitySnapshot,src/sandbox/tools/routing/capability.py:1
src/sandbox/tools/routing/capability.py,src/sandbox/tools/routing/models.py,FROM_IMPORT,sandbox.tools.routing.models.ToolExposure,src/sandbox/tools/routing/capability.py:1
src/sandbox/tools/routing/context.py,external:pathlib,FROM_IMPORT,pathlib.Path,src/sandbox/tools/routing/context.py:1
src/sandbox/tools/routing/context.py,external:typing,FROM_IMPORT,typing.Any,src/sandbox/tools/routing/context.py:2
src/sandbox/tools/routing/context.py,external:typing,FROM_IMPORT,typing.Callable,src/sandbox/tools/routing/context.py:2
src/sandbox/tools/routing/context.py,src/sandbox/tools/routing/models.py,FROM_IMPORT,sandbox.tools.routing.models.ResourceFact,src/sandbox/tools/routing/context.py:4
src/sandbox/tools/routing/context.py,src/sandbox/tools/routing/models.py,FROM_IMPORT,sandbox.tools.routing.models.ResourceScope,src/sandbox/tools/routing/context.py:4
src/sandbox/tools/routing/context.py,src/sandbox/tools/routing/models.py,FROM_IMPORT,sandbox.tools.routing.models.RuntimeCapabilitySnapshot,src/sandbox/tools/routing/context.py:4
src/sandbox/tools/routing/contracts.py,external:__future__,FROM_IMPORT,__future__.annotations,src/sandbox/tools/routing/contracts.py:2
src/sandbox/tools/routing/contracts.py,external:typing,FROM_IMPORT,typing.Any,src/sandbox/tools/routing/contracts.py:4
src/sandbox/tools/routing/contracts.py,src/sandbox/tools/routing/models.py,FROM_IMPORT,sandbox.tools.routing.models.ResourceScope,src/sandbox/tools/routing/contracts.py:6
src/sandbox/tools/routing/contracts.py,src/sandbox/tools/routing/models.py,FROM_IMPORT,sandbox.tools.routing.models.ToolExposure,src/sandbox/tools/routing/contracts.py:6
src/sandbox/tools/routing/contracts.py,src/sandbox/tools/routing/models.py,FROM_IMPORT,sandbox.tools.routing.models.ToolRoutingSpec,src/sandbox/tools/routing/contracts.py:6
src/sandbox/tools/routing/models.py,external:__future__,FROM_IMPORT,__future__.annotations,src/sandbox/tools/routing/models.py:2
src/sandbox/tools/routing/models.py,external:dataclasses,FROM_IMPORT,dataclasses.dataclass,src/sandbox/tools/routing/models.py:4
src/sandbox/tools/routing/models.py,external:dataclasses,FROM_IMPORT,dataclasses.field,src/sandbox/tools/routing/models.py:4
src/sandbox/tools/routing/models.py,external:enum,FROM_IMPORT,enum.Enum,src/sandbox/tools/routing/models.py:5
src/sandbox/tools/routing/models.py,external:typing,FROM_IMPORT,typing.Any,src/sandbox/tools/routing/models.py:6
src/sandbox/tools/routing/models.py,external:langchain_core.tools,FROM_IMPORT,langchain_core.tools.BaseTool,src/sandbox/tools/routing/models.py:8
src/sandbox/tools/routing/policy.py,src/sandbox/tools/routing/models.py,FROM_IMPORT,sandbox.tools.routing.models.RegisteredTool,src/sandbox/tools/routing/policy.py:1
src/sandbox/tools/routing/policy.py,src/sandbox/tools/routing/models.py,FROM_IMPORT,sandbox.tools.routing.models.ScoredCandidate,src/sandbox/tools/routing/policy.py:1
src/sandbox/tools/routing/policy.py,src/sandbox/tools/routing/models.py,FROM_IMPORT,sandbox.tools.routing.models.ToolExposure,src/sandbox/tools/routing/policy.py:1
src/sandbox/tools/routing/policy.py,src/sandbox/tools/routing/models.py,FROM_IMPORT,sandbox.tools.routing.models.ToolRoutingConfigurationError,src/sandbox/tools/routing/policy.py:1
src/sandbox/tools/routing/projector.py,external:copy,FROM_IMPORT,copy.deepcopy,src/sandbox/tools/routing/projector.py:1
src/sandbox/tools/routing/projector.py,src/sandbox/tools/routing/models.py,FROM_IMPORT,sandbox.tools.routing.models.RegisteredTool,src/sandbox/tools/routing/projector.py:3
src/sandbox/tools/routing/router.py,external:collections.abc,FROM_IMPORT,collections.abc.Sequence,src/sandbox/tools/routing/router.py:1
src/sandbox/tools/routing/router.py,src/sandbox/tools/routing/capability.py,FROM_IMPORT,sandbox.tools.routing.capability.CapabilityMatcher,src/sandbox/tools/routing/router.py:3
src/sandbox/tools/routing/router.py,src/sandbox/tools/routing/models.py,FROM_IMPORT,sandbox.tools.routing.models.ScoredCandidate,src/sandbox/tools/routing/router.py:4
src/sandbox/tools/routing/router.py,src/sandbox/tools/routing/models.py,FROM_IMPORT,sandbox.tools.routing.models.ToolExposure,src/sandbox/tools/routing/router.py:4
src/sandbox/tools/routing/router.py,src/sandbox/tools/routing/models.py,FROM_IMPORT,sandbox.tools.routing.models.ToolSelectionResult,src/sandbox/tools/routing/router.py:4
src/sandbox/tools/routing/router.py,src/sandbox/tools/routing/policy.py,FROM_IMPORT,sandbox.tools.routing.policy.CandidatePolicy,src/sandbox/tools/routing/router.py:5
src/sandbox/tools/routing/router.py,src/sandbox/tools/routing/projector.py,FROM_IMPORT,sandbox.tools.routing.projector.ToolSchemaProjector,src/sandbox/tools/routing/router.py:6
src/sandbox/tools/skills/__init__.py,src/sandbox/tools/skills/engine.py,FROM_IMPORT,sandbox.tools.skills.engine.SkillPipeline,src/sandbox/tools/skills/__init__.py:1
src/sandbox/tools/skills/__init__.py,src/sandbox/tools/skills/engine.py,FROM_IMPORT,sandbox.tools.skills.engine.build_skill_tool,src/sandbox/tools/skills/__init__.py:1
src/sandbox/tools/skills/__init__.py,src/sandbox/tools/skills/engine.py,FROM_IMPORT,sandbox.tools.skills.engine.build_skill_tool_from_definition,src/sandbox/tools/skills/__init__.py:1
src/sandbox/tools/skills/__init__.py,src/sandbox/tools/skills/skillmd.py,FROM_IMPORT,sandbox.tools.skills.skillmd.parse_skillmd,src/sandbox/tools/skills/__init__.py:2
src/sandbox/tools/skills/__init__.py,src/sandbox/tools/skills/skillmd.py,FROM_IMPORT,sandbox.tools.skills.skillmd.skillmd_to_definition,src/sandbox/tools/skills/__init__.py:2
src/sandbox/tools/skills/__init__.py,src/sandbox/tools/skills/installer.py,FROM_IMPORT,sandbox.tools.skills.installer.install_via_cli,src/sandbox/tools/skills/__init__.py:3
src/sandbox/tools/skills/__init__.py,src/sandbox/tools/skills/installer.py,FROM_IMPORT,sandbox.tools.skills.installer.install_from_dir,src/sandbox/tools/skills/__init__.py:3
src/sandbox/tools/skills/__init__.py,src/sandbox/tools/skills/installer.py,FROM_IMPORT,sandbox.tools.skills.installer.discover_installed_skills,src/sandbox/tools/skills/__init__.py:3
src/sandbox/tools/skills/__init__.py,src/sandbox/tools/skills/installer.py,FROM_IMPORT,sandbox.tools.skills.installer.list_installed,src/sandbox/tools/skills/__init__.py:3
src/sandbox/tools/skills/engine.py,external:re,IMPORT,re,src/sandbox/tools/skills/engine.py:7
src/sandbox/tools/skills/engine.py,external:typing,FROM_IMPORT,typing.Any,src/sandbox/tools/skills/engine.py:8
src/sandbox/tools/skills/engine.py,external:typing,FROM_IMPORT,typing.Dict,src/sandbox/tools/skills/engine.py:8
src/sandbox/tools/skills/engine.py,external:typing,FROM_IMPORT,typing.List,src/sandbox/tools/skills/engine.py:8
src/sandbox/tools/skills/engine.py,external:typing,FROM_IMPORT,typing.Optional,src/sandbox/tools/skills/engine.py:8
src/sandbox/tools/skills/engine.py,external:langchain_core.tools,FROM_IMPORT,langchain_core.tools.BaseTool,src/sandbox/tools/skills/engine.py:10
src/sandbox/tools/skills/engine.py,external:langchain_core.tools,FROM_IMPORT,langchain_core.tools.StructuredTool,src/sandbox/tools/skills/engine.py:10
src/sandbox/tools/skills/engine.py,external:pydantic,FROM_IMPORT,pydantic.Field,src/sandbox/tools/skills/engine.py:11
src/sandbox/tools/skills/engine.py,external:pydantic,FROM_IMPORT,pydantic.create_model,src/sandbox/tools/skills/engine.py:11
src/sandbox/tools/skills/engine.py,src/sandbox/tools/types.py,FROM_IMPORT,sandbox.tools.types.ToolResult,src/sandbox/tools/skills/engine.py:13
src/sandbox/tools/skills/installer.py,external:os,IMPORT,os,src/sandbox/tools/skills/installer.py:16
src/sandbox/tools/skills/installer.py,external:shutil,IMPORT,shutil,src/sandbox/tools/skills/installer.py:17
src/sandbox/tools/skills/installer.py,external:subprocess,IMPORT,subprocess,src/sandbox/tools/skills/installer.py:18
src/sandbox/tools/skills/installer.py,external:logging,IMPORT,logging,src/sandbox/tools/skills/installer.py:19
src/sandbox/tools/skills/installer.py,external:pathlib,FROM_IMPORT,pathlib.Path,src/sandbox/tools/skills/installer.py:20
src/sandbox/tools/skills/installer.py,external:typing,FROM_IMPORT,typing.Optional,src/sandbox/tools/skills/installer.py:21
src/sandbox/tools/skills/installer.py,src/sandbox/tools/skills/skillmd.py,FROM_IMPORT,sandbox.tools.skills.skillmd.parse_skillmd,src/sandbox/tools/skills/installer.py:85
src/sandbox/tools/skills/installer.py,src/sandbox/tools/skills/skillmd.py,FROM_IMPORT,sandbox.tools.skills.skillmd.parse_skillmd,src/sandbox/tools/skills/installer.py:115
src/sandbox/tools/skills/installer.py,src/sandbox/tools/skills/skillmd.py,FROM_IMPORT,sandbox.tools.skills.skillmd.parse_skillmd,src/sandbox/tools/skills/installer.py:129
src/sandbox/tools/skills/skillmd.py,external:re,IMPORT,re,src/sandbox/tools/skills/skillmd.py:11
src/sandbox/tools/skills/skillmd.py,external:yaml,IMPORT,yaml,src/sandbox/tools/skills/skillmd.py:12
src/sandbox/tools/skills/skillmd.py,external:pathlib,FROM_IMPORT,pathlib.Path,src/sandbox/tools/skills/skillmd.py:13
src/sandbox/tools/skills/skillmd.py,external:typing,FROM_IMPORT,typing.Optional,src/sandbox/tools/skills/skillmd.py:14
src/sandbox/tools/types.py,external:dataclasses,FROM_IMPORT,dataclasses.dataclass,src/sandbox/tools/types.py:7
src/sandbox/tools/types.py,external:dataclasses,FROM_IMPORT,dataclasses.field,src/sandbox/tools/types.py:7
src/sandbox/tools/types.py,external:typing,FROM_IMPORT,typing.Any,src/sandbox/tools/types.py:8
src/sandbox/tools/types.py,external:typing,FROM_IMPORT,typing.Optional,src/sandbox/tools/types.py:8
src/session/__init__.py,src/session/models.py,FROM_IMPORT,session.models.Session,src/session/__init__.py:4
src/session/__init__.py,src/session/models.py,FROM_IMPORT,session.models.SessionStatus,src/session/__init__.py:4
src/session/__init__.py,src/session/store.py,FROM_IMPORT,session.store.SessionStore,src/session/__init__.py:5
src/session/__init__.py,src/session/workspace.py,FROM_IMPORT,session.workspace.init_user,src/session/__init__.py:6
src/session/__init__.py,src/session/workspace.py,FROM_IMPORT,session.workspace.init_session,src/session/__init__.py:6
src/session/__init__.py,src/session/db.py,FROM_IMPORT,session.db.WorkspaceDB,src/session/__init__.py:7
src/session/db.py,external:__future__,FROM_IMPORT,__future__.annotations,src/session/db.py:4
src/session/db.py,external:json,IMPORT,json,src/session/db.py:6
src/session/db.py,external:sqlite3,IMPORT,sqlite3,src/session/db.py:7
src/session/db.py,src/session/models.py,FROM_IMPORT,session.models.Session,src/session/db.py:9
src/session/db.py,external:pathlib,FROM_IMPORT,pathlib.Path,src/session/db.py:48
src/session/db.py,src/session/models.py,FROM_IMPORT,session.models.Session,src/session/db.py:113
src/session/db.py,src/session/models.py,FROM_IMPORT,session.models.SessionStatus,src/session/db.py:113
src/session/models.py,external:__future__,FROM_IMPORT,__future__.annotations,src/session/models.py:4
src/session/models.py,external:dataclasses,FROM_IMPORT,dataclasses.dataclass,src/session/models.py:6
src/session/models.py,external:dataclasses,FROM_IMPORT,dataclasses.field,src/session/models.py:6
src/session/models.py,external:enum,FROM_IMPORT,enum.Enum,src/session/models.py:7
src/session/models.py,external:typing,FROM_IMPORT,typing.Any,src/session/models.py:8
src/session/models.py,external:typing,FROM_IMPORT,typing.Dict,src/session/models.py:8
src/session/models.py,external:typing,FROM_IMPORT,typing.List,src/session/models.py:8
src/session/store.py,external:__future__,FROM_IMPORT,__future__.annotations,src/session/store.py:27
src/session/store.py,external:json,IMPORT,json,src/session/store.py:29
src/session/store.py,external:logging,IMPORT,logging,src/session/store.py:30
src/session/store.py,external:re,IMPORT,re,src/session/store.py:31
src/session/store.py,external:time,IMPORT,time,src/session/store.py:32
src/session/store.py,external:typing,FROM_IMPORT,typing.Any,src/session/store.py:33
src/session/store.py,external:typing,FROM_IMPORT,typing.Dict,src/session/store.py:33
src/session/store.py,external:typing,FROM_IMPORT,typing.List,src/session/store.py:33
src/session/store.py,external:typing,FROM_IMPORT,typing.Optional,src/session/store.py:33
src/session/store.py,src/common/types.py,FROM_IMPORT,common.types.Event,src/session/store.py:35
src/session/store.py,src/common/types.py,FROM_IMPORT,common.types.EventType,src/session/store.py:35
src/session/store.py,src/session/models.py,FROM_IMPORT,session.models.Session,src/session/store.py:37
src/session/store.py,src/session/models.py,FROM_IMPORT,session.models.SessionStatus,src/session/store.py:37
src/session/store.py,external:yaml,IMPORT,yaml,src/session/store.py:703
src/session/workspace.py,external:__future__,FROM_IMPORT,__future__.annotations,src/session/workspace.py:17
src/session/workspace.py,external:json,IMPORT,json,src/session/workspace.py:19
src/session/workspace.py,external:logging,IMPORT,logging,src/session/workspace.py:20
src/session/workspace.py,external:re,IMPORT,re,src/session/workspace.py:21
src/session/workspace.py,external:time,IMPORT,time,src/session/workspace.py:22
src/session/workspace.py,external:uuid,IMPORT,uuid,src/session/workspace.py:23
src/session/workspace.py,external:datetime,FROM_IMPORT,datetime.datetime,src/session/workspace.py:24
src/session/workspace.py,external:datetime,FROM_IMPORT,datetime.timezone,src/session/workspace.py:24
src/session/workspace.py,external:typing,FROM_IMPORT,typing.Optional,src/session/workspace.py:25
src/session/workspace.py,src/session/db.py,FROM_IMPORT,session.db.WorkspaceDB,src/session/workspace.py:27
src/session/workspace.py,src/session/models.py,FROM_IMPORT,session.models.Session,src/session/workspace.py:28
src/session/workspace.py,src/session/models.py,FROM_IMPORT,session.models.SessionStatus,src/session/workspace.py:28
src/session/workspace.py,external:yaml,IMPORT,yaml,src/session/workspace.py:120
src/session/workspace.py,external:yaml,IMPORT,yaml,src/session/workspace.py:295
src/storage/__init__.py,src/storage/protocols.py,FROM_IMPORT,storage.protocols.Handler,src/storage/__init__.py:7
src/storage/__init__.py,src/storage/redis.py,FROM_IMPORT,storage.redis.RedisCache,src/storage/__init__.py:8
src/storage/__init__.py,src/storage/file_store.py,FROM_IMPORT,storage.file_store.LocalFileStore,src/storage/__init__.py:9
src/storage/file_store.py,external:__future__,FROM_IMPORT,__future__.annotations,src/storage/file_store.py:6
src/storage/file_store.py,external:asyncio,IMPORT,asyncio,src/storage/file_store.py:8
src/storage/file_store.py,external:logging,IMPORT,logging,src/storage/file_store.py:9
src/storage/file_store.py,external:os,IMPORT,os,src/storage/file_store.py:10
src/storage/file_store.py,external:pathlib,FROM_IMPORT,pathlib.Path,src/storage/file_store.py:11
src/storage/file_store.py,src/storage/protocols.py,FROM_IMPORT,storage.protocols.StoreError,src/storage/file_store.py:13
src/storage/file_store.py,src/storage/protocols.py,FROM_IMPORT,storage.protocols.StoreErrorCode,src/storage/file_store.py:13
src/storage/protocols.py,external:__future__,FROM_IMPORT,__future__.annotations,src/storage/protocols.py:9
src/storage/protocols.py,external:dataclasses,FROM_IMPORT,dataclasses.dataclass,src/storage/protocols.py:11
src/storage/protocols.py,external:dataclasses,FROM_IMPORT,dataclasses.field,src/storage/protocols.py:11
src/storage/protocols.py,external:datetime,FROM_IMPORT,datetime.datetime,src/storage/protocols.py:12
src/storage/protocols.py,external:datetime,FROM_IMPORT,datetime.timezone,src/storage/protocols.py:12
src/storage/protocols.py,external:enum,FROM_IMPORT,enum.StrEnum,src/storage/protocols.py:13
src/storage/protocols.py,external:typing,FROM_IMPORT,typing.Any,src/storage/protocols.py:14
src/storage/protocols.py,external:typing,FROM_IMPORT,typing.Awaitable,src/storage/protocols.py:14
src/storage/protocols.py,external:typing,FROM_IMPORT,typing.Callable,src/storage/protocols.py:14
src/storage/protocols.py,external:typing,FROM_IMPORT,typing.Protocol,src/storage/protocols.py:14
src/storage/protocols.py,external:typing,FROM_IMPORT,typing.runtime_checkable,src/storage/protocols.py:14
src/storage/redis.py,external:__future__,FROM_IMPORT,__future__.annotations,src/storage/redis.py:15
src/storage/redis.py,external:asyncio,IMPORT,asyncio,src/storage/redis.py:17
src/storage/redis.py,external:logging,IMPORT,logging,src/storage/redis.py:18
src/storage/redis.py,external:typing,FROM_IMPORT,typing.Any,src/storage/redis.py:19
src/storage/redis.py,src/storage/protocols.py,FROM_IMPORT,storage.protocols.Handler,src/storage/redis.py:21
src/storage/redis.py,external:json,IMPORT,json,src/storage/redis.py:71
src/storage/redis.py,external:json,IMPORT,json,src/storage/redis.py:86
src/storage/tenant_file_store.py,external:__future__,FROM_IMPORT,__future__.annotations,src/storage/tenant_file_store.py:6
src/storage/tenant_file_store.py,external:codecs,IMPORT,codecs,src/storage/tenant_file_store.py:8
src/storage/tenant_file_store.py,external:hashlib,IMPORT,hashlib,src/storage/tenant_file_store.py:9
src/storage/tenant_file_store.py,external:os,IMPORT,os,src/storage/tenant_file_store.py:10
src/storage/tenant_file_store.py,external:collections.abc,FROM_IMPORT,collections.abc.AsyncIterable,src/storage/tenant_file_store.py:11
src/storage/tenant_file_store.py,external:dataclasses,FROM_IMPORT,dataclasses.dataclass,src/storage/tenant_file_store.py:12
src/storage/tenant_file_store.py,external:pathlib,FROM_IMPORT,pathlib.Path,src/storage/tenant_file_store.py:13
src/storage/tenant_file_store.py,external:typing,FROM_IMPORT,typing.BinaryIO,src/storage/tenant_file_store.py:14
src/storage/tenant_file_store.py,external:typing,FROM_IMPORT,typing.Iterable,src/storage/tenant_file_store.py:14
src/storage/tenant_file_store.py,external:uuid,FROM_IMPORT,uuid.UUID,src/storage/tenant_file_store.py:15
src/web_api/__init__.py,src/web_api/app.py,FROM_IMPORT,web_api.app.create_app,src/web_api/__init__.py:3
src/web_api/__init__.py,src/web_api/config.py,FROM_IMPORT,web_api.config.WebApiSettings,src/web_api/__init__.py:4
src/web_api/__main__.py,external:__future__,FROM_IMPORT,__future__.annotations,src/web_api/__main__.py:1
src/web_api/__main__.py,external:logging,IMPORT,logging,src/web_api/__main__.py:3
src/web_api/__main__.py,external:os,IMPORT,os,src/web_api/__main__.py:4
src/web_api/__main__.py,external:pathlib,FROM_IMPORT,pathlib.Path,src/web_api/__main__.py:5
src/web_api/__main__.py,external:uvicorn,IMPORT,uvicorn,src/web_api/__main__.py:7
src/web_api/__main__.py,src/common/logging.py,FROM_IMPORT,common.logging.setup_logging,src/web_api/__main__.py:9
src/web_api/__main__.py,src/web_api/app.py,FROM_IMPORT,web_api.app.create_app,src/web_api/__main__.py:11
src/web_api/app.py,external:__future__,FROM_IMPORT,__future__.annotations,src/web_api/app.py:1
src/web_api/app.py,external:asyncio,IMPORT,asyncio,src/web_api/app.py:3
src/web_api/app.py,external:hmac,IMPORT,hmac,src/web_api/app.py:4
src/web_api/app.py,external:html,IMPORT,html,src/web_api/app.py:5
src/web_api/app.py,external:json,IMPORT,json,src/web_api/app.py:6
src/web_api/app.py,external:logging,IMPORT,logging,src/web_api/app.py:7
src/web_api/app.py,external:re,IMPORT,re,src/web_api/app.py:8
src/web_api/app.py,external:contextlib,FROM_IMPORT,contextlib.asynccontextmanager,src/web_api/app.py:9
src/web_api/app.py,external:pathlib,FROM_IMPORT,pathlib.Path,src/web_api/app.py:10
src/web_api/app.py,external:typing,FROM_IMPORT,typing.Any,src/web_api/app.py:11
src/web_api/app.py,external:typing,FROM_IMPORT,typing.Awaitable,src/web_api/app.py:11
src/web_api/app.py,external:typing,FROM_IMPORT,typing.Callable,src/web_api/app.py:11
src/web_api/app.py,external:typing,FROM_IMPORT,typing.cast,src/web_api/app.py:11
src/web_api/app.py,external:urllib.parse,FROM_IMPORT,urllib.parse.quote,src/web_api/app.py:12
src/web_api/app.py,external:urllib.parse,FROM_IMPORT,urllib.parse.urlsplit,src/web_api/app.py:12
src/web_api/app.py,external:uuid,FROM_IMPORT,uuid.UUID,src/web_api/app.py:13
src/web_api/app.py,external:fastapi,FROM_IMPORT,fastapi.Depends,src/web_api/app.py:15
src/web_api/app.py,external:fastapi,FROM_IMPORT,fastapi.FastAPI,src/web_api/app.py:15
src/web_api/app.py,external:fastapi,FROM_IMPORT,fastapi.Header,src/web_api/app.py:15
src/web_api/app.py,external:fastapi,FROM_IMPORT,fastapi.Query,src/web_api/app.py:15
src/web_api/app.py,external:fastapi,FROM_IMPORT,fastapi.Request,src/web_api/app.py:15
src/web_api/app.py,external:fastapi,FROM_IMPORT,fastapi.Response,src/web_api/app.py:15
src/web_api/app.py,external:fastapi.exceptions,FROM_IMPORT,fastapi.exceptions.RequestValidationError,src/web_api/app.py:16
src/web_api/app.py,external:fastapi.responses,FROM_IMPORT,fastapi.responses.HTMLResponse,src/web_api/app.py:17
src/web_api/app.py,external:fastapi.responses,FROM_IMPORT,fastapi.responses.JSONResponse,src/web_api/app.py:17
src/web_api/app.py,external:fastapi.responses,FROM_IMPORT,fastapi.responses.RedirectResponse,src/web_api/app.py:17
src/web_api/app.py,external:fastapi.responses,FROM_IMPORT,fastapi.responses.StreamingResponse,src/web_api/app.py:17
src/web_api/app.py,external:psycopg.rows,FROM_IMPORT,psycopg.rows.dict_row,src/web_api/app.py:18
src/web_api/app.py,external:psycopg_pool,FROM_IMPORT,psycopg_pool.ConnectionPool,src/web_api/app.py:19
src/web_api/app.py,external:starlette.exceptions,FROM_IMPORT,starlette.exceptions.HTTPException,src/web_api/app.py:20
src/web_api/app.py,external:starlette.middleware.base,FROM_IMPORT,starlette.middleware.base.BaseHTTPMiddleware,src/web_api/app.py:21
src/web_api/app.py,external:starlette.types,FROM_IMPORT,starlette.types.ASGIApp,src/web_api/app.py:22
src/web_api/app.py,external:starlette.types,FROM_IMPORT,starlette.types.Message,src/web_api/app.py:22
src/web_api/app.py,external:starlette.types,FROM_IMPORT,starlette.types.Receive,src/web_api/app.py:22
src/web_api/app.py,external:starlette.types,FROM_IMPORT,starlette.types.Scope,src/web_api/app.py:22
src/web_api/app.py,external:starlette.types,FROM_IMPORT,starlette.types.Send,src/web_api/app.py:22
src/web_api/app.py,external:uuid6,FROM_IMPORT,uuid6.uuid7,src/web_api/app.py:23
src/web_api/app.py,src/account/credentials.py,FROM_IMPORT,account.credentials.FallbackCredentialAdapter,src/web_api/app.py:25
src/web_api/app.py,src/account/credentials.py,FROM_IMPORT,account.credentials.PostgresPasswordCredentialAdapter,src/web_api/app.py:25
src/web_api/app.py,src/account/identity_binding_service.py,FROM_IMPORT,account.identity_binding_service.ChallengeNotFound,src/web_api/app.py:29
src/web_api/app.py,src/account/identity_binding_service.py,FROM_IMPORT,account.identity_binding_service.IdentityBindingService,src/web_api/app.py:29
src/web_api/app.py,src/account/identity_binding_service.py,FROM_IMPORT,account.identity_binding_service.mask_qq_subject,src/web_api/app.py:29
src/web_api/app.py,src/account/registration_service.py,FROM_IMPORT,account.registration_service.InvalidPassword,src/web_api/app.py:34
src/web_api/app.py,src/account/registration_service.py,FROM_IMPORT,account.registration_service.InvalidUsername,src/web_api/app.py:34
src/web_api/app.py,src/account/registration_service.py,FROM_IMPORT,account.registration_service.RegistrationService,src/web_api/app.py:34
src/web_api/app.py,src/account/registration_service.py,FROM_IMPORT,account.registration_service.UsernameAlreadyExists,src/web_api/app.py:34
src/web_api/app.py,src/agent_execution/tracing/repository.py,FROM_IMPORT,agent_execution.tracing.repository.PostgresTraceRepository,src/web_api/app.py:40
src/web_api/app.py,src/common/logging.py,FROM_IMPORT,common.logging.log_event,src/web_api/app.py:41
src/web_api/app.py,src/file_domain/approvals.py,FROM_IMPORT,file_domain.approvals.ApprovalNotPending,src/web_api/app.py:42
src/web_api/app.py,src/file_domain/approvals.py,FROM_IMPORT,file_domain.approvals.FileActionApprovalService,src/web_api/app.py:42
src/web_api/app.py,src/file_domain/persistent.py,FROM_IMPORT,file_domain.persistent.PersistentFileRepository,src/web_api/app.py:43
src/web_api/app.py,src/persistence/uow.py,FROM_IMPORT,persistence.uow.UnitOfWork,src/web_api/app.py:44
src/web_api/app.py,src/research_domain/models.py,FROM_IMPORT,research_domain.models.SourceStrategy,src/web_api/app.py:45
src/web_api/app.py,src/research_domain/services.py,FROM_IMPORT,research_domain.services.ResearchTaskCommandService,src/web_api/app.py:46
src/web_api/app.py,src/research_domain/services.py,FROM_IMPORT,research_domain.services.TaskBusy,src/web_api/app.py:46
src/web_api/app.py,src/research_domain/services.py,FROM_IMPORT,research_domain.services.TaskNotActive,src/web_api/app.py:46
src/web_api/app.py,src/storage/tenant_file_store.py,FROM_IMPORT,storage.tenant_file_store.TenantFileStore,src/web_api/app.py:51
src/web_api/app.py,src/web_artifacts/services.py,FROM_IMPORT,web_artifacts.services.ArtifactService,src/web_api/app.py:52
src/web_api/app.py,src/web_domain/errors.py,FROM_IMPORT,web_domain.errors.ConversationBusy,src/web_api/app.py:53
src/web_api/app.py,src/web_domain/errors.py,FROM_IMPORT,web_domain.errors.DomainError,src/web_api/app.py:53
src/web_api/app.py,src/web_domain/errors.py,FROM_IMPORT,web_domain.errors.FileAlreadyBound,src/web_api/app.py:53
src/web_api/app.py,src/web_domain/errors.py,FROM_IMPORT,web_domain.errors.FileEncodingUnsupported,src/web_api/app.py:53
src/web_api/app.py,src/web_domain/errors.py,FROM_IMPORT,web_domain.errors.FileHashMismatch,src/web_api/app.py:53
src/web_api/app.py,src/web_domain/errors.py,FROM_IMPORT,web_domain.errors.FileNotReady,src/web_api/app.py:53
src/web_api/app.py,src/web_domain/errors.py,FROM_IMPORT,web_domain.errors.FileTooLarge,src/web_api/app.py:53
src/web_api/app.py,src/web_domain/errors.py,FROM_IMPORT,web_domain.errors.FileUploadInvalid,src/web_api/app.py:53
src/web_api/app.py,src/web_domain/errors.py,FROM_IMPORT,web_domain.errors.IdempotencyConflict,src/web_api/app.py:53
src/web_api/app.py,src/web_domain/errors.py,FROM_IMPORT,web_domain.errors.ResourceNotFound,src/web_api/app.py:53
src/web_api/app.py,src/web_domain/errors.py,FROM_IMPORT,web_domain.errors.RunNotCancellable,src/web_api/app.py:53
src/web_api/app.py,src/web_domain/errors.py,FROM_IMPORT,web_domain.errors.RunNotRetryable,src/web_api/app.py:53
src/web_api/app.py,src/web_domain/errors.py,FROM_IMPORT,web_domain.errors.RunRetryNotSafe,src/web_api/app.py:53
src/web_api/app.py,src/web_domain/errors.py,FROM_IMPORT,web_domain.errors.UnsupportedFileType,src/web_api/app.py:53
src/web_api/app.py,src/web_domain/errors.py,FROM_IMPORT,web_domain.errors.VersionConflict,src/web_api/app.py:53
src/web_api/app.py,src/web_domain/file_services.py,FROM_IMPORT,web_domain.file_services.FileService,src/web_api/app.py:70
src/web_api/app.py,src/web_domain/services.py,FROM_IMPORT,web_domain.services.CommandResult,src/web_api/app.py:71
src/web_api/app.py,src/web_domain/services.py,FROM_IMPORT,web_domain.services.CommandService,src/web_api/app.py:71
src/web_api/app.py,src/web_api/auth.py,FROM_IMPORT,web_api.auth.AuthContext,src/web_api/app.py:73
src/web_api/app.py,src/web_api/auth.py,FROM_IMPORT,web_api.auth.AuthService,src/web_api/app.py:73
src/web_api/app.py,src/web_api/auth.py,FROM_IMPORT,web_api.auth.ConfiguredPasswordCredentialAdapter,src/web_api/app.py:73
src/web_api/app.py,src/web_api/auth.py,FROM_IMPORT,web_api.auth.CredentialAdapter,src/web_api/app.py:73
src/web_api/app.py,src/web_api/config.py,FROM_IMPORT,web_api.config.WebApiSettings,src/web_api/app.py:79
src/web_api/app.py,src/web_api/fake_executor.py,FROM_IMPORT,web_api.fake_executor.FakeArtifactExecutor,src/web_api/app.py:80
src/web_api/app.py,src/web_api/fake_executor.py,FROM_IMPORT,web_api.fake_executor.FakeRunExecutor,src/web_api/app.py:80
src/web_api/app.py,src/web_api/models.py,FROM_IMPORT,web_api.models.CreateArtifactRequest,src/web_api/app.py:81
src/web_api/app.py,src/web_api/models.py,FROM_IMPORT,web_api.models.CreateArtifactVersionRequest,src/web_api/app.py:81
src/web_api/app.py,src/web_api/models.py,FROM_IMPORT,web_api.models.CreateConversationRequest,src/web_api/app.py:81
src/web_api/app.py,src/web_api/models.py,FROM_IMPORT,web_api.models.CreateResearchTaskRequest,src/web_api/app.py:81
src/web_api/app.py,src/web_api/models.py,FROM_IMPORT,web_api.models.CreateUploadRequest,src/web_api/app.py:81
src/web_api/app.py,src/web_api/models.py,FROM_IMPORT,web_api.models.EmptyRequest,src/web_api/app.py:81
src/web_api/app.py,src/web_api/models.py,FROM_IMPORT,web_api.models.LoginRequest,src/web_api/app.py:81
src/web_api/app.py,src/web_api/models.py,FROM_IMPORT,web_api.models.RegisterRequest,src/web_api/app.py:81
src/web_api/app.py,src/web_api/models.py,FROM_IMPORT,web_api.models.RenameConversationRequest,src/web_api/app.py:81
src/web_api/app.py,src/web_api/models.py,FROM_IMPORT,web_api.models.SendMessageRequest,src/web_api/app.py:81
src/web_api/app.py,src/web_api/models.py,FROM_IMPORT,web_api.models.UpdateResearchScheduleRequest,src/web_api/app.py:81
src/web_api/app.py,src/web_api/queries.py,FROM_IMPORT,web_api.queries.QueryService,src/web_api/app.py:94
src/web_api/app.py,src/web_api/queries.py,FROM_IMPORT,web_api.queries.trace_tree_dto,src/web_api/app.py:94
src/web_api/app.py,src/web_api/security.py,FROM_IMPORT,web_api.security.CursorCodec,src/web_api/app.py:95
src/web_api/app.py,src/web_api/security.py,FROM_IMPORT,web_api.security.CursorError,src/web_api/app.py:95
src/web_api/app.py,src/web_api/sse.py,FROM_IMPORT,web_api.sse.SSEGateway,src/web_api/app.py:96
src/web_api/app.py,src/web_api/sse.py,FROM_IMPORT,web_api.sse.load_run_snapshot,src/web_api/app.py:96
src/web_api/app.py,src/web_api/terminal_publisher.py,FROM_IMPORT,web_api.terminal_publisher.TerminalEventPublisher,src/web_api/app.py:97
src/web_api/app.py,external:redis.asyncio,IMPORT,redis.asyncio,src/web_api/app.py:327
src/web_api/auth.py,external:__future__,FROM_IMPORT,__future__.annotations,src/web_api/auth.py:1
src/web_api/auth.py,external:hmac,IMPORT,hmac,src/web_api/auth.py:3
src/web_api/auth.py,external:secrets,IMPORT,secrets,src/web_api/auth.py:4
src/web_api/auth.py,external:dataclasses,FROM_IMPORT,dataclasses.dataclass,src/web_api/auth.py:5
src/web_api/auth.py,external:datetime,FROM_IMPORT,datetime.UTC,src/web_api/auth.py:6
src/web_api/auth.py,external:datetime,FROM_IMPORT,datetime.datetime,src/web_api/auth.py:6
src/web_api/auth.py,external:datetime,FROM_IMPORT,datetime.timedelta,src/web_api/auth.py:6
src/web_api/auth.py,external:typing,FROM_IMPORT,typing.Protocol,src/web_api/auth.py:7
src/web_api/auth.py,external:uuid,FROM_IMPORT,uuid.UUID,src/web_api/auth.py:8
src/web_api/auth.py,external:argon2,FROM_IMPORT,argon2.PasswordHasher,src/web_api/auth.py:10
src/web_api/auth.py,external:argon2.exceptions,FROM_IMPORT,argon2.exceptions.InvalidHashError,src/web_api/auth.py:11
src/web_api/auth.py,external:argon2.exceptions,FROM_IMPORT,argon2.exceptions.VerifyMismatchError,src/web_api/auth.py:11
src/web_api/auth.py,external:uuid6,FROM_IMPORT,uuid6.uuid7,src/web_api/auth.py:12
src/web_api/auth.py,src/account/identity.py,FROM_IMPORT,account.identity.normalize_web_subject,src/web_api/auth.py:14
src/web_api/auth.py,src/persistence/uow.py,FROM_IMPORT,persistence.uow.UnitOfWork,src/web_api/auth.py:15
src/web_api/auth.py,src/web_api/config.py,FROM_IMPORT,web_api.config.WebApiSettings,src/web_api/auth.py:17
src/web_api/auth.py,src/web_api/security.py,FROM_IMPORT,web_api.security.csrf_digest,src/web_api/auth.py:18
src/web_api/auth.py,src/web_api/security.py,FROM_IMPORT,web_api.security.csrf_token,src/web_api/auth.py:18
src/web_api/auth.py,src/web_api/security.py,FROM_IMPORT,web_api.security.token_digest,src/web_api/auth.py:18
src/web_api/config.py,external:__future__,FROM_IMPORT,__future__.annotations,src/web_api/config.py:1
src/web_api/config.py,external:json,IMPORT,json,src/web_api/config.py:3
src/web_api/config.py,external:os,IMPORT,os,src/web_api/config.py:4
src/web_api/config.py,external:dataclasses,FROM_IMPORT,dataclasses.dataclass,src/web_api/config.py:5
src/web_api/config.py,external:dataclasses,FROM_IMPORT,dataclasses.field,src/web_api/config.py:5
src/web_api/fake_executor.py,external:__future__,FROM_IMPORT,__future__.annotations,src/web_api/fake_executor.py:1
src/web_api/fake_executor.py,external:asyncio,IMPORT,asyncio,src/web_api/fake_executor.py:3
src/web_api/fake_executor.py,external:contextlib,IMPORT,contextlib,src/web_api/fake_executor.py:4
src/web_api/fake_executor.py,external:uuid,FROM_IMPORT,uuid.UUID,src/web_api/fake_executor.py:5
src/web_api/fake_executor.py,src/agent_execution/web_events.py,FROM_IMPORT,agent_execution.web_events.RedisWebRunEventSinkFactory,src/web_api/fake_executor.py:7
src/web_api/fake_executor.py,src/common/types.py,FROM_IMPORT,common.types.ModelResponse,src/web_api/fake_executor.py:8
src/web_api/fake_executor.py,src/persistence/uow.py,FROM_IMPORT,persistence.uow.UnitOfWork,src/web_api/fake_executor.py:9
src/web_api/fake_executor.py,src/web_artifacts/build.py,FROM_IMPORT,web_artifacts.build.ArtifactBuildService,src/web_api/fake_executor.py:10
src/web_api/fake_executor.py,src/web_artifacts/generator.py,FROM_IMPORT,web_artifacts.generator.WebArtifactGenerator,src/web_api/fake_executor.py:11
src/web_api/fake_executor.py,src/web_artifacts/outbox.py,FROM_IMPORT,web_artifacts.outbox.ArtifactOutboxService,src/web_api/fake_executor.py:12
src/web_api/fake_executor.py,src/web_domain/outbox.py,FROM_IMPORT,web_domain.outbox.OutboxService,src/web_api/fake_executor.py:13
src/web_api/fake_executor.py,src/web_domain/services.py,FROM_IMPORT,web_domain.services.CommandService,src/web_api/fake_executor.py:14
src/web_api/fake_executor.py,src/web_api/config.py,FROM_IMPORT,web_api.config.WebApiSettings,src/web_api/fake_executor.py:16
src/web_api/models.py,external:__future__,FROM_IMPORT,__future__.annotations,src/web_api/models.py:1
src/web_api/models.py,external:typing,FROM_IMPORT,typing.Literal,src/web_api/models.py:3
src/web_api/models.py,external:uuid,FROM_IMPORT,uuid.UUID,src/web_api/models.py:4
src/web_api/models.py,external:pydantic,FROM_IMPORT,pydantic.BaseModel,src/web_api/models.py:6
src/web_api/models.py,external:pydantic,FROM_IMPORT,pydantic.ConfigDict,src/web_api/models.py:6
src/web_api/models.py,external:pydantic,FROM_IMPORT,pydantic.Field,src/web_api/models.py:6
src/web_api/queries.py,external:__future__,FROM_IMPORT,__future__.annotations,src/web_api/queries.py:1
src/web_api/queries.py,external:datetime,FROM_IMPORT,datetime.UTC,src/web_api/queries.py:3
src/web_api/queries.py,external:datetime,FROM_IMPORT,datetime.datetime,src/web_api/queries.py:3
src/web_api/queries.py,external:typing,FROM_IMPORT,typing.Any,src/web_api/queries.py:4
src/web_api/queries.py,external:uuid,FROM_IMPORT,uuid.UUID,src/web_api/queries.py:5
src/web_api/queries.py,src/agent_execution/tracing/models.py,FROM_IMPORT,agent_execution.tracing.models.TraceEventNode,src/web_api/queries.py:7
src/web_api/queries.py,src/agent_execution/tracing/models.py,FROM_IMPORT,agent_execution.tracing.models.TraceTree,src/web_api/queries.py:7
src/web_api/queries.py,src/persistence/uow.py,FROM_IMPORT,persistence.uow.UnitOfWork,src/web_api/queries.py:8
src/web_api/queries.py,src/web_domain/errors.py,FROM_IMPORT,web_domain.errors.ResourceNotFound,src/web_api/queries.py:9
src/web_api/queries.py,src/web_domain/errors.py,FROM_IMPORT,web_domain.errors.VersionConflict,src/web_api/queries.py:9
src/web_api/queries.py,src/web_domain/failures.py,FROM_IMPORT,web_domain.failures.is_failure_retryable,src/web_api/queries.py:10
src/web_api/queries.py,src/web_domain/run_usage_projection.py,FROM_IMPORT,web_domain.run_usage_projection.load_run_budget_projection,src/web_api/queries.py:11
src/web_api/queries.py,src/web_api/security.py,FROM_IMPORT,web_api.security.CursorCodec,src/web_api/queries.py:13
src/web_api/queries.py,src/web_api/security.py,FROM_IMPORT,web_api.security.CursorError,src/web_api/queries.py:13
src/web_api/security.py,external:__future__,FROM_IMPORT,__future__.annotations,src/web_api/security.py:1
src/web_api/security.py,external:base64,IMPORT,base64,src/web_api/security.py:3
src/web_api/security.py,external:hashlib,IMPORT,hashlib,src/web_api/security.py:4
src/web_api/security.py,external:hmac,IMPORT,hmac,src/web_api/security.py:5
src/web_api/security.py,external:json,IMPORT,json,src/web_api/security.py:6
src/web_api/security.py,external:time,IMPORT,time,src/web_api/security.py:7
src/web_api/security.py,external:dataclasses,FROM_IMPORT,dataclasses.dataclass,src/web_api/security.py:8
src/web_api/security.py,external:typing,FROM_IMPORT,typing.Any,src/web_api/security.py:9
src/web_api/security.py,external:typing,FROM_IMPORT,typing.cast,src/web_api/security.py:9
src/web_api/sse.py,external:__future__,FROM_IMPORT,__future__.annotations,src/web_api/sse.py:16
src/web_api/sse.py,external:asyncio,IMPORT,asyncio,src/web_api/sse.py:18
src/web_api/sse.py,external:contextlib,IMPORT,contextlib,src/web_api/sse.py:19
src/web_api/sse.py,external:json,IMPORT,json,src/web_api/sse.py:20
src/web_api/sse.py,external:logging,IMPORT,logging,src/web_api/sse.py:21
src/web_api/sse.py,external:datetime,FROM_IMPORT,datetime.UTC,src/web_api/sse.py:22
src/web_api/sse.py,external:datetime,FROM_IMPORT,datetime.datetime,src/web_api/sse.py:22
src/web_api/sse.py,external:typing,FROM_IMPORT,typing.Any,src/web_api/sse.py:23
src/web_api/sse.py,external:typing,FROM_IMPORT,typing.Awaitable,src/web_api/sse.py:23
src/web_api/sse.py,external:typing,FROM_IMPORT,typing.Callable,src/web_api/sse.py:23
src/web_api/sse.py,external:typing,FROM_IMPORT,typing.Protocol,src/web_api/sse.py:23
src/web_api/sse.py,external:uuid,FROM_IMPORT,uuid.UUID,src/web_api/sse.py:24
src/web_api/sse.py,external:uuid6,FROM_IMPORT,uuid6.uuid7,src/web_api/sse.py:26
src/web_api/sse.py,src/common/logging.py,FROM_IMPORT,common.logging.log_event,src/web_api/sse.py:28
src/web_api/sse.py,src/persistence/uow.py,FROM_IMPORT,persistence.uow.UnitOfWork,src/web_api/sse.py:29
src/web_api/sse.py,src/web_domain/errors.py,FROM_IMPORT,web_domain.errors.ResourceNotFound,src/web_api/sse.py:30
src/web_api/sse.py,src/web_domain/run_usage_projection.py,FROM_IMPORT,web_domain.run_usage_projection.load_run_budget_projection,src/web_api/sse.py:31
src/web_api/sse.py,src/web_api/config.py,FROM_IMPORT,web_api.config.WebApiSettings,src/web_api/sse.py:33
src/web_api/sse.py,src/web_api/queries.py,FROM_IMPORT,web_api.queries.message_dto,src/web_api/sse.py:34
src/web_api/sse.py,src/web_api/queries.py,FROM_IMPORT,web_api.queries.run_dto,src/web_api/sse.py:34
src/web_api/terminal_publisher.py,external:__future__,FROM_IMPORT,__future__.annotations,src/web_api/terminal_publisher.py:16
src/web_api/terminal_publisher.py,external:asyncio,IMPORT,asyncio,src/web_api/terminal_publisher.py:18
src/web_api/terminal_publisher.py,external:contextlib,IMPORT,contextlib,src/web_api/terminal_publisher.py:19
src/web_api/terminal_publisher.py,external:json,IMPORT,json,src/web_api/terminal_publisher.py:20
src/web_api/terminal_publisher.py,external:logging,IMPORT,logging,src/web_api/terminal_publisher.py:21
src/web_api/terminal_publisher.py,external:datetime,FROM_IMPORT,datetime.UTC,src/web_api/terminal_publisher.py:22
src/web_api/terminal_publisher.py,external:datetime,FROM_IMPORT,datetime.datetime,src/web_api/terminal_publisher.py:22
src/web_api/terminal_publisher.py,external:datetime,FROM_IMPORT,datetime.timedelta,src/web_api/terminal_publisher.py:22
src/web_api/terminal_publisher.py,external:uuid,FROM_IMPORT,uuid.UUID,src/web_api/terminal_publisher.py:23
src/web_api/terminal_publisher.py,src/common/logging.py,FROM_IMPORT,common.logging.log_event,src/web_api/terminal_publisher.py:25
src/web_api/terminal_publisher.py,src/web_domain/outbox.py,FROM_IMPORT,web_domain.outbox.OutboxService,src/web_api/terminal_publisher.py:26
src/web_api/terminal_publisher.py,src/web_api/config.py,FROM_IMPORT,web_api.config.WebApiSettings,src/web_api/terminal_publisher.py:28
src/web_api/terminal_publisher.py,src/web_api/sse.py,FROM_IMPORT,web_api.sse.AsyncRedis,src/web_api/terminal_publisher.py:29
src/web_api/terminal_publisher.py,src/web_api/sse.py,FROM_IMPORT,web_api.sse.envelope,src/web_api/terminal_publisher.py:29
src/web_api/terminal_publisher.py,src/web_api/sse.py,FROM_IMPORT,web_api.sse.load_run_snapshot,src/web_api/terminal_publisher.py:29
src/web_artifacts/__init__.py,src/web_artifacts/services.py,FROM_IMPORT,web_artifacts.services.ArtifactService,src/web_artifacts/__init__.py:3
src/web_artifacts/build.py,external:__future__,FROM_IMPORT,__future__.annotations,src/web_artifacts/build.py:1
src/web_artifacts/build.py,external:logging,IMPORT,logging,src/web_artifacts/build.py:3
src/web_artifacts/build.py,external:uuid,FROM_IMPORT,uuid.UUID,src/web_artifacts/build.py:4
src/web_artifacts/build.py,src/common/logging.py,FROM_IMPORT,common.logging.log_event,src/web_artifacts/build.py:6
src/web_artifacts/build.py,src/persistence/uow.py,FROM_IMPORT,persistence.uow.UnitOfWork,src/web_artifacts/build.py:7
src/web_artifacts/build.py,src/web_artifacts/generator.py,FROM_IMPORT,web_artifacts.generator.ArtifactGenerationError,src/web_artifacts/build.py:9
src/web_artifacts/build.py,src/web_artifacts/generator.py,FROM_IMPORT,web_artifacts.generator.WebArtifactGenerator,src/web_artifacts/build.py:9
src/web_artifacts/generator.py,external:__future__,FROM_IMPORT,__future__.annotations,src/web_artifacts/generator.py:1
src/web_artifacts/generator.py,external:re,IMPORT,re,src/web_artifacts/generator.py:3
src/web_artifacts/generator.py,external:typing,FROM_IMPORT,typing.Any,src/web_artifacts/generator.py:4
src/web_artifacts/generator.py,external:typing,FROM_IMPORT,typing.Protocol,src/web_artifacts/generator.py:4
src/web_artifacts/models.py,external:__future__,FROM_IMPORT,__future__.annotations,src/web_artifacts/models.py:1
src/web_artifacts/models.py,external:dataclasses,FROM_IMPORT,dataclasses.dataclass,src/web_artifacts/models.py:3
src/web_artifacts/outbox.py,external:__future__,FROM_IMPORT,__future__.annotations,src/web_artifacts/outbox.py:1
src/web_artifacts/outbox.py,external:collections.abc,FROM_IMPORT,collections.abc.Collection,src/web_artifacts/outbox.py:3
src/web_artifacts/outbox.py,external:datetime,FROM_IMPORT,datetime.datetime,src/web_artifacts/outbox.py:4
src/web_artifacts/outbox.py,external:uuid,FROM_IMPORT,uuid.UUID,src/web_artifacts/outbox.py:5
src/web_artifacts/outbox.py,src/persistence/uow.py,FROM_IMPORT,persistence.uow.UnitOfWork,src/web_artifacts/outbox.py:7
src/web_artifacts/services.py,external:__future__,FROM_IMPORT,__future__.annotations,src/web_artifacts/services.py:1
src/web_artifacts/services.py,external:hashlib,IMPORT,hashlib,src/web_artifacts/services.py:3
src/web_artifacts/services.py,external:json,IMPORT,json,src/web_artifacts/services.py:4
src/web_artifacts/services.py,external:collections.abc,FROM_IMPORT,collections.abc.Mapping,src/web_artifacts/services.py:5
src/web_artifacts/services.py,external:datetime,FROM_IMPORT,datetime.UTC,src/web_artifacts/services.py:6
src/web_artifacts/services.py,external:datetime,FROM_IMPORT,datetime.datetime,src/web_artifacts/services.py:6
src/web_artifacts/services.py,external:datetime,FROM_IMPORT,datetime.timedelta,src/web_artifacts/services.py:6
src/web_artifacts/services.py,external:typing,FROM_IMPORT,typing.Any,src/web_artifacts/services.py:7
src/web_artifacts/services.py,external:typing,FROM_IMPORT,typing.cast,src/web_artifacts/services.py:7
src/web_artifacts/services.py,external:uuid,FROM_IMPORT,uuid.UUID,src/web_artifacts/services.py:8
src/web_artifacts/services.py,external:uuid6,FROM_IMPORT,uuid6.uuid7,src/web_artifacts/services.py:10
src/web_artifacts/services.py,src/persistence/repositories.py,FROM_IMPORT,persistence.repositories.IdempotencyRepository,src/web_artifacts/services.py:12
src/web_artifacts/services.py,src/persistence/uow.py,FROM_IMPORT,persistence.uow.UnitOfWork,src/web_artifacts/services.py:13
src/web_artifacts/services.py,src/persistence/uow.py,FROM_IMPORT,persistence.uow.retryable_transaction,src/web_artifacts/services.py:13
src/web_artifacts/services.py,src/web_domain/errors.py,FROM_IMPORT,web_domain.errors.ConversationBusy,src/web_artifacts/services.py:14
src/web_artifacts/services.py,src/web_domain/errors.py,FROM_IMPORT,web_domain.errors.IdempotencyConflict,src/web_artifacts/services.py:14
src/web_artifacts/services.py,src/web_domain/errors.py,FROM_IMPORT,web_domain.errors.ResourceNotFound,src/web_artifacts/services.py:14
src/web_artifacts/services.py,src/web_domain/services.py,FROM_IMPORT,web_domain.services.CommandResult,src/web_artifacts/services.py:15
src/web_domain/failures.py,external:__future__,FROM_IMPORT,__future__.annotations,src/web_domain/failures.py:2
src/web_domain/file_cleanup.py,external:__future__,FROM_IMPORT,__future__.annotations,src/web_domain/file_cleanup.py:2
src/web_domain/file_cleanup.py,external:dataclasses,FROM_IMPORT,dataclasses.dataclass,src/web_domain/file_cleanup.py:4
src/web_domain/file_cleanup.py,external:typing,FROM_IMPORT,typing.Any,src/web_domain/file_cleanup.py:5
src/web_domain/file_cleanup.py,external:uuid,FROM_IMPORT,uuid.UUID,src/web_domain/file_cleanup.py:6
src/web_domain/file_cleanup.py,src/persistence/uow.py,FROM_IMPORT,persistence.uow.UnitOfWork,src/web_domain/file_cleanup.py:8
src/web_domain/file_cleanup.py,src/persistence/uow.py,FROM_IMPORT,persistence.uow.retryable_transaction,src/web_domain/file_cleanup.py:8
src/web_domain/file_cleanup.py,src/storage/tenant_file_store.py,FROM_IMPORT,storage.tenant_file_store.FileStoreError,src/web_domain/file_cleanup.py:9
src/web_domain/file_cleanup.py,src/storage/tenant_file_store.py,FROM_IMPORT,storage.tenant_file_store.TenantFileStore,src/web_domain/file_cleanup.py:9
src/web_domain/file_services.py,external:__future__,FROM_IMPORT,__future__.annotations,src/web_domain/file_services.py:2
src/web_domain/file_services.py,external:hashlib,IMPORT,hashlib,src/web_domain/file_services.py:4
src/web_domain/file_services.py,external:json,IMPORT,json,src/web_domain/file_services.py:5
src/web_domain/file_services.py,external:unicodedata,IMPORT,unicodedata,src/web_domain/file_services.py:6
src/web_domain/file_services.py,external:collections.abc,FROM_IMPORT,collections.abc.AsyncIterable,src/web_domain/file_services.py:7
src/web_domain/file_services.py,external:datetime,FROM_IMPORT,datetime.UTC,src/web_domain/file_services.py:8
src/web_domain/file_services.py,external:datetime,FROM_IMPORT,datetime.datetime,src/web_domain/file_services.py:8
src/web_domain/file_services.py,external:datetime,FROM_IMPORT,datetime.timedelta,src/web_domain/file_services.py:8
src/web_domain/file_services.py,external:typing,FROM_IMPORT,typing.Any,src/web_domain/file_services.py:9
src/web_domain/file_services.py,external:uuid,FROM_IMPORT,uuid.UUID,src/web_domain/file_services.py:10
src/web_domain/file_services.py,external:uuid6,FROM_IMPORT,uuid6.uuid7,src/web_domain/file_services.py:12
src/web_domain/file_services.py,src/persistence/repositories.py,FROM_IMPORT,persistence.repositories.ConversationRepository,src/web_domain/file_services.py:14
src/web_domain/file_services.py,src/persistence/repositories.py,FROM_IMPORT,persistence.repositories.FileRepository,src/web_domain/file_services.py:14
src/web_domain/file_services.py,src/persistence/repositories.py,FROM_IMPORT,persistence.repositories.IdempotencyRepository,src/web_domain/file_services.py:14
src/web_domain/file_services.py,src/persistence/uow.py,FROM_IMPORT,persistence.uow.UnitOfWork,src/web_domain/file_services.py:15
src/web_domain/file_services.py,src/persistence/uow.py,FROM_IMPORT,persistence.uow.retryable_transaction,src/web_domain/file_services.py:15
src/web_domain/file_services.py,src/storage/tenant_file_store.py,FROM_IMPORT,storage.tenant_file_store.FileEncodingUnsupported,src/web_domain/file_services.py:16
src/web_domain/file_services.py,src/storage/tenant_file_store.py,FROM_IMPORT,storage.tenant_file_store.FileHashMismatch,src/web_domain/file_services.py:19
src/web_domain/file_services.py,src/storage/tenant_file_store.py,FROM_IMPORT,storage.tenant_file_store.FileStoreError,src/web_domain/file_services.py:22
src/web_domain/file_services.py,src/storage/tenant_file_store.py,FROM_IMPORT,storage.tenant_file_store.TenantFileStore,src/web_domain/file_services.py:22
src/web_domain/file_services.py,src/storage/tenant_file_store.py,FROM_IMPORT,storage.tenant_file_store.FileTooLarge,src/web_domain/file_services.py:26
src/web_domain/file_services.py,src/web_domain/errors.py,FROM_IMPORT,web_domain.errors.FileAlreadyBound,src/web_domain/file_services.py:30
src/web_domain/file_services.py,src/web_domain/errors.py,FROM_IMPORT,web_domain.errors.FileEncodingUnsupported,src/web_domain/file_services.py:30
src/web_domain/file_services.py,src/web_domain/errors.py,FROM_IMPORT,web_domain.errors.FileHashMismatch,src/web_domain/file_services.py:30
src/web_domain/file_services.py,src/web_domain/errors.py,FROM_IMPORT,web_domain.errors.FileTooLarge,src/web_domain/file_services.py:30
src/web_domain/file_services.py,src/web_domain/errors.py,FROM_IMPORT,web_domain.errors.FileUploadInvalid,src/web_domain/file_services.py:30
src/web_domain/file_services.py,src/web_domain/errors.py,FROM_IMPORT,web_domain.errors.IdempotencyConflict,src/web_domain/file_services.py:30
src/web_domain/file_services.py,src/web_domain/errors.py,FROM_IMPORT,web_domain.errors.ResourceNotFound,src/web_domain/file_services.py:30
src/web_domain/file_services.py,src/web_domain/errors.py,FROM_IMPORT,web_domain.errors.UnsupportedFileType,src/web_domain/file_services.py:30
src/web_domain/file_services.py,src/web_domain/services.py,FROM_IMPORT,web_domain.services.CommandResult,src/web_domain/file_services.py:40
src/web_domain/lifecycle.py,external:__future__,FROM_IMPORT,__future__.annotations,src/web_domain/lifecycle.py:2
src/web_domain/lifecycle.py,external:logging,IMPORT,logging,src/web_domain/lifecycle.py:4
src/web_domain/lifecycle.py,external:collections.abc,FROM_IMPORT,collections.abc.Mapping,src/web_domain/lifecycle.py:5
src/web_domain/lifecycle.py,external:dataclasses,FROM_IMPORT,dataclasses.dataclass,src/web_domain/lifecycle.py:6
src/web_domain/lifecycle.py,external:typing,FROM_IMPORT,typing.Any,src/web_domain/lifecycle.py:7
src/web_domain/lifecycle.py,external:typing,FROM_IMPORT,typing.Protocol,src/web_domain/lifecycle.py:7
src/web_domain/lifecycle.py,external:typing,FROM_IMPORT,typing.cast,src/web_domain/lifecycle.py:7
src/web_domain/lifecycle.py,external:uuid,FROM_IMPORT,uuid.UUID,src/web_domain/lifecycle.py:8
src/web_domain/lifecycle.py,src/persistence/uow.py,FROM_IMPORT,persistence.uow.UnitOfWork,src/web_domain/lifecycle.py:10
src/web_domain/lifecycle.py,src/persistence/uow.py,FROM_IMPORT,persistence.uow.retryable_transaction,src/web_domain/lifecycle.py:10
src/web_domain/lifecycle.py,src/web_domain/errors.py,FROM_IMPORT,web_domain.errors.ResourceNotFound,src/web_domain/lifecycle.py:12
src/web_domain/lifecycle.py,src/web_domain/services.py,FROM_IMPORT,web_domain.services.CommandService,src/web_domain/lifecycle.py:13
src/web_domain/outbox.py,external:__future__,FROM_IMPORT,__future__.annotations,src/web_domain/outbox.py:1
src/web_domain/outbox.py,external:json,IMPORT,json,src/web_domain/outbox.py:3
src/web_domain/outbox.py,external:collections.abc,FROM_IMPORT,collections.abc.Collection,src/web_domain/outbox.py:4
src/web_domain/outbox.py,external:datetime,FROM_IMPORT,datetime.datetime,src/web_domain/outbox.py:5
src/web_domain/outbox.py,external:uuid,FROM_IMPORT,uuid.UUID,src/web_domain/outbox.py:6
src/web_domain/outbox.py,external:uuid6,FROM_IMPORT,uuid6.uuid7,src/web_domain/outbox.py:8
src/web_domain/outbox.py,src/persistence/repositories.py,FROM_IMPORT,persistence.repositories.ConversationRepository,src/web_domain/outbox.py:10
src/web_domain/outbox.py,src/persistence/repositories.py,FROM_IMPORT,persistence.repositories.MessageRepository,src/web_domain/outbox.py:10
src/web_domain/outbox.py,src/persistence/repositories.py,FROM_IMPORT,persistence.repositories.OutboxRepository,src/web_domain/outbox.py:10
src/web_domain/outbox.py,src/persistence/repositories.py,FROM_IMPORT,persistence.repositories.RunRepository,src/web_domain/outbox.py:10
src/web_domain/outbox.py,src/persistence/uow.py,FROM_IMPORT,persistence.uow.UnitOfWork,src/web_domain/outbox.py:16
src/web_domain/outbox.py,src/persistence/uow.py,FROM_IMPORT,persistence.uow.retryable_transaction,src/web_domain/outbox.py:16
src/web_domain/outbox.py,src/web_domain/errors.py,FROM_IMPORT,web_domain.errors.OutboxLeaseLost,src/web_domain/outbox.py:18
src/web_domain/outbox.py,src/web_domain/errors.py,FROM_IMPORT,web_domain.errors.ResourceNotFound,src/web_domain/outbox.py:18
src/web_domain/run_usage_projection.py,external:__future__,FROM_IMPORT,__future__.annotations,src/web_domain/run_usage_projection.py:2
src/web_domain/run_usage_projection.py,external:collections.abc,FROM_IMPORT,collections.abc.Iterable,src/web_domain/run_usage_projection.py:4
src/web_domain/run_usage_projection.py,external:collections.abc,FROM_IMPORT,collections.abc.Mapping,src/web_domain/run_usage_projection.py:4
src/web_domain/run_usage_projection.py,external:typing,FROM_IMPORT,typing.Any,src/web_domain/run_usage_projection.py:5
src/web_domain/run_usage_projection.py,external:uuid,FROM_IMPORT,uuid.UUID,src/web_domain/run_usage_projection.py:6
src/web_domain/run_usage_projection.py,src/persistence/uow.py,FROM_IMPORT,persistence.uow.UnitOfWork,src/web_domain/run_usage_projection.py:8
src/web_domain/services.py,external:__future__,FROM_IMPORT,__future__.annotations,src/web_domain/services.py:2
src/web_domain/services.py,external:hashlib,IMPORT,hashlib,src/web_domain/services.py:4
src/web_domain/services.py,external:json,IMPORT,json,src/web_domain/services.py:5
src/web_domain/services.py,external:logging,IMPORT,logging,src/web_domain/services.py:6
src/web_domain/services.py,external:collections.abc,FROM_IMPORT,collections.abc.Iterator,src/web_domain/services.py:7
src/web_domain/services.py,external:collections.abc,FROM_IMPORT,collections.abc.Mapping,src/web_domain/services.py:7
src/web_domain/services.py,external:dataclasses,FROM_IMPORT,dataclasses.dataclass,src/web_domain/services.py:8
src/web_domain/services.py,external:dataclasses,FROM_IMPORT,dataclasses.field,src/web_domain/services.py:8
src/web_domain/services.py,external:datetime,FROM_IMPORT,datetime.UTC,src/web_domain/services.py:9
src/web_domain/services.py,external:datetime,FROM_IMPORT,datetime.datetime,src/web_domain/services.py:9
src/web_domain/services.py,external:datetime,FROM_IMPORT,datetime.timedelta,src/web_domain/services.py:9
src/web_domain/services.py,external:typing,FROM_IMPORT,typing.Any,src/web_domain/services.py:10
src/web_domain/services.py,external:typing,FROM_IMPORT,typing.cast,src/web_domain/services.py:10
src/web_domain/services.py,external:uuid,FROM_IMPORT,uuid.UUID,src/web_domain/services.py:11
src/web_domain/services.py,external:uuid6,FROM_IMPORT,uuid6.uuid7,src/web_domain/services.py:13
src/web_domain/services.py,src/agent_workflows/tool_execution.py,FROM_IMPORT,agent_workflows.tool_execution.tool_execution_workflow_id,src/web_domain/services.py:15
src/web_domain/services.py,src/common/logging.py,FROM_IMPORT,common.logging.log_event,src/web_domain/services.py:16
src/web_domain/services.py,src/persistence/repositories.py,FROM_IMPORT,persistence.repositories.AccountRepository,src/web_domain/services.py:17
src/web_domain/services.py,src/persistence/repositories.py,FROM_IMPORT,persistence.repositories.ConversationRepository,src/web_domain/services.py:17
src/web_domain/services.py,src/persistence/repositories.py,FROM_IMPORT,persistence.repositories.FileRepository,src/web_domain/services.py:17
src/web_domain/services.py,src/persistence/repositories.py,FROM_IMPORT,persistence.repositories.IdempotencyRepository,src/web_domain/services.py:17
src/web_domain/services.py,src/persistence/repositories.py,FROM_IMPORT,persistence.repositories.MessageRepository,src/web_domain/services.py:17
src/web_domain/services.py,src/persistence/repositories.py,FROM_IMPORT,persistence.repositories.OutboxRepository,src/web_domain/services.py:17
src/web_domain/services.py,src/persistence/repositories.py,FROM_IMPORT,persistence.repositories.RunBudgetRepository,src/web_domain/services.py:17
src/web_domain/services.py,src/persistence/repositories.py,FROM_IMPORT,persistence.repositories.RunRepository,src/web_domain/services.py:17
src/web_domain/services.py,src/persistence/repositories.py,FROM_IMPORT,persistence.repositories.SessionRepository,src/web_domain/services.py:17
src/web_domain/services.py,src/persistence/repositories.py,FROM_IMPORT,persistence.repositories.WorkflowExecutionRepository,src/web_domain/services.py:17
src/web_domain/services.py,src/persistence/uow.py,FROM_IMPORT,persistence.uow.UnitOfWork,src/web_domain/services.py:29
src/web_domain/services.py,src/persistence/uow.py,FROM_IMPORT,persistence.uow.retryable_transaction,src/web_domain/services.py:29
src/web_domain/services.py,src/web_domain/errors.py,FROM_IMPORT,web_domain.errors.ConversationBusy,src/web_domain/services.py:31
src/web_domain/services.py,src/web_domain/errors.py,FROM_IMPORT,web_domain.errors.FileAlreadyBound,src/web_domain/services.py:31
src/web_domain/services.py,src/web_domain/errors.py,FROM_IMPORT,web_domain.errors.FileNotReady,src/web_domain/services.py:31
src/web_domain/services.py,src/web_domain/errors.py,FROM_IMPORT,web_domain.errors.IdempotencyConflict,src/web_domain/services.py:31
src/web_domain/services.py,src/web_domain/errors.py,FROM_IMPORT,web_domain.errors.ResourceNotFound,src/web_domain/services.py:31
src/web_domain/services.py,src/web_domain/errors.py,FROM_IMPORT,web_domain.errors.RunNotCancellable,src/web_domain/services.py:31
src/web_domain/services.py,src/web_domain/errors.py,FROM_IMPORT,web_domain.errors.RunNotRetryable,src/web_domain/services.py:31
src/web_domain/services.py,src/web_domain/errors.py,FROM_IMPORT,web_domain.errors.RunRetryNotSafe,src/web_domain/services.py:31
src/web_domain/services.py,src/web_domain/failures.py,FROM_IMPORT,web_domain.failures.is_failure_retryable,src/web_domain/services.py:41
src/web_domain/services.py,src/web_domain/run_usage_projection.py,FROM_IMPORT,web_domain.run_usage_projection.load_run_budget_projection,src/web_domain/services.py:42
src/web_domain/services.py,src/web_domain/sessions.py,FROM_IMPORT,web_domain.sessions.ConversationSessionService,src/web_domain/services.py:43
src/web_domain/sessions.py,external:__future__,FROM_IMPORT,__future__.annotations,src/web_domain/sessions.py:7
src/web_domain/sessions.py,external:typing,FROM_IMPORT,typing.cast,src/web_domain/sessions.py:9
src/web_domain/sessions.py,external:uuid,FROM_IMPORT,uuid.UUID,src/web_domain/sessions.py:10
src/web_domain/sessions.py,external:uuid6,FROM_IMPORT,uuid6.uuid7,src/web_domain/sessions.py:12
src/web_domain/sessions.py,src/persistence/repositories.py,FROM_IMPORT,persistence.repositories.ConversationRepository,src/web_domain/sessions.py:14
src/web_domain/sessions.py,src/persistence/repositories.py,FROM_IMPORT,persistence.repositories.RunRepository,src/web_domain/sessions.py:14
src/web_domain/sessions.py,src/persistence/repositories.py,FROM_IMPORT,persistence.repositories.SessionRepository,src/web_domain/sessions.py:14
src/web_domain/sessions.py,src/persistence/uow.py,FROM_IMPORT,persistence.uow.UnitOfWork,src/web_domain/sessions.py:15
src/web_domain/sessions.py,src/persistence/uow.py,FROM_IMPORT,persistence.uow.retryable_transaction,src/web_domain/sessions.py:15
src/web_domain/sessions.py,src/web_domain/errors.py,FROM_IMPORT,web_domain.errors.ConversationBusy,src/web_domain/sessions.py:17
src/web_domain/sessions.py,src/web_domain/errors.py,FROM_IMPORT,web_domain.errors.ResourceNotFound,src/web_domain/sessions.py:17
src/web_domain/workflow_execution.py,external:__future__,FROM_IMPORT,__future__.annotations,src/web_domain/workflow_execution.py:2
src/web_domain/workflow_execution.py,external:uuid,FROM_IMPORT,uuid.UUID,src/web_domain/workflow_execution.py:4
src/web_domain/workflow_execution.py,external:uuid6,FROM_IMPORT,uuid6.uuid7,src/web_domain/workflow_execution.py:6
src/web_domain/workflow_execution.py,src/orchestration/web_dispatcher.py,FROM_IMPORT,orchestration.web_dispatcher.StartDecision,src/web_domain/workflow_execution.py:8
src/web_domain/workflow_execution.py,src/orchestration/web_dispatcher.py,FROM_IMPORT,orchestration.web_dispatcher.web_workflow_id,src/web_domain/workflow_execution.py:8
src/web_domain/workflow_execution.py,src/orchestration/web_reconciler.py,FROM_IMPORT,orchestration.web_reconciler.ReconcileCandidate,src/web_domain/workflow_execution.py:9
src/web_domain/workflow_execution.py,src/persistence/uow.py,FROM_IMPORT,persistence.uow.UnitOfWork,src/web_domain/workflow_execution.py:10
src/web_domain/workflow_execution.py,src/persistence/uow.py,FROM_IMPORT,persistence.uow.retryable_transaction,src/web_domain/workflow_execution.py:10
src/workspace/__init__.py,src/workspace/isolation.py,FROM_IMPORT,workspace.isolation.AccountLockRegistry,src/workspace/__init__.py:3
src/workspace/__init__.py,src/workspace/isolation.py,FROM_IMPORT,workspace.isolation.SessionResourceRecoveryService,src/workspace/__init__.py:3
src/workspace/__init__.py,src/workspace/isolation.py,FROM_IMPORT,workspace.isolation.WorkspaceIsolationMode,src/workspace/__init__.py:3
src/workspace/__init__.py,src/workspace/isolation.py,FROM_IMPORT,workspace.isolation.WorkspaceIsolationRuntime,src/workspace/__init__.py:3
src/workspace/__init__.py,src/workspace/isolation.py,FROM_IMPORT,workspace.isolation.WorkspaceRecoveryGuard,src/workspace/__init__.py:3
src/workspace/__init__.py,src/workspace/isolation.py,FROM_IMPORT,workspace.isolation.WorkspaceRecoveryRequired,src/workspace/__init__.py:3
src/workspace/file_capability_config.py,external:__future__,FROM_IMPORT,__future__.annotations,src/workspace/file_capability_config.py:2
src/workspace/file_capability_config.py,external:os,IMPORT,os,src/workspace/file_capability_config.py:4
src/workspace/file_capability_config.py,external:dataclasses,FROM_IMPORT,dataclasses.dataclass,src/workspace/file_capability_config.py:5
src/workspace/file_capability_config.py,external:pathlib,FROM_IMPORT,pathlib.Path,src/workspace/file_capability_config.py:6
src/workspace/file_capability_config.py,external:typing,FROM_IMPORT,typing.Mapping,src/workspace/file_capability_config.py:7
src/workspace/file_capability_config.py,src/workspace/file_scope.py,FROM_IMPORT,workspace.file_scope.RunFileScopeUnavailable,src/workspace/file_capability_config.py:9
src/workspace/file_scope.py,external:__future__,FROM_IMPORT,__future__.annotations,src/workspace/file_scope.py:2
src/workspace/file_scope.py,external:os,IMPORT,os,src/workspace/file_scope.py:4
src/workspace/file_scope.py,external:shutil,IMPORT,shutil,src/workspace/file_scope.py:5
src/workspace/file_scope.py,external:contextlib,FROM_IMPORT,contextlib.contextmanager,src/workspace/file_scope.py:6
src/workspace/file_scope.py,external:dataclasses,FROM_IMPORT,dataclasses.dataclass,src/workspace/file_scope.py:7
src/workspace/file_scope.py,external:pathlib,FROM_IMPORT,pathlib.Path,src/workspace/file_scope.py:8
src/workspace/file_scope.py,external:typing,FROM_IMPORT,typing.Any,src/workspace/file_scope.py:9
src/workspace/file_scope.py,external:typing,FROM_IMPORT,typing.Iterator,src/workspace/file_scope.py:9
src/workspace/file_scope.py,external:uuid,FROM_IMPORT,uuid.UUID,src/workspace/file_scope.py:10
src/workspace/file_scope.py,src/persistence/uow.py,FROM_IMPORT,persistence.uow.UnitOfWork,src/workspace/file_scope.py:12
src/workspace/file_scope.py,src/storage/tenant_file_store.py,FROM_IMPORT,storage.tenant_file_store.FileStoreError,src/workspace/file_scope.py:13
src/workspace/file_scope.py,src/storage/tenant_file_store.py,FROM_IMPORT,storage.tenant_file_store.TenantFileReader,src/workspace/file_scope.py:13
src/workspace/file_scope.py,src/storage/tenant_file_store.py,FROM_IMPORT,storage.tenant_file_store.TenantFileStore,src/workspace/file_scope.py:13
src/workspace/isolation.py,external:__future__,FROM_IMPORT,__future__.annotations,src/workspace/isolation.py:2
src/workspace/isolation.py,external:asyncio,IMPORT,asyncio,src/workspace/isolation.py:4
src/workspace/isolation.py,external:os,IMPORT,os,src/workspace/isolation.py:5
src/workspace/isolation.py,external:subprocess,IMPORT,subprocess,src/workspace/isolation.py:6
src/workspace/isolation.py,external:contextlib,FROM_IMPORT,contextlib.asynccontextmanager,src/workspace/isolation.py:7
src/workspace/isolation.py,external:contextlib,FROM_IMPORT,contextlib.nullcontext,src/workspace/isolation.py:7
src/workspace/isolation.py,external:enum,FROM_IMPORT,enum.StrEnum,src/workspace/isolation.py:8
src/workspace/isolation.py,external:pathlib,FROM_IMPORT,pathlib.Path,src/workspace/isolation.py:9
src/workspace/isolation.py,external:typing,FROM_IMPORT,typing.Any,src/workspace/isolation.py:10
src/workspace/isolation.py,external:typing,FROM_IMPORT,typing.AsyncIterator,src/workspace/isolation.py:10
src/workspace/isolation.py,external:typing,FROM_IMPORT,typing.Callable,src/workspace/isolation.py:10
src/workspace/isolation.py,external:typing,FROM_IMPORT,typing.Protocol,src/workspace/isolation.py:10
src/workspace/isolation.py,external:uuid,FROM_IMPORT,uuid.UUID,src/workspace/isolation.py:11
src/workspace/isolation.py,src/persistence/repositories.py,FROM_IMPORT,persistence.repositories.RunRepository,src/workspace/isolation.py:13
src/workspace/isolation.py,src/persistence/uow.py,FROM_IMPORT,persistence.uow.UnitOfWork,src/workspace/isolation.py:14
src/workspace/isolation.py,external:fcntl,IMPORT,fcntl,src/workspace/isolation.py:122
src/workspace/isolation.py,external:fcntl,IMPORT,fcntl,src/workspace/isolation.py:101
src/workspace/isolation.py,src/workspace/file_scope.py,FROM_IMPORT,workspace.file_scope.RunFileScopeUnavailable,src/workspace/isolation.py:306
test/benchmarks/test_agent_strategy_benchmark_scripts.py,external:__future__,FROM_IMPORT,__future__.annotations,test/benchmarks/test_agent_strategy_benchmark_scripts.py:1
test/benchmarks/test_agent_strategy_benchmark_scripts.py,external:importlib.util,IMPORT,importlib,test/benchmarks/test_agent_strategy_benchmark_scripts.py:3
test/benchmarks/test_agent_strategy_benchmark_scripts.py,external:json,IMPORT,json,test/benchmarks/test_agent_strategy_benchmark_scripts.py:4
test/benchmarks/test_agent_strategy_benchmark_scripts.py,external:subprocess,IMPORT,subprocess,test/benchmarks/test_agent_strategy_benchmark_scripts.py:5
test/benchmarks/test_agent_strategy_benchmark_scripts.py,external:pathlib,FROM_IMPORT,pathlib.Path,test/benchmarks/test_agent_strategy_benchmark_scripts.py:6
test/benchmarks/test_agent_strategy_benchmark_scripts.py,external:types,FROM_IMPORT,types.ModuleType,test/benchmarks/test_agent_strategy_benchmark_scripts.py:7
test/benchmarks/test_agent_strategy_benchmark_scripts.py,external:httpx,IMPORT,httpx,test/benchmarks/test_agent_strategy_benchmark_scripts.py:9
test/benchmarks/test_agent_strategy_benchmark_scripts.py,external:pytest,IMPORT,pytest,test/benchmarks/test_agent_strategy_benchmark_scripts.py:10
test/support/durable_worker_process.py,external:__future__,FROM_IMPORT,__future__.annotations,test/support/durable_worker_process.py:2
test/support/durable_worker_process.py,external:argparse,IMPORT,argparse,test/support/durable_worker_process.py:4
test/support/durable_worker_process.py,external:asyncio,IMPORT,asyncio,test/support/durable_worker_process.py:5
test/support/durable_worker_process.py,external:sqlite3,IMPORT,sqlite3,test/support/durable_worker_process.py:6
test/support/durable_worker_process.py,external:contextlib,FROM_IMPORT,contextlib.asynccontextmanager,test/support/durable_worker_process.py:7
test/support/durable_worker_process.py,external:datetime,FROM_IMPORT,datetime.timedelta,test/support/durable_worker_process.py:8
test/support/durable_worker_process.py,external:pathlib,FROM_IMPORT,pathlib.Path,test/support/durable_worker_process.py:9
test/support/durable_worker_process.py,external:temporalio,FROM_IMPORT,temporalio.activity,test/support/durable_worker_process.py:11
test/support/durable_worker_process.py,external:temporalio,FROM_IMPORT,temporalio.workflow,test/support/durable_worker_process.py:11
test/support/durable_worker_process.py,external:temporalio.client,FROM_IMPORT,temporalio.client.Client,test/support/durable_worker_process.py:12
test/support/durable_worker_process.py,external:temporalio.common,FROM_IMPORT,temporalio.common.RetryPolicy,test/support/durable_worker_process.py:13
test/support/durable_worker_process.py,external:temporalio.worker,FROM_IMPORT,temporalio.worker.Worker,test/support/durable_worker_process.py:14
test/support/durable_worker_process.py,src/agent/protocol.py,FROM_IMPORT,agent.protocol.ActionResult,test/support/durable_worker_process.py:16
test/support/durable_worker_process.py,src/agent_activities/runtime.py,FROM_IMPORT,agent_activities.runtime.DurableAgentActivities,test/support/durable_worker_process.py:17
test/support/durable_worker_process.py,src/agent_activities/side_effects.py,FROM_IMPORT,agent_activities.side_effects.UnsupportedToolSideEffectReconciler,test/support/durable_worker_process.py:18
test/support/durable_worker_process.py,src/agent_activities/store.py,FROM_IMPORT,agent_activities.store.AgentDataStore,test/support/durable_worker_process.py:19
test/support/durable_worker_process.py,src/agent_workflows/agent_run.py,FROM_IMPORT,agent_workflows.agent_run.AgentRunWorkflow,test/support/durable_worker_process.py:20
test/support/durable_worker_process.py,src/agent_workflows/agent_step.py,FROM_IMPORT,agent_workflows.agent_step.AgentStepWorkflow,test/support/durable_worker_process.py:21
test/support/durable_worker_process.py,src/agent_workflows/contracts.py,FROM_IMPORT,agent_workflows.contracts.AGENT_SCHEMA_VERSION,test/support/durable_worker_process.py:22
test/support/durable_worker_process.py,src/agent_workflows/contracts.py,FROM_IMPORT,agent_workflows.contracts.AGENT_TASK_QUEUE,test/support/durable_worker_process.py:22
test/support/durable_worker_process.py,src/agent_workflows/contracts.py,FROM_IMPORT,agent_workflows.contracts.CompactToolCall,test/support/durable_worker_process.py:22
test/support/durable_worker_process.py,src/agent_workflows/contracts.py,FROM_IMPORT,agent_workflows.contracts.ContextBootstrapInput,test/support/durable_worker_process.py:22
test/support/durable_worker_process.py,src/agent_workflows/contracts.py,FROM_IMPORT,agent_workflows.contracts.ContextBootstrapResult,test/support/durable_worker_process.py:22
test/support/durable_worker_process.py,src/agent_workflows/contracts.py,FROM_IMPORT,agent_workflows.contracts.ModelDecisionInput,test/support/durable_worker_process.py:22
test/support/durable_worker_process.py,src/agent_workflows/contracts.py,FROM_IMPORT,agent_workflows.contracts.ModelDecisionResult,test/support/durable_worker_process.py:22
test/support/durable_worker_process.py,src/agent_workflows/contracts.py,FROM_IMPORT,agent_workflows.contracts.PlanEvaluationInput,test/support/durable_worker_process.py:22
test/support/durable_worker_process.py,src/agent_workflows/contracts.py,FROM_IMPORT,agent_workflows.contracts.PlanEvaluationResult,test/support/durable_worker_process.py:22
test/support/durable_worker_process.py,src/agent_workflows/contracts.py,FROM_IMPORT,agent_workflows.contracts.PlanningInput,test/support/durable_worker_process.py:22
test/support/durable_worker_process.py,src/agent_workflows/contracts.py,FROM_IMPORT,agent_workflows.contracts.PlanningResult,test/support/durable_worker_process.py:22
test/support/durable_worker_process.py,src/agent_workflows/contracts.py,FROM_IMPORT,agent_workflows.contracts.PlanStep,test/support/durable_worker_process.py:22
test/support/durable_worker_process.py,src/agent_workflows/contracts.py,FROM_IMPORT,agent_workflows.contracts.ToolExecutionInput,test/support/durable_worker_process.py:22
test/support/durable_worker_process.py,src/agent_workflows/contracts.py,FROM_IMPORT,agent_workflows.contracts.ToolExecutionResult,test/support/durable_worker_process.py:22
test/support/durable_worker_process.py,src/agent_workflows/plan_execute.py,FROM_IMPORT,agent_workflows.plan_execute.PlanAndExecuteWorkflow,test/support/durable_worker_process.py:38
test/support/durable_worker_process.py,src/agent_workflows/react.py,FROM_IMPORT,agent_workflows.react.ReactAgentWorkflow,test/support/durable_worker_process.py:39
test/support/durable_worker_process.py,src/agent_workflows/tool_execution.py,FROM_IMPORT,agent_workflows.tool_execution.ToolExecutionWorkflow,test/support/durable_worker_process.py:40
test/support/f4_e2e_model.py,external:__future__,FROM_IMPORT,__future__.annotations,test/support/f4_e2e_model.py:2
test/support/f4_e2e_model.py,external:json,IMPORT,json,test/support/f4_e2e_model.py:4
test/support/f4_e2e_model.py,external:re,IMPORT,re,test/support/f4_e2e_model.py:5
test/support/f4_e2e_model.py,external:http.server,FROM_IMPORT,http.server.BaseHTTPRequestHandler,test/support/f4_e2e_model.py:6
test/support/f4_e2e_model.py,external:http.server,FROM_IMPORT,http.server.ThreadingHTTPServer,test/support/f4_e2e_model.py:6
test/support/research_worker_process.py,external:__future__,FROM_IMPORT,__future__.annotations,test/support/research_worker_process.py:1
test/support/research_worker_process.py,external:asyncio,IMPORT,asyncio,test/support/research_worker_process.py:3
test/support/research_worker_process.py,external:sys,IMPORT,sys,test/support/research_worker_process.py:4
test/support/research_worker_process.py,external:pathlib,FROM_IMPORT,pathlib.Path,test/support/research_worker_process.py:5
test/support/research_worker_process.py,external:temporalio,FROM_IMPORT,temporalio.activity,test/support/research_worker_process.py:7
test/support/research_worker_process.py,external:temporalio.client,FROM_IMPORT,temporalio.client.Client,test/support/research_worker_process.py:8
test/support/research_worker_process.py,external:temporalio.worker,FROM_IMPORT,temporalio.worker.Worker,test/support/research_worker_process.py:9
test/support/research_worker_process.py,src/orchestration/research_workflow.py,FROM_IMPORT,orchestration.research_workflow.ResearchIterationInput,test/support/research_worker_process.py:11
test/support/research_worker_process.py,src/orchestration/research_workflow.py,FROM_IMPORT,orchestration.research_workflow.ResearchReportWorkflow,test/support/research_worker_process.py:11
test/support/research_worker_process.py,src/orchestration/research_workflow.py,FROM_IMPORT,orchestration.research_workflow.ResearchTaskScheduleWorkflow,test/support/research_worker_process.py:11
test/support/research_worker_process.py,src/orchestration/web_workflow.py,FROM_IMPORT,orchestration.web_workflow.WEB_LIFECYCLE_TASK_QUEUE,test/support/research_worker_process.py:16
test/test_action_result_semantics.py,external:__future__,FROM_IMPORT,__future__.annotations,test/test_action_result_semantics.py:1
test/test_action_result_semantics.py,external:pytest,IMPORT,pytest,test/test_action_result_semantics.py:3
test/test_action_result_semantics.py,src/actions/runtime.py,FROM_IMPORT,actions.runtime.ActionRuntime,test/test_action_result_semantics.py:5
test/test_action_result_semantics.py,src/agent/protocol.py,FROM_IMPORT,agent.protocol.ActionRequest,test/test_action_result_semantics.py:6
test/test_action_result_semantics.py,src/agent/protocol.py,FROM_IMPORT,agent.protocol.ActionResult,test/test_action_result_semantics.py:6
test/test_agent/conftest.py,external:pytest,IMPORT,pytest,test/test_agent/conftest.py:2
test/test_agent/conftest.py,src/agent/context.py,FROM_IMPORT,src.agent.context.ExecutionContext,test/test_agent/conftest.py:4
test/test_agent/conftest.py,src/agent/context.py,FROM_IMPORT,src.agent.context.RuntimeConfig,test/test_agent/conftest.py:4
test/test_agent/conftest.py,src/agent/types.py,FROM_IMPORT,src.agent.types.CapabilitySpec,test/test_agent/conftest.py:5
test/test_agent/conftest.py,src/agent/types.py,FROM_IMPORT,src.agent.types.TaskResult,test/test_agent/conftest.py:5
test/test_agent/conftest.py,src/agent/types.py,FROM_IMPORT,src.agent.types.TaskStatus,test/test_agent/conftest.py:5
test/test_agent/conftest.py,src/agent/interfaces.py,FROM_IMPORT,src.agent.interfaces.BaseAgent,test/test_agent/conftest.py:12
test/test_agent/test_adapters.py,external:asyncio,IMPORT,asyncio,test/test_agent/test_adapters.py:3
test/test_agent/test_adapters.py,external:pytest,IMPORT,pytest,test/test_agent/test_adapters.py:4
test/test_agent/test_adapters.py,src/agent/adapters.py,FROM_IMPORT,src.agent.adapters.ReActAgent,test/test_agent/test_adapters.py:5
test/test_agent/test_adapters.py,src/agent/context.py,FROM_IMPORT,src.agent.context.ExecutionContext,test/test_agent/test_adapters.py:6
test/test_agent/test_adapters.py,src/agent/types.py,FROM_IMPORT,src.agent.types.CapabilityRequirement,test/test_agent/test_adapters.py:7
test/test_agent/test_adapters.py,src/agent/types.py,FROM_IMPORT,src.agent.types.CapabilitySpec,test/test_agent/test_adapters.py:7
test/test_agent/test_adapters.py,src/agent/types.py,FROM_IMPORT,src.agent.types.Task,test/test_agent/test_adapters.py:7
test/test_agent/test_adapters.py,src/agent/types.py,FROM_IMPORT,src.agent.types.TaskStatus,test/test_agent/test_adapters.py:7
test/test_agent/test_bus.py,external:asyncio,IMPORT,asyncio,test/test_agent/test_bus.py:3
test/test_agent/test_bus.py,external:pytest,IMPORT,pytest,test/test_agent/test_bus.py:4
test/test_agent/test_bus.py,src/agent/bus.py,FROM_IMPORT,src.agent.bus.InMemoryMessageBus,test/test_agent/test_bus.py:5
test/test_agent/test_compensation.py,external:asyncio,IMPORT,asyncio,test/test_agent/test_compensation.py:3
test/test_agent/test_compensation.py,external:pytest,IMPORT,pytest,test/test_agent/test_compensation.py:4
test/test_agent/test_compensation.py,src/agent/compensation.py,FROM_IMPORT,src.agent.compensation.CompensationHandler,test/test_agent/test_compensation.py:5
test/test_agent/test_compensation.py,src/agent/compensation.py,FROM_IMPORT,src.agent.compensation.CompensationRegistry,test/test_agent/test_compensation.py:5
test/test_agent/test_compensation.py,src/agent/context.py,FROM_IMPORT,src.agent.context.ExecutionContext,test/test_agent/test_compensation.py:6
test/test_agent/test_compensation.py,src/agent/types.py,FROM_IMPORT,src.agent.types.Task,test/test_agent/test_compensation.py:7
test/test_agent/test_composite.py,src/agent/bus.py,FROM_IMPORT,src.agent.bus.InMemoryMessageBus,test/test_agent/test_composite.py:3
test/test_agent/test_composite.py,src/agent/composite.py,FROM_IMPORT,src.agent.composite.OrchestratorAsAgent,test/test_agent/test_composite.py:4
test/test_agent/test_composite.py,src/agent/orchestrator.py,FROM_IMPORT,src.agent.orchestrator.Orchestrator,test/test_agent/test_composite.py:5
test/test_agent/test_composite.py,src/agent/registry.py,FROM_IMPORT,src.agent.registry.InMemoryAgentRegistry,test/test_agent/test_composite.py:6
test/test_agent/test_composite.py,src/agent/strategies.py,FROM_IMPORT,src.agent.strategies.ResultAggregator,test/test_agent/test_composite.py:7
test/test_agent/test_composite.py,src/agent/types.py,FROM_IMPORT,src.agent.types.BatchOutcome,test/test_agent/test_composite.py:8
test/test_agent/test_composite.py,src/agent/types.py,FROM_IMPORT,src.agent.types.CapabilityRequirement,test/test_agent/test_composite.py:8
test/test_agent/test_composite.py,src/agent/types.py,FROM_IMPORT,src.agent.types.CapabilitySpec,test/test_agent/test_composite.py:8
test/test_agent/test_composite.py,src/agent/types.py,FROM_IMPORT,src.agent.types.ExecutionPlan,test/test_agent/test_composite.py:8
test/test_agent/test_composite.py,src/agent/types.py,FROM_IMPORT,src.agent.types.Task,test/test_agent/test_composite.py:8
test/test_agent/test_composite.py,src/agent/types.py,FROM_IMPORT,src.agent.types.TaskResult,test/test_agent/test_composite.py:8
test/test_agent/test_composite.py,src/agent/types.py,FROM_IMPORT,src.agent.types.TaskStatus,test/test_agent/test_composite.py:8
test/test_agent/test_composite.py,test/test_agent/conftest.py,FROM_IMPORT,test.test_agent.conftest.make_agent,test/test_agent/test_composite.py:18
test/test_agent/test_composite.py,test/test_agent/conftest.py,FROM_IMPORT,test.test_agent.conftest.make_context,test/test_agent/test_composite.py:18
test/test_agent/test_composite.py,src/agent/interfaces.py,FROM_IMPORT,src.agent.interfaces.ControlStrategy,test/test_agent/test_composite.py:27
test/test_agent/test_composite.py,src/agent/interfaces.py,FROM_IMPORT,src.agent.interfaces.ControlStrategy,test/test_agent/test_composite.py:64
test/test_agent/test_composite.py,src/agent/interfaces.py,FROM_IMPORT,src.agent.interfaces.ControlStrategy,test/test_agent/test_composite.py:102
test/test_agent/test_context.py,external:asyncio,IMPORT,asyncio,test/test_agent/test_context.py:3
test/test_agent/test_context.py,external:pytest,IMPORT,pytest,test/test_agent/test_context.py:4
test/test_agent/test_context.py,src/agent/context.py,FROM_IMPORT,src.agent.context.ExecutionContext,test/test_agent/test_context.py:5
test/test_agent/test_context.py,src/agent/context.py,FROM_IMPORT,src.agent.context.RuntimeConfig,test/test_agent/test_context.py:5
test/test_agent/test_context.py,src/agent/context.py,FROM_IMPORT,src.agent.context.SessionState,test/test_agent/test_context.py:5
test/test_agent/test_context.py,src/agent/context.py,FROM_IMPORT,src.agent.context.SharedMemory,test/test_agent/test_context.py:5
test/test_agent/test_council.py,src/agent/bus.py,FROM_IMPORT,src.agent.bus.InMemoryMessageBus,test/test_agent/test_council.py:3
test/test_agent/test_council.py,src/agent/orchestrator.py,FROM_IMPORT,src.agent.orchestrator.Orchestrator,test/test_agent/test_council.py:4
test/test_agent/test_council.py,src/agent/registry.py,FROM_IMPORT,src.agent.registry.InMemoryAgentRegistry,test/test_agent/test_council.py:5
test/test_agent/test_council.py,src/agent/strategies.py,FROM_IMPORT,src.agent.strategies.CouncilControlStrategy,test/test_agent/test_council.py:6
test/test_agent/test_council.py,src/agent/strategies.py,FROM_IMPORT,src.agent.strategies.MajorityJudge,test/test_agent/test_council.py:6
test/test_agent/test_council.py,src/agent/types.py,FROM_IMPORT,src.agent.types.CapabilityRequirement,test/test_agent/test_council.py:10
test/test_agent/test_council.py,src/agent/types.py,FROM_IMPORT,src.agent.types.CapabilitySpec,test/test_agent/test_council.py:10
test/test_agent/test_council.py,src/agent/types.py,FROM_IMPORT,src.agent.types.Task,test/test_agent/test_council.py:10
test/test_agent/test_council.py,src/agent/types.py,FROM_IMPORT,src.agent.types.TaskResult,test/test_agent/test_council.py:10
test/test_agent/test_council.py,src/agent/types.py,FROM_IMPORT,src.agent.types.TaskStatus,test/test_agent/test_council.py:10
test/test_agent/test_council.py,test/test_agent/conftest.py,FROM_IMPORT,test.test_agent.conftest.make_agent,test/test_agent/test_council.py:18
test/test_agent/test_council.py,test/test_agent/conftest.py,FROM_IMPORT,test.test_agent.conftest.make_context,test/test_agent/test_council.py:18
test/test_agent/test_council.py,src/agent/interfaces.py,FROM_IMPORT,src.agent.interfaces.BaseAgent,test/test_agent/test_council.py:64
test/test_agent/test_council.py,src/agent/interfaces.py,FROM_IMPORT,src.agent.interfaces.BaseAgent,test/test_agent/test_council.py:96
test/test_agent/test_council.py,src/agent/types.py,FROM_IMPORT,src.agent.types.ErrorInfo,test/test_agent/test_council.py:70
test/test_agent/test_factory.py,src/agent/context.py,FROM_IMPORT,src.agent.context.ExecutionContext,test/test_agent/test_factory.py:3
test/test_agent/test_factory.py,src/agent/context.py,FROM_IMPORT,src.agent.context.RuntimeConfig,test/test_agent/test_factory.py:3
test/test_agent/test_factory.py,src/agent/factory.py,FROM_IMPORT,src.agent.factory.ResourcePoolAdapter,test/test_agent/test_factory.py:4
test/test_agent/test_factory.py,src/agent/factory.py,FROM_IMPORT,src.agent.factory.build_council,test/test_agent/test_factory.py:4
test/test_agent/test_factory.py,src/agent/factory.py,FROM_IMPORT,src.agent.factory.build_supervisor,test/test_agent/test_factory.py:4
test/test_agent/test_factory.py,src/agent/factory.py,FROM_IMPORT,src.agent.factory.build_workflow,test/test_agent/test_factory.py:4
test/test_agent/test_factory.py,src/agent/types.py,FROM_IMPORT,src.agent.types.CapabilityRequirement,test/test_agent/test_factory.py:10
test/test_agent/test_factory.py,src/agent/types.py,FROM_IMPORT,src.agent.types.Task,test/test_agent/test_factory.py:10
test/test_agent/test_factory.py,src/agent/types.py,FROM_IMPORT,src.agent.types.TaskStatus,test/test_agent/test_factory.py:10
test/test_agent/test_factory.py,test/test_agent/conftest.py,FROM_IMPORT,test.test_agent.conftest.make_agent,test/test_agent/test_factory.py:16
test/test_agent/test_factory.py,test/test_agent/conftest.py,FROM_IMPORT,test.test_agent.conftest.make_context,test/test_agent/test_factory.py:16
test/test_agent/test_integration.py,src/agent/bus.py,FROM_IMPORT,src.agent.bus.InMemoryMessageBus,test/test_agent/test_integration.py:10
test/test_agent/test_integration.py,src/agent/composite.py,FROM_IMPORT,src.agent.composite.OrchestratorAsAgent,test/test_agent/test_integration.py:11
test/test_agent/test_integration.py,src/agent/context.py,FROM_IMPORT,src.agent.context.ExecutionContext,test/test_agent/test_integration.py:12
test/test_agent/test_integration.py,src/agent/context.py,FROM_IMPORT,src.agent.context.RuntimeConfig,test/test_agent/test_integration.py:12
test/test_agent/test_integration.py,src/agent/orchestrator.py,FROM_IMPORT,src.agent.orchestrator.Orchestrator,test/test_agent/test_integration.py:13
test/test_agent/test_integration.py,src/agent/registry.py,FROM_IMPORT,src.agent.registry.InMemoryAgentRegistry,test/test_agent/test_integration.py:14
test/test_agent/test_integration.py,src/agent/strategies.py,FROM_IMPORT,src.agent.strategies.CouncilControlStrategy,test/test_agent/test_integration.py:15
test/test_agent/test_integration.py,src/agent/strategies.py,FROM_IMPORT,src.agent.strategies.MajorityJudge,test/test_agent/test_integration.py:15
test/test_agent/test_integration.py,src/agent/strategies.py,FROM_IMPORT,src.agent.strategies.ResultAggregator,test/test_agent/test_integration.py:15
test/test_agent/test_integration.py,src/agent/strategies.py,FROM_IMPORT,src.agent.strategies.StubLLMPlanner,test/test_agent/test_integration.py:15
test/test_agent/test_integration.py,src/agent/strategies.py,FROM_IMPORT,src.agent.strategies.StubLLMReviewer,test/test_agent/test_integration.py:15
test/test_agent/test_integration.py,src/agent/strategies.py,FROM_IMPORT,src.agent.strategies.SupervisorControlStrategy,test/test_agent/test_integration.py:15
test/test_agent/test_integration.py,src/agent/strategies.py,FROM_IMPORT,src.agent.strategies.WorkflowControlStrategy,test/test_agent/test_integration.py:15
test/test_agent/test_integration.py,src/agent/types.py,FROM_IMPORT,src.agent.types.CapabilityRequirement,test/test_agent/test_integration.py:24
test/test_agent/test_integration.py,src/agent/types.py,FROM_IMPORT,src.agent.types.CapabilitySpec,test/test_agent/test_integration.py:24
test/test_agent/test_integration.py,src/agent/types.py,FROM_IMPORT,src.agent.types.Task,test/test_agent/test_integration.py:24
test/test_agent/test_integration.py,src/agent/types.py,FROM_IMPORT,src.agent.types.TaskResult,test/test_agent/test_integration.py:24
test/test_agent/test_integration.py,src/agent/types.py,FROM_IMPORT,src.agent.types.TaskStatus,test/test_agent/test_integration.py:24
test/test_agent/test_integration.py,src/agent/interfaces.py,FROM_IMPORT,src.agent.interfaces.BaseAgent,test/test_agent/test_integration.py:34
test/test_agent/test_integration.py,src/agent/interfaces.py,FROM_IMPORT,src.agent.interfaces.BaseAgent,test/test_agent/test_integration.py:134
test/test_agent/test_interfaces.py,external:pytest,IMPORT,pytest,test/test_agent/test_interfaces.py:3
test/test_agent/test_interfaces.py,src/agent/interfaces.py,FROM_IMPORT,src.agent.interfaces.AgentRegistry,test/test_agent/test_interfaces.py:4
test/test_agent/test_interfaces.py,src/agent/interfaces.py,FROM_IMPORT,src.agent.interfaces.BaseAgent,test/test_agent/test_interfaces.py:4
test/test_agent/test_interfaces.py,src/agent/interfaces.py,FROM_IMPORT,src.agent.interfaces.ControlStrategy,test/test_agent/test_interfaces.py:4
test/test_agent/test_interfaces.py,src/agent/interfaces.py,FROM_IMPORT,src.agent.interfaces.MessageBus,test/test_agent/test_interfaces.py:4
test/test_agent/test_interfaces.py,src/agent/types.py,FROM_IMPORT,src.agent.types.AgentHealth,test/test_agent/test_interfaces.py:10
test/test_agent/test_interfaces.py,src/agent/types.py,FROM_IMPORT,src.agent.types.BatchOutcome,test/test_agent/test_interfaces.py:10
test/test_agent/test_interfaces.py,src/agent/types.py,FROM_IMPORT,src.agent.types.CapabilitySpec,test/test_agent/test_interfaces.py:10
test/test_agent/test_interfaces.py,src/agent/types.py,FROM_IMPORT,src.agent.types.Task,test/test_agent/test_interfaces.py:10
test/test_agent/test_interfaces.py,src/agent/types.py,FROM_IMPORT,src.agent.types.TaskResult,test/test_agent/test_interfaces.py:10
test/test_agent/test_interfaces.py,src/agent/types.py,FROM_IMPORT,src.agent.types.TaskStatus,test/test_agent/test_interfaces.py:10
test/test_agent/test_interfaces.py,external:asyncio,IMPORT,asyncio,test/test_agent/test_interfaces.py:49
test/test_agent/test_interfaces.py,external:asyncio,IMPORT,asyncio,test/test_agent/test_interfaces.py:70
test/test_agent/test_interfaces.py,src/agent/types.py,FROM_IMPORT,src.agent.types.ExecutionPlan,test/test_agent/test_interfaces.py:64
test/test_agent/test_llm_agent.py,external:unittest.mock,FROM_IMPORT,unittest.mock.AsyncMock,test/test_agent/test_llm_agent.py:3
test/test_agent/test_llm_agent.py,src/agent/context.py,FROM_IMPORT,src.agent.context.ExecutionContext,test/test_agent/test_llm_agent.py:5
test/test_agent/test_llm_agent.py,src/agent/context.py,FROM_IMPORT,src.agent.context.RuntimeConfig,test/test_agent/test_llm_agent.py:5
test/test_agent/test_llm_agent.py,src/agent/llm_agent.py,FROM_IMPORT,src.agent.llm_agent.LLMAgent,test/test_agent/test_llm_agent.py:6
test/test_agent/test_llm_agent.py,src/agent/types.py,FROM_IMPORT,src.agent.types.CapabilitySpec,test/test_agent/test_llm_agent.py:7
test/test_agent/test_llm_agent.py,src/agent/types.py,FROM_IMPORT,src.agent.types.Task,test/test_agent/test_llm_agent.py:7
test/test_agent/test_llm_agent.py,src/agent/types.py,FROM_IMPORT,src.agent.types.TaskStatus,test/test_agent/test_llm_agent.py:7
test/test_agent/test_orchestrator.py,external:asyncio,IMPORT,asyncio,test/test_agent/test_orchestrator.py:16
test/test_agent/test_orchestrator.py,external:time,IMPORT,time,test/test_agent/test_orchestrator.py:17
test/test_agent/test_orchestrator.py,external:pytest,IMPORT,pytest,test/test_agent/test_orchestrator.py:19
test/test_agent/test_orchestrator.py,src/agent/bus.py,FROM_IMPORT,src.agent.bus.InMemoryMessageBus,test/test_agent/test_orchestrator.py:21
test/test_agent/test_orchestrator.py,src/agent/compensation.py,FROM_IMPORT,src.agent.compensation.CompensationHandler,test/test_agent/test_orchestrator.py:22
test/test_agent/test_orchestrator.py,src/agent/compensation.py,FROM_IMPORT,src.agent.compensation.CompensationRegistry,test/test_agent/test_orchestrator.py:22
test/test_agent/test_orchestrator.py,src/agent/context.py,FROM_IMPORT,src.agent.context.ExecutionContext,test/test_agent/test_orchestrator.py:23
test/test_agent/test_orchestrator.py,src/agent/context.py,FROM_IMPORT,src.agent.context.RuntimeConfig,test/test_agent/test_orchestrator.py:23
test/test_agent/test_orchestrator.py,src/agent/interfaces.py,FROM_IMPORT,src.agent.interfaces.BaseAgent,test/test_agent/test_orchestrator.py:24
test/test_agent/test_orchestrator.py,src/agent/interfaces.py,FROM_IMPORT,src.agent.interfaces.ControlStrategy,test/test_agent/test_orchestrator.py:24
test/test_agent/test_orchestrator.py,src/agent/interfaces.py,FROM_IMPORT,src.agent.interfaces.MessageBus,test/test_agent/test_orchestrator.py:24
test/test_agent/test_orchestrator.py,src/agent/orchestrator.py,FROM_IMPORT,src.agent.orchestrator.Orchestrator,test/test_agent/test_orchestrator.py:25
test/test_agent/test_orchestrator.py,src/agent/registry.py,FROM_IMPORT,src.agent.registry.InMemoryAgentRegistry,test/test_agent/test_orchestrator.py:26
test/test_agent/test_orchestrator.py,src/agent/types.py,FROM_IMPORT,src.agent.types.BatchOutcome,test/test_agent/test_orchestrator.py:27
test/test_agent/test_orchestrator.py,src/agent/types.py,FROM_IMPORT,src.agent.types.CapabilityRequirement,test/test_agent/test_orchestrator.py:27
test/test_agent/test_orchestrator.py,src/agent/types.py,FROM_IMPORT,src.agent.types.CapabilitySpec,test/test_agent/test_orchestrator.py:27
test/test_agent/test_orchestrator.py,src/agent/types.py,FROM_IMPORT,src.agent.types.ErrorInfo,test/test_agent/test_orchestrator.py:27
test/test_agent/test_orchestrator.py,src/agent/types.py,FROM_IMPORT,src.agent.types.ExecutionPlan,test/test_agent/test_orchestrator.py:27
test/test_agent/test_orchestrator.py,src/agent/types.py,FROM_IMPORT,src.agent.types.HandoffRequest,test/test_agent/test_orchestrator.py:27
test/test_agent/test_orchestrator.py,src/agent/types.py,FROM_IMPORT,src.agent.types.Task,test/test_agent/test_orchestrator.py:27
test/test_agent/test_orchestrator.py,src/agent/types.py,FROM_IMPORT,src.agent.types.TaskResult,test/test_agent/test_orchestrator.py:27
test/test_agent/test_orchestrator.py,src/agent/types.py,FROM_IMPORT,src.agent.types.TaskStatus,test/test_agent/test_orchestrator.py:27
test/test_agent/test_real_llm.py,src/agent/context.py,FROM_IMPORT,src.agent.context.ExecutionContext,test/test_agent/test_real_llm.py:3
test/test_agent/test_real_llm.py,src/agent/context.py,FROM_IMPORT,src.agent.context.RuntimeConfig,test/test_agent/test_real_llm.py:3
test/test_agent/test_real_llm.py,src/agent/strategies.py,FROM_IMPORT,src.agent.strategies.RealLLMJudge,test/test_agent/test_real_llm.py:4
test/test_agent/test_real_llm.py,src/agent/strategies.py,FROM_IMPORT,src.agent.strategies.RealLLMPlanner,test/test_agent/test_real_llm.py:4
test/test_agent/test_real_llm.py,src/agent/strategies.py,FROM_IMPORT,src.agent.strategies.RealLLMReviewer,test/test_agent/test_real_llm.py:4
test/test_agent/test_real_llm.py,src/agent/types.py,FROM_IMPORT,src.agent.types.CapabilityRequirement,test/test_agent/test_real_llm.py:9
test/test_agent/test_real_llm.py,src/agent/types.py,FROM_IMPORT,src.agent.types.Task,test/test_agent/test_real_llm.py:9
test/test_agent/test_real_llm.py,src/agent/types.py,FROM_IMPORT,src.agent.types.TaskResult,test/test_agent/test_real_llm.py:9
test/test_agent/test_real_llm.py,src/agent/types.py,FROM_IMPORT,src.agent.types.TaskStatus,test/test_agent/test_real_llm.py:9
test/test_agent/test_registry.py,external:asyncio,IMPORT,asyncio,test/test_agent/test_registry.py:3
test/test_agent/test_registry.py,external:pytest,IMPORT,pytest,test/test_agent/test_registry.py:4
test/test_agent/test_registry.py,src/agent/registry.py,FROM_IMPORT,src.agent.registry.InMemoryAgentRegistry,test/test_agent/test_registry.py:5
test/test_agent/test_registry.py,src/agent/interfaces.py,FROM_IMPORT,src.agent.interfaces.BaseAgent,test/test_agent/test_registry.py:6
test/test_agent/test_registry.py,src/agent/types.py,FROM_IMPORT,src.agent.types.CapabilityRequirement,test/test_agent/test_registry.py:7
test/test_agent/test_registry.py,src/agent/types.py,FROM_IMPORT,src.agent.types.CapabilitySpec,test/test_agent/test_registry.py:7
test/test_agent/test_registry.py,src/agent/types.py,FROM_IMPORT,src.agent.types.Task,test/test_agent/test_registry.py:7
test/test_agent/test_registry.py,src/agent/types.py,FROM_IMPORT,src.agent.types.TaskResult,test/test_agent/test_registry.py:7
test/test_agent/test_runner.py,external:unittest.mock,FROM_IMPORT,unittest.mock.AsyncMock,test/test_agent/test_runner.py:3
test/test_agent/test_runner.py,src/agent/runner.py,FROM_IMPORT,src.agent.runner.MultiAgentExecutor,test/test_agent/test_runner.py:5
test/test_agent/test_strategies.py,external:asyncio,IMPORT,asyncio,test/test_agent/test_strategies.py:3
test/test_agent/test_strategies.py,external:pytest,IMPORT,pytest,test/test_agent/test_strategies.py:4
test/test_agent/test_strategies.py,src/agent/strategies.py,FROM_IMPORT,src.agent.strategies.ConditionEvaluator,test/test_agent/test_strategies.py:5
test/test_agent/test_strategies.py,src/agent/strategies.py,FROM_IMPORT,src.agent.strategies.ResultAggregator,test/test_agent/test_strategies.py:5
test/test_agent/test_strategies.py,src/agent/strategies.py,FROM_IMPORT,src.agent.strategies.WorkflowControlStrategy,test/test_agent/test_strategies.py:5
test/test_agent/test_strategies.py,src/agent/context.py,FROM_IMPORT,src.agent.context.ExecutionContext,test/test_agent/test_strategies.py:10
test/test_agent/test_strategies.py,src/agent/interfaces.py,FROM_IMPORT,src.agent.interfaces.MessageBus,test/test_agent/test_strategies.py:11
test/test_agent/test_strategies.py,src/agent/types.py,FROM_IMPORT,src.agent.types.BatchOutcome,test/test_agent/test_strategies.py:12
test/test_agent/test_strategies.py,src/agent/types.py,FROM_IMPORT,src.agent.types.CapabilityRequirement,test/test_agent/test_strategies.py:12
test/test_agent/test_strategies.py,src/agent/types.py,FROM_IMPORT,src.agent.types.ExecutionPlan,test/test_agent/test_strategies.py:12
test/test_agent/test_strategies.py,src/agent/types.py,FROM_IMPORT,src.agent.types.Task,test/test_agent/test_strategies.py:12
test/test_agent/test_strategies.py,src/agent/types.py,FROM_IMPORT,src.agent.types.TaskResult,test/test_agent/test_strategies.py:12
test/test_agent/test_strategies.py,src/agent/types.py,FROM_IMPORT,src.agent.types.TaskStatus,test/test_agent/test_strategies.py:12
test/test_agent/test_supervisor.py,src/agent/bus.py,FROM_IMPORT,src.agent.bus.InMemoryMessageBus,test/test_agent/test_supervisor.py:3
test/test_agent/test_supervisor.py,src/agent/orchestrator.py,FROM_IMPORT,src.agent.orchestrator.Orchestrator,test/test_agent/test_supervisor.py:4
test/test_agent/test_supervisor.py,src/agent/registry.py,FROM_IMPORT,src.agent.registry.InMemoryAgentRegistry,test/test_agent/test_supervisor.py:5
test/test_agent/test_supervisor.py,src/agent/strategies.py,FROM_IMPORT,src.agent.strategies.StubLLMPlanner,test/test_agent/test_supervisor.py:6
test/test_agent/test_supervisor.py,src/agent/strategies.py,FROM_IMPORT,src.agent.strategies.StubLLMReviewer,test/test_agent/test_supervisor.py:6
test/test_agent/test_supervisor.py,src/agent/strategies.py,FROM_IMPORT,src.agent.strategies.SupervisorControlStrategy,test/test_agent/test_supervisor.py:6
test/test_agent/test_supervisor.py,src/agent/types.py,FROM_IMPORT,src.agent.types.CapabilityRequirement,test/test_agent/test_supervisor.py:11
test/test_agent/test_supervisor.py,src/agent/types.py,FROM_IMPORT,src.agent.types.Task,test/test_agent/test_supervisor.py:11
test/test_agent/test_supervisor.py,src/agent/types.py,FROM_IMPORT,src.agent.types.TaskStatus,test/test_agent/test_supervisor.py:11
test/test_agent/test_supervisor.py,test/test_agent/conftest.py,FROM_IMPORT,test.test_agent.conftest.make_agent,test/test_agent/test_supervisor.py:17
test/test_agent/test_supervisor.py,test/test_agent/conftest.py,FROM_IMPORT,test.test_agent.conftest.make_context,test/test_agent/test_supervisor.py:17
test/test_agent/test_types.py,external:pytest,IMPORT,pytest,test/test_agent/test_types.py:3
test/test_agent/test_types.py,src/agent/types.py,FROM_IMPORT,src.agent.types.BatchOutcome,test/test_agent/test_types.py:4
test/test_agent/test_types.py,src/agent/types.py,FROM_IMPORT,src.agent.types.BranchCondition,test/test_agent/test_types.py:4
test/test_agent/test_types.py,src/agent/types.py,FROM_IMPORT,src.agent.types.CapabilityRequirement,test/test_agent/test_types.py:4
test/test_agent/test_types.py,src/agent/types.py,FROM_IMPORT,src.agent.types.CapabilitySpec,test/test_agent/test_types.py:4
test/test_agent/test_types.py,src/agent/types.py,FROM_IMPORT,src.agent.types.ErrorInfo,test/test_agent/test_types.py:4
test/test_agent/test_types.py,src/agent/types.py,FROM_IMPORT,src.agent.types.ExecutionMetrics,test/test_agent/test_types.py:4
test/test_agent/test_types.py,src/agent/types.py,FROM_IMPORT,src.agent.types.ExecutionPlan,test/test_agent/test_types.py:4
test/test_agent/test_types.py,src/agent/types.py,FROM_IMPORT,src.agent.types.HandoffRequest,test/test_agent/test_types.py:4
test/test_agent/test_types.py,src/agent/types.py,FROM_IMPORT,src.agent.types.Task,test/test_agent/test_types.py:4
test/test_agent/test_types.py,src/agent/types.py,FROM_IMPORT,src.agent.types.TaskResult,test/test_agent/test_types.py:4
test/test_agent/test_types.py,src/agent/types.py,FROM_IMPORT,src.agent.types.TaskStatus,test/test_agent/test_types.py:4
test/test_application_services.py,external:__future__,FROM_IMPORT,__future__.annotations,test/test_application_services.py:1
test/test_application_services.py,external:pytest,IMPORT,pytest,test/test_application_services.py:3
test/test_application_services.py,src/agent_execution/brain_action_loop.py,FROM_IMPORT,agent_execution.brain_action_loop.DefaultBrainActionLoop,test/test_application_services.py:5
test/test_application_services.py,src/application/memory_reflection.py,FROM_IMPORT,application.memory_reflection.MemoryReflectionService,test/test_application_services.py:6
test/test_application_services.py,src/application/session_archive.py,FROM_IMPORT,application.session_archive.SessionArchiveService,test/test_application_services.py:7
test/test_context_assembly.py,external:__future__,FROM_IMPORT,__future__.annotations,test/test_context_assembly.py:1
test/test_context_assembly.py,external:pytest,IMPORT,pytest,test/test_context_assembly.py:3
test/test_context_assembly.py,src/application/context_assembly.py,FROM_IMPORT,application.context_assembly.ContextAssemblyService,test/test_context_assembly.py:5
test/test_context_assembly.py,src/application/context_assembly.py,FROM_IMPORT,application.context_assembly.ContextIsolationError,test/test_context_assembly.py:5
test/test_context_assembly.py,src/application/context_assembly.py,FROM_IMPORT,application.context_assembly.RunFileContext,test/test_context_assembly.py:5
test/test_context_assembly.py,src/application/context_assembly.py,FROM_IMPORT,application.context_assembly.WebContextBase,test/test_context_assembly.py:5
test/test_context_assembly.py,src/common/types.py,FROM_IMPORT,common.types.Event,test/test_context_assembly.py:11
test/test_context_assembly.py,src/common/types.py,FROM_IMPORT,common.types.EventType,test/test_context_assembly.py:11
test/test_context_assembly.py,src/harness/context_builder.py,FROM_IMPORT,harness.context_builder.HarnessContextBuilder,test/test_context_assembly.py:12
test/test_context_assembly.py,src/memory/hindsight_client.py,FROM_IMPORT,memory.hindsight_client.MemoryItem,test/test_context_assembly.py:13
test/test_document_temporal_integration.py,external:__future__,FROM_IMPORT,__future__.annotations,test/test_document_temporal_integration.py:1
test/test_document_temporal_integration.py,external:json,IMPORT,json,test/test_document_temporal_integration.py:3
test/test_document_temporal_integration.py,external:os,IMPORT,os,test/test_document_temporal_integration.py:4
test/test_document_temporal_integration.py,external:contextlib,FROM_IMPORT,contextlib.AsyncExitStack,test/test_document_temporal_integration.py:5
test/test_document_temporal_integration.py,external:uuid,FROM_IMPORT,uuid.uuid4,test/test_document_temporal_integration.py:6
test/test_document_temporal_integration.py,external:pytest,IMPORT,pytest,test/test_document_temporal_integration.py:8
test/test_document_temporal_integration.py,external:temporalio,FROM_IMPORT,temporalio.activity,test/test_document_temporal_integration.py:9
test/test_document_temporal_integration.py,external:temporalio.client,FROM_IMPORT,temporalio.client.Client,test/test_document_temporal_integration.py:10
test/test_document_temporal_integration.py,external:temporalio.worker,FROM_IMPORT,temporalio.worker.Replayer,test/test_document_temporal_integration.py:11
test/test_document_temporal_integration.py,external:temporalio.worker,FROM_IMPORT,temporalio.worker.Worker,test/test_document_temporal_integration.py:11
test/test_document_temporal_integration.py,src/document_activities/contracts.py,FROM_IMPORT,document_activities.contracts.NormalizeDocumentInput,test/test_document_temporal_integration.py:13
test/test_document_temporal_integration.py,src/file_runtime/routing.py,FROM_IMPORT,file_runtime.routing.TemporalDocumentRouter,test/test_document_temporal_integration.py:14
test/test_document_temporal_integration.py,src/orchestration/document_contracts.py,FROM_IMPORT,orchestration.document_contracts.DOCUMENT_TASK_QUEUE,test/test_document_temporal_integration.py:15
test/test_document_temporal_integration.py,src/orchestration/document_workflow.py,FROM_IMPORT,orchestration.document_workflow.NormalizeDocumentWorkflow,test/test_document_temporal_integration.py:16
test/test_document_temporal_integration.py,src/sandbox/tools/local/file_read.py,FROM_IMPORT,sandbox.tools.local.file_read.create_file_read_tools,test/test_document_temporal_integration.py:17
test/test_document_temporal_integration.py,src/workspace/file_scope.py,FROM_IMPORT,workspace.file_scope.RunFileInput,test/test_document_temporal_integration.py:18
test/test_document_temporal_integration.py,src/workspace/file_scope.py,FROM_IMPORT,workspace.file_scope.RunFileScope,test/test_document_temporal_integration.py:18
test/test_document_worker.py,external:__future__,FROM_IMPORT,__future__.annotations,test/test_document_worker.py:1
test/test_document_worker.py,external:contextlib,FROM_IMPORT,contextlib.contextmanager,test/test_document_worker.py:3
test/test_document_worker.py,external:pathlib,FROM_IMPORT,pathlib.Path,test/test_document_worker.py:4
test/test_document_worker.py,external:types,FROM_IMPORT,types.SimpleNamespace,test/test_document_worker.py:5
test/test_document_worker.py,external:uuid,FROM_IMPORT,uuid.uuid4,test/test_document_worker.py:6
test/test_document_worker.py,src/document_activities/__init__.py,FROM_IMPORT,document_activities.DocumentActivities,test/test_document_worker.py:8
test/test_document_worker.py,src/document_activities/__init__.py,FROM_IMPORT,document_activities.NormalizeDocumentInput,test/test_document_worker.py:8
test/test_document_worker.py,src/file_domain/models.py,FROM_IMPORT,file_domain.models.FileResource,test/test_document_worker.py:9
test/test_document_worker.py,src/file_domain/models.py,FROM_IMPORT,file_domain.models.NormalizedBlock,test/test_document_worker.py:9
test/test_document_worker.py,src/file_domain/models.py,FROM_IMPORT,file_domain.models.NormalizedDocument,test/test_document_worker.py:9
test/test_document_worker.py,src/file_domain/models.py,FROM_IMPORT,file_domain.models.SourceLocator,test/test_document_worker.py:9
test/test_document_worker.py,src/file_domain/serialization.py,FROM_IMPORT,file_domain.serialization.normalized_document_to_dict,test/test_document_worker.py:15
test/test_document_worker.py,src/orchestration/document_contracts.py,FROM_IMPORT,orchestration.document_contracts.DOCUMENT_TASK_QUEUE,test/test_document_worker.py:16
test/test_document_worker.py,src/orchestration/document_worker.py,FROM_IMPORT,orchestration.document_worker.build_document_worker,test/test_document_worker.py:17
test/test_document_worker.py,src/workspace/file_scope.py,FROM_IMPORT,workspace.file_scope.RunFileInput,test/test_document_worker.py:18
test/test_document_worker.py,src/workspace/file_scope.py,FROM_IMPORT,workspace.file_scope.RunFileScope,test/test_document_worker.py:18
test/test_document_worker_migration_contract.py,external:pathlib,FROM_IMPORT,pathlib.Path,test/test_document_worker_migration_contract.py:1
test/test_durable_agent_contract.py,external:__future__,FROM_IMPORT,__future__.annotations,test/test_durable_agent_contract.py:1
test/test_durable_agent_contract.py,external:inspect,IMPORT,inspect,test/test_durable_agent_contract.py:3
test/test_durable_agent_contract.py,external:pathlib,FROM_IMPORT,pathlib.Path,test/test_durable_agent_contract.py:4
test/test_durable_agent_contract.py,src/agent_activities/runtime.py,FROM_IMPORT,agent_activities.runtime.DurableAgentActivities,test/test_durable_agent_contract.py:6
test/test_durable_agent_contract.py,src/agent_workflows/agent_run.py,FROM_IMPORT,agent_workflows.agent_run.AgentRunWorkflow,test/test_durable_agent_contract.py:7
test/test_durable_agent_contract.py,src/agent_workflows/agent_step.py,FROM_IMPORT,agent_workflows.agent_step.AgentStepWorkflow,test/test_durable_agent_contract.py:8
test/test_durable_agent_contract.py,src/agent_workflows/contracts.py,FROM_IMPORT,agent_workflows.contracts.AGENT_STRATEGY_PLAN,test/test_durable_agent_contract.py:9
test/test_durable_agent_contract.py,src/agent_workflows/contracts.py,FROM_IMPORT,agent_workflows.contracts.AGENT_STRATEGY_REACT,test/test_durable_agent_contract.py:9
test/test_durable_agent_contract.py,src/agent_workflows/contracts.py,FROM_IMPORT,agent_workflows.contracts.CompactToolCall,test/test_durable_agent_contract.py:9
test/test_durable_agent_contract.py,src/agent_workflows/contracts.py,FROM_IMPORT,agent_workflows.contracts.strategy_for_profile,test/test_durable_agent_contract.py:9
test/test_durable_agent_contract.py,src/agent_workflows/plan_execute.py,FROM_IMPORT,agent_workflows.plan_execute.PlanAndExecuteWorkflow,test/test_durable_agent_contract.py:15
test/test_durable_agent_contract.py,src/agent_workflows/react.py,FROM_IMPORT,agent_workflows.react.ReactAgentWorkflow,test/test_durable_agent_contract.py:16
test/test_durable_agent_contract.py,src/agent_workflows/tool_execution.py,FROM_IMPORT,agent_workflows.tool_execution.ToolExecutionWorkflow,test/test_durable_agent_contract.py:17
test/test_durable_agent_contract.py,src/orchestration/artifact_workflow.py,FROM_IMPORT,orchestration.artifact_workflow.ArtifactBuildWorkflow,test/test_durable_agent_contract.py:18
test/test_durable_agent_contract.py,src/orchestration/document_workflow.py,FROM_IMPORT,orchestration.document_workflow.NormalizeDocumentWorkflow,test/test_durable_agent_contract.py:19
test/test_durable_agent_contract.py,src/orchestration/durable_web_workflow.py,FROM_IMPORT,orchestration.durable_web_workflow.DurableWebRunWorkflow,test/test_durable_agent_contract.py:20
test/test_durable_agent_contract.py,src/orchestration/research_workflow.py,FROM_IMPORT,orchestration.research_workflow.ResearchReportWorkflow,test/test_durable_agent_contract.py:21
test/test_durable_agent_contract.py,src/orchestration/research_workflow.py,FROM_IMPORT,orchestration.research_workflow.ResearchTaskScheduleWorkflow,test/test_durable_agent_contract.py:21
test/test_durable_agent_contract.py,src/orchestration/web_workers.py,FROM_IMPORT,orchestration.web_workers.build_web_temporal_workers,test/test_durable_agent_contract.py:22
test/test_durable_agent_contract.py,src/orchestration/web_workflow.py,FROM_IMPORT,orchestration.web_workflow.WebRunWorkflow,test/test_durable_agent_contract.py:23
test/test_durable_agent_contract.py,src/orchestration/web_workflow.py,FROM_IMPORT,orchestration.web_workflow.WebRunWorkflowInput,test/test_durable_agent_contract.py:23
test/test_durable_agent_contract.py,src/web_api/models.py,FROM_IMPORT,web_api.models.SendMessageRequest,test/test_durable_agent_contract.py:24
test/test_durable_agent_hardening.py,external:__future__,FROM_IMPORT,__future__.annotations,test/test_durable_agent_hardening.py:1
test/test_durable_agent_hardening.py,external:asyncio,IMPORT,asyncio,test/test_durable_agent_hardening.py:3
test/test_durable_agent_hardening.py,external:contextlib,FROM_IMPORT,contextlib.asynccontextmanager,test/test_durable_agent_hardening.py:4
test/test_durable_agent_hardening.py,external:dataclasses,FROM_IMPORT,dataclasses.replace,test/test_durable_agent_hardening.py:5
test/test_durable_agent_hardening.py,external:types,FROM_IMPORT,types.SimpleNamespace,test/test_durable_agent_hardening.py:6
test/test_durable_agent_hardening.py,external:uuid,FROM_IMPORT,uuid.uuid4,test/test_durable_agent_hardening.py:7
test/test_durable_agent_hardening.py,external:pytest,IMPORT,pytest,test/test_durable_agent_hardening.py:9
test/test_durable_agent_hardening.py,external:temporalio.exceptions,FROM_IMPORT,temporalio.exceptions.ApplicationError,test/test_durable_agent_hardening.py:10
test/test_durable_agent_hardening.py,src/actions/runtime.py,FROM_IMPORT,actions.runtime.ActionRuntime,test/test_durable_agent_hardening.py:12
test/test_durable_agent_hardening.py,src/agent/protocol.py,FROM_IMPORT,agent.protocol.ActionRequest,test/test_durable_agent_hardening.py:13
test/test_durable_agent_hardening.py,src/agent/protocol.py,FROM_IMPORT,agent.protocol.ActionResult,test/test_durable_agent_hardening.py:13
test/test_durable_agent_hardening.py,src/agent_activities/runtime.py,FROM_IMPORT,agent_activities.runtime.DurableAgentActivities,test/test_durable_agent_hardening.py:14
test/test_durable_agent_hardening.py,src/agent_activities/side_effects.py,FROM_IMPORT,agent_activities.side_effects.UnsupportedToolSideEffectReconciler,test/test_durable_agent_hardening.py:15
test/test_durable_agent_hardening.py,src/agent_activities/store.py,FROM_IMPORT,agent_activities.store.LeaseConflict,test/test_durable_agent_hardening.py:16
test/test_durable_agent_hardening.py,src/agent_activities/store.py,FROM_IMPORT,agent_activities.store.StaleFencingToken,test/test_durable_agent_hardening.py:16
test/test_durable_agent_hardening.py,src/agent_activities/store.py,FROM_IMPORT,agent_activities.store.ToolOperationState,test/test_durable_agent_hardening.py:16
test/test_durable_agent_hardening.py,src/agent_activities/store.py,FROM_IMPORT,agent_activities.store.TranscriptVersionConflict,test/test_durable_agent_hardening.py:16
test/test_durable_agent_hardening.py,src/agent_workflows/contracts.py,FROM_IMPORT,agent_workflows.contracts.AGENT_SCHEMA_VERSION,test/test_durable_agent_hardening.py:22
test/test_durable_agent_hardening.py,src/agent_workflows/contracts.py,FROM_IMPORT,agent_workflows.contracts.CompactToolCall,test/test_durable_agent_hardening.py:22
test/test_durable_agent_hardening.py,src/agent_workflows/contracts.py,FROM_IMPORT,agent_workflows.contracts.PlanEvaluationInput,test/test_durable_agent_hardening.py:22
test/test_durable_agent_hardening.py,src/agent_workflows/contracts.py,FROM_IMPORT,agent_workflows.contracts.PlanningInput,test/test_durable_agent_hardening.py:22
test/test_durable_agent_hardening.py,src/agent_workflows/contracts.py,FROM_IMPORT,agent_workflows.contracts.ToolExecutionInput,test/test_durable_agent_hardening.py:22
test/test_durable_agent_hardening.py,src/orchestration/web_activities.py,FROM_IMPORT,orchestration.web_activities,test/test_durable_agent_hardening.py:29
test/test_durable_agent_hardening.py,src/orchestration/durable_web_workflow.py,FROM_IMPORT,orchestration.durable_web_workflow.AcquireLeaseInput,test/test_durable_agent_hardening.py:30
test/test_durable_agent_hardening.py,src/sandbox/tools/adapters/mcp.py,FROM_IMPORT,sandbox.tools.adapters.mcp.CachedTool,test/test_durable_agent_hardening.py:31
test/test_durable_agent_hardening.py,src/sandbox/tools/adapters/mcp.py,FROM_IMPORT,sandbox.tools.adapters.mcp.MCPToolManager,test/test_durable_agent_hardening.py:31
test/test_durable_agent_hardening.py,src/sandbox/tools/adapters/mcp.py,FROM_IMPORT,sandbox.tools.adapters.mcp._build_langchain_tool,test/test_durable_agent_hardening.py:31
test/test_durable_agent_hardening.py,src/web_domain/failures.py,FROM_IMPORT,web_domain.failures.is_failure_retryable,test/test_durable_agent_hardening.py:32
test/test_durable_agent_temporal_integration.py,external:__future__,FROM_IMPORT,__future__.annotations,test/test_durable_agent_temporal_integration.py:1
test/test_durable_agent_temporal_integration.py,external:os,IMPORT,os,test/test_durable_agent_temporal_integration.py:3
test/test_durable_agent_temporal_integration.py,external:uuid,FROM_IMPORT,uuid.uuid4,test/test_durable_agent_temporal_integration.py:4
test/test_durable_agent_temporal_integration.py,external:pytest,IMPORT,pytest,test/test_durable_agent_temporal_integration.py:6
test/test_durable_agent_temporal_integration.py,external:temporalio,FROM_IMPORT,temporalio.activity,test/test_durable_agent_temporal_integration.py:7
test/test_durable_agent_temporal_integration.py,external:temporalio.client,FROM_IMPORT,temporalio.client.Client,test/test_durable_agent_temporal_integration.py:8
test/test_durable_agent_temporal_integration.py,external:temporalio.client,FROM_IMPORT,temporalio.client.WorkflowFailureError,test/test_durable_agent_temporal_integration.py:8
test/test_durable_agent_temporal_integration.py,external:temporalio.worker,FROM_IMPORT,temporalio.worker.Worker,test/test_durable_agent_temporal_integration.py:9
test/test_durable_agent_temporal_integration.py,src/agent_workflows/agent_run.py,FROM_IMPORT,agent_workflows.agent_run.AgentRunWorkflow,test/test_durable_agent_temporal_integration.py:11
test/test_durable_agent_temporal_integration.py,src/agent_workflows/agent_step.py,FROM_IMPORT,agent_workflows.agent_step.AgentStepWorkflow,test/test_durable_agent_temporal_integration.py:12
test/test_durable_agent_temporal_integration.py,src/agent_workflows/contracts.py,FROM_IMPORT,agent_workflows.contracts.AGENT_SCHEMA_VERSION,test/test_durable_agent_temporal_integration.py:13
test/test_durable_agent_temporal_integration.py,src/agent_workflows/contracts.py,FROM_IMPORT,agent_workflows.contracts.AGENT_TASK_QUEUE,test/test_durable_agent_temporal_integration.py:13
test/test_durable_agent_temporal_integration.py,src/agent_workflows/contracts.py,FROM_IMPORT,agent_workflows.contracts.AgentRunInput,test/test_durable_agent_temporal_integration.py:13
test/test_durable_agent_temporal_integration.py,src/agent_workflows/contracts.py,FROM_IMPORT,agent_workflows.contracts.CompactToolCall,test/test_durable_agent_temporal_integration.py:13
test/test_durable_agent_temporal_integration.py,src/agent_workflows/contracts.py,FROM_IMPORT,agent_workflows.contracts.ContextBootstrapInput,test/test_durable_agent_temporal_integration.py:13
test/test_durable_agent_temporal_integration.py,src/agent_workflows/contracts.py,FROM_IMPORT,agent_workflows.contracts.ContextBootstrapResult,test/test_durable_agent_temporal_integration.py:13
test/test_durable_agent_temporal_integration.py,src/agent_workflows/contracts.py,FROM_IMPORT,agent_workflows.contracts.ModelDecisionInput,test/test_durable_agent_temporal_integration.py:13
test/test_durable_agent_temporal_integration.py,src/agent_workflows/contracts.py,FROM_IMPORT,agent_workflows.contracts.ModelDecisionResult,test/test_durable_agent_temporal_integration.py:13
test/test_durable_agent_temporal_integration.py,src/agent_workflows/contracts.py,FROM_IMPORT,agent_workflows.contracts.PlanEvaluationInput,test/test_durable_agent_temporal_integration.py:13
test/test_durable_agent_temporal_integration.py,src/agent_workflows/contracts.py,FROM_IMPORT,agent_workflows.contracts.PlanEvaluationResult,test/test_durable_agent_temporal_integration.py:13
test/test_durable_agent_temporal_integration.py,src/agent_workflows/contracts.py,FROM_IMPORT,agent_workflows.contracts.PlanningInput,test/test_durable_agent_temporal_integration.py:13
test/test_durable_agent_temporal_integration.py,src/agent_workflows/contracts.py,FROM_IMPORT,agent_workflows.contracts.PlanningResult,test/test_durable_agent_temporal_integration.py:13
test/test_durable_agent_temporal_integration.py,src/agent_workflows/contracts.py,FROM_IMPORT,agent_workflows.contracts.PlanStep,test/test_durable_agent_temporal_integration.py:13
test/test_durable_agent_temporal_integration.py,src/agent_workflows/contracts.py,FROM_IMPORT,agent_workflows.contracts.ToolExecutionInput,test/test_durable_agent_temporal_integration.py:13
test/test_durable_agent_temporal_integration.py,src/agent_workflows/contracts.py,FROM_IMPORT,agent_workflows.contracts.ToolExecutionResult,test/test_durable_agent_temporal_integration.py:13
test/test_durable_agent_temporal_integration.py,src/agent_workflows/plan_execute.py,FROM_IMPORT,agent_workflows.plan_execute.PlanAndExecuteWorkflow,test/test_durable_agent_temporal_integration.py:30
test/test_durable_agent_temporal_integration.py,src/agent_workflows/react.py,FROM_IMPORT,agent_workflows.react.ReactAgentWorkflow,test/test_durable_agent_temporal_integration.py:31
test/test_durable_agent_temporal_integration.py,src/agent_workflows/tool_execution.py,FROM_IMPORT,agent_workflows.tool_execution.ToolExecutionWorkflow,test/test_durable_agent_temporal_integration.py:32
test/test_durable_agent_worker_kill.py,external:__future__,FROM_IMPORT,__future__.annotations,test/test_durable_agent_worker_kill.py:2
test/test_durable_agent_worker_kill.py,external:asyncio,IMPORT,asyncio,test/test_durable_agent_worker_kill.py:4
test/test_durable_agent_worker_kill.py,external:os,IMPORT,os,test/test_durable_agent_worker_kill.py:5
test/test_durable_agent_worker_kill.py,external:sqlite3,IMPORT,sqlite3,test/test_durable_agent_worker_kill.py:6
test/test_durable_agent_worker_kill.py,external:sys,IMPORT,sys,test/test_durable_agent_worker_kill.py:7
test/test_durable_agent_worker_kill.py,external:pathlib,FROM_IMPORT,pathlib.Path,test/test_durable_agent_worker_kill.py:8
test/test_durable_agent_worker_kill.py,external:uuid,FROM_IMPORT,uuid.uuid4,test/test_durable_agent_worker_kill.py:9
test/test_durable_agent_worker_kill.py,external:pytest,IMPORT,pytest,test/test_durable_agent_worker_kill.py:11
test/test_durable_agent_worker_kill.py,external:temporalio.client,FROM_IMPORT,temporalio.client.Client,test/test_durable_agent_worker_kill.py:12
test/test_durable_agent_worker_kill.py,src/agent_workflows/agent_run.py,FROM_IMPORT,agent_workflows.agent_run.AgentRunWorkflow,test/test_durable_agent_worker_kill.py:14
test/test_durable_agent_worker_kill.py,src/agent_workflows/contracts.py,FROM_IMPORT,agent_workflows.contracts.AGENT_SCHEMA_VERSION,test/test_durable_agent_worker_kill.py:15
test/test_durable_agent_worker_kill.py,src/agent_workflows/contracts.py,FROM_IMPORT,agent_workflows.contracts.AGENT_TASK_QUEUE,test/test_durable_agent_worker_kill.py:15
test/test_durable_agent_worker_kill.py,src/agent_workflows/contracts.py,FROM_IMPORT,agent_workflows.contracts.AgentRunInput,test/test_durable_agent_worker_kill.py:15
test/test_file_action_approval_contract.py,external:pathlib,FROM_IMPORT,pathlib.Path,test/test_file_action_approval_contract.py:1
test/test_file_action_approval_contract.py,external:fastapi.routing,FROM_IMPORT,fastapi.routing.APIRoute,test/test_file_action_approval_contract.py:3
test/test_file_action_approval_contract.py,src/web_api/app.py,FROM_IMPORT,web_api.app.create_app,test/test_file_action_approval_contract.py:5
test/test_file_action_approval_contract.py,src/web_api/config.py,FROM_IMPORT,web_api.config.WebApiSettings,test/test_file_action_approval_contract.py:6
test/test_file_analysis_tools.py,external:__future__,FROM_IMPORT,__future__.annotations,test/test_file_analysis_tools.py:1
test/test_file_analysis_tools.py,external:json,IMPORT,json,test/test_file_analysis_tools.py:3
test/test_file_analysis_tools.py,external:pathlib,FROM_IMPORT,pathlib.Path,test/test_file_analysis_tools.py:4
test/test_file_analysis_tools.py,external:types,FROM_IMPORT,types.SimpleNamespace,test/test_file_analysis_tools.py:5
test/test_file_analysis_tools.py,external:uuid,FROM_IMPORT,uuid.uuid4,test/test_file_analysis_tools.py:6
test/test_file_analysis_tools.py,src/sandbox/sandbox_manager.py,FROM_IMPORT,sandbox.sandbox_manager.SandboxManager,test/test_file_analysis_tools.py:8
test/test_file_analysis_tools.py,src/sandbox/tools/local/file_analysis.py,FROM_IMPORT,sandbox.tools.local.file_analysis.FileToolLimits,test/test_file_analysis_tools.py:9
test/test_file_analysis_tools.py,src/sandbox/tools/local/file_analysis.py,FROM_IMPORT,sandbox.tools.local.file_analysis.create_file_analysis_tools,test/test_file_analysis_tools.py:9
test/test_file_analysis_tools.py,src/workspace/file_scope.py,FROM_IMPORT,workspace.file_scope.RunFileInput,test/test_file_analysis_tools.py:10
test/test_file_assistant_f0.py,external:__future__,FROM_IMPORT,__future__.annotations,test/test_file_assistant_f0.py:1
test/test_file_assistant_f0.py,external:pathlib,FROM_IMPORT,pathlib.Path,test/test_file_assistant_f0.py:3
test/test_file_assistant_f0.py,external:types,FROM_IMPORT,types.SimpleNamespace,test/test_file_assistant_f0.py:4
test/test_file_assistant_f0.py,external:uuid,FROM_IMPORT,uuid.uuid4,test/test_file_assistant_f0.py:5
test/test_file_assistant_f0.py,external:pytest,IMPORT,pytest,test/test_file_assistant_f0.py:7
test/test_file_assistant_f0.py,src/file_adapters/docling.py,FROM_IMPORT,file_adapters.docling.DoclingStructuredDocumentProvider,test/test_file_assistant_f0.py:9
test/test_file_assistant_f0.py,src/file_adapters/markitdown.py,FROM_IMPORT,file_adapters.markitdown.MarkItDownFastTextViewProvider,test/test_file_assistant_f0.py:10
test/test_file_assistant_f0.py,src/file_domain/models.py,FROM_IMPORT,file_domain.models.FileResource,test/test_file_assistant_f0.py:11
test/test_file_assistant_f0.py,src/file_domain/models.py,FROM_IMPORT,file_domain.models.NormalizedTable,test/test_file_assistant_f0.py:11
test/test_file_assistant_f0.py,src/file_domain/models.py,FROM_IMPORT,file_domain.models.SourceLocator,test/test_file_assistant_f0.py:11
test/test_file_assistant_f0.py,src/file_runtime/registry.py,FROM_IMPORT,file_runtime.registry.FileAdapterRegistry,test/test_file_assistant_f0.py:16
test/test_file_assistant_f0.py,src/file_runtime/resolver.py,FROM_IMPORT,file_runtime.resolver.FileResourceResolver,test/test_file_assistant_f0.py:17
test/test_file_assistant_f0.py,src/workspace/file_scope.py,FROM_IMPORT,workspace.file_scope.RunFileInput,test/test_file_assistant_f0.py:18
test/test_file_assistant_f0.py,src/workspace/file_scope.py,FROM_IMPORT,workspace.file_scope.RunFileScope,test/test_file_assistant_f0.py:18
test/test_file_capability_config.py,external:__future__,FROM_IMPORT,__future__.annotations,test/test_file_capability_config.py:1
test/test_file_capability_config.py,external:pathlib,FROM_IMPORT,pathlib.Path,test/test_file_capability_config.py:3
test/test_file_capability_config.py,external:pytest,IMPORT,pytest,test/test_file_capability_config.py:5
test/test_file_capability_config.py,src/workspace/file_capability_config.py,FROM_IMPORT,workspace.file_capability_config.FileCapabilityConfig,test/test_file_capability_config.py:7
test/test_file_capability_config.py,src/workspace/file_scope.py,FROM_IMPORT,workspace.file_scope.RunFileScopeUnavailable,test/test_file_capability_config.py:8
test/test_file_cleanup.py,external:__future__,FROM_IMPORT,__future__.annotations,test/test_file_cleanup.py:1
test/test_file_cleanup.py,external:uuid,FROM_IMPORT,uuid.uuid4,test/test_file_cleanup.py:3
test/test_file_cleanup.py,src/web_domain/file_cleanup.py,FROM_IMPORT,web_domain.file_cleanup.FileCleanupService,test/test_file_cleanup.py:5
test/test_file_lineage_migration_contract.py,external:pathlib,FROM_IMPORT,pathlib.Path,test/test_file_lineage_migration_contract.py:1
test/test_file_output.py,external:__future__,FROM_IMPORT,__future__.annotations,test/test_file_output.py:1
test/test_file_output.py,external:json,IMPORT,json,test/test_file_output.py:3
test/test_file_output.py,external:pathlib,FROM_IMPORT,pathlib.Path,test/test_file_output.py:4
test/test_file_output.py,external:uuid,FROM_IMPORT,uuid.uuid4,test/test_file_output.py:5
test/test_file_output.py,external:httpx,IMPORT,httpx,test/test_file_output.py:7
test/test_file_output.py,external:pytest,IMPORT,pytest,test/test_file_output.py:8
test/test_file_output.py,src/file_adapters/__init__.py,FROM_IMPORT,file_adapters.GotenbergConversionProvider,test/test_file_output.py:10
test/test_file_output.py,src/file_domain/models.py,FROM_IMPORT,file_domain.models.FileResource,test/test_file_output.py:11
test/test_file_output.py,src/file_runtime/__init__.py,FROM_IMPORT,file_runtime.PublishedOutput,test/test_file_output.py:12
test/test_file_output.py,src/sandbox/tools/local/file_write.py,FROM_IMPORT,sandbox.tools.local.file_write.create_file_write_tools,test/test_file_output.py:13
test/test_file_output.py,src/workspace/file_scope.py,FROM_IMPORT,workspace.file_scope.RunFileScope,test/test_file_output.py:14
test/test_file_read_tools.py,external:__future__,FROM_IMPORT,__future__.annotations,test/test_file_read_tools.py:1
test/test_file_read_tools.py,external:json,IMPORT,json,test/test_file_read_tools.py:3
test/test_file_read_tools.py,external:pathlib,FROM_IMPORT,pathlib.Path,test/test_file_read_tools.py:4
test/test_file_read_tools.py,external:types,FROM_IMPORT,types.SimpleNamespace,test/test_file_read_tools.py:5
test/test_file_read_tools.py,external:uuid,FROM_IMPORT,uuid.uuid4,test/test_file_read_tools.py:6
test/test_file_read_tools.py,external:docx,FROM_IMPORT,docx.Document,test/test_file_read_tools.py:8
test/test_file_read_tools.py,external:openpyxl,FROM_IMPORT,openpyxl.Workbook,test/test_file_read_tools.py:9
test/test_file_read_tools.py,external:pptx,FROM_IMPORT,pptx.Presentation,test/test_file_read_tools.py:10
test/test_file_read_tools.py,external:pypdf,FROM_IMPORT,pypdf.PdfWriter,test/test_file_read_tools.py:11
test/test_file_read_tools.py,src/file_runtime/__init__.py,FROM_IMPORT,file_runtime.FileAdapterRegistry,test/test_file_read_tools.py:13
test/test_file_read_tools.py,src/sandbox/tools/local/file_read.py,FROM_IMPORT,sandbox.tools.local.file_read.create_file_read_tools,test/test_file_read_tools.py:14
test/test_file_read_tools.py,src/workspace/file_scope.py,FROM_IMPORT,workspace.file_scope.RunFileInput,test/test_file_read_tools.py:15
test/test_file_read_tools.py,src/workspace/file_scope.py,FROM_IMPORT,workspace.file_scope.RunFileScope,test/test_file_read_tools.py:15
test/test_file_upload_contract.py,external:__future__,FROM_IMPORT,__future__.annotations,test/test_file_upload_contract.py:1
test/test_file_upload_contract.py,external:uuid,FROM_IMPORT,uuid.uuid4,test/test_file_upload_contract.py:3
test/test_file_upload_contract.py,external:pytest,IMPORT,pytest,test/test_file_upload_contract.py:5
test/test_file_upload_contract.py,external:pydantic,FROM_IMPORT,pydantic.ValidationError,test/test_file_upload_contract.py:6
test/test_file_upload_contract.py,src/web_api/models.py,FROM_IMPORT,web_api.models.CreateUploadRequest,test/test_file_upload_contract.py:8
test/test_file_upload_contract.py,src/web_api/models.py,FROM_IMPORT,web_api.models.SendMessageRequest,test/test_file_upload_contract.py:8
test/test_file_upload_contract.py,src/web_domain/errors.py,FROM_IMPORT,web_domain.errors.FileUploadInvalid,test/test_file_upload_contract.py:9
test/test_file_upload_contract.py,src/web_domain/file_services.py,FROM_IMPORT,web_domain.file_services.FileService,test/test_file_upload_contract.py:10
test/test_file_version_tools.py,external:__future__,FROM_IMPORT,__future__.annotations,test/test_file_version_tools.py:1
test/test_file_version_tools.py,external:json,IMPORT,json,test/test_file_version_tools.py:3
test/test_file_version_tools.py,external:uuid,FROM_IMPORT,uuid.uuid4,test/test_file_version_tools.py:4
test/test_file_version_tools.py,external:pytest,IMPORT,pytest,test/test_file_version_tools.py:6
test/test_file_version_tools.py,external:docx,FROM_IMPORT,docx.Document,test/test_file_version_tools.py:7
test/test_file_version_tools.py,external:openpyxl,FROM_IMPORT,openpyxl.Workbook,test/test_file_version_tools.py:8
test/test_file_version_tools.py,external:openpyxl,FROM_IMPORT,openpyxl.load_workbook,test/test_file_version_tools.py:8
test/test_file_version_tools.py,external:pptx,FROM_IMPORT,pptx.Presentation,test/test_file_version_tools.py:9
test/test_file_version_tools.py,src/file_runtime/__init__.py,FROM_IMPORT,file_runtime.PublishedOutput,test/test_file_version_tools.py:11
test/test_file_version_tools.py,src/sandbox/tools/local/file_write.py,FROM_IMPORT,sandbox.tools.local.file_write.create_file_write_tools,test/test_file_version_tools.py:12
test/test_file_version_tools.py,src/workspace/file_scope.py,FROM_IMPORT,workspace.file_scope.RunFileInput,test/test_file_version_tools.py:13
test/test_file_version_tools.py,src/workspace/file_scope.py,FROM_IMPORT,workspace.file_scope.RunFileScope,test/test_file_version_tools.py:13
test/test_file_workspace_migration_contract.py,external:pathlib,FROM_IMPORT,pathlib.Path,test/test_file_workspace_migration_contract.py:1
test/test_file_workspace_security.py,external:__future__,FROM_IMPORT,__future__.annotations,test/test_file_workspace_security.py:1
test/test_file_workspace_security.py,external:pathlib,FROM_IMPORT,pathlib.Path,test/test_file_workspace_security.py:3
test/test_file_workspace_security.py,external:pytest,IMPORT,pytest,test/test_file_workspace_security.py:5
test/test_file_workspace_security.py,src/sandbox/sandbox_manager.py,FROM_IMPORT,sandbox.sandbox_manager.SandboxManager,test/test_file_workspace_security.py:7
test/test_file_workspace_security.py,src/sandbox/tools/local/_path_utils.py,FROM_IMPORT,sandbox.tools.local._path_utils.safe_cwd,test/test_file_workspace_security.py:8
test/test_file_workspace_security.py,src/sandbox/tools/local/_path_utils.py,FROM_IMPORT,sandbox.tools.local._path_utils.safe_resolve,test/test_file_workspace_security.py:8
test/test_file_workspace_security.py,src/sandbox/tools/local/fs_read.py,FROM_IMPORT,sandbox.tools.local.fs_read.create_fs_read_tool,test/test_file_workspace_security.py:9
test/test_file_workspace_security.py,src/sandbox/tools/local/glob_.py,FROM_IMPORT,sandbox.tools.local.glob_.create_glob_tool,test/test_file_workspace_security.py:10
test/test_file_workspace_security.py,src/sandbox/tools/local/grep.py,FROM_IMPORT,sandbox.tools.local.grep.create_grep_tool,test/test_file_workspace_security.py:11
test/test_hindsight.py,external:asyncio,IMPORT,asyncio,test/test_hindsight.py:11
test/test_hindsight.py,external:os,IMPORT,os,test/test_hindsight.py:12
test/test_hindsight.py,external:sys,IMPORT,sys,test/test_hindsight.py:13
test/test_hindsight.py,external:pytest,IMPORT,pytest,test/test_hindsight.py:15
test/test_hindsight.py,src/memory/hindsight_client.py,FROM_IMPORT,memory.hindsight_client.HindsightClient,test/test_hindsight.py:19
test/test_hindsight.py,src/memory/hindsight_client.py,FROM_IMPORT,memory.hindsight_client.MemoryItem,test/test_hindsight.py:19
test/test_hindsight_retain_document.py,external:asyncio,IMPORT,asyncio,test/test_hindsight_retain_document.py:11
test/test_hindsight_retain_document.py,external:os,IMPORT,os,test/test_hindsight_retain_document.py:12
test/test_hindsight_retain_document.py,external:sys,IMPORT,sys,test/test_hindsight_retain_document.py:13
test/test_hindsight_retain_document.py,external:pytest,IMPORT,pytest,test/test_hindsight_retain_document.py:15
test/test_hindsight_retain_document.py,src/memory/hindsight_client.py,FROM_IMPORT,memory.hindsight_client.HindsightClient,test/test_hindsight_retain_document.py:19
test/test_identity_command_interception.py,external:__future__,FROM_IMPORT,__future__.annotations,test/test_identity_command_interception.py:1
test/test_identity_command_interception.py,external:types,FROM_IMPORT,types.SimpleNamespace,test/test_identity_command_interception.py:3
test/test_identity_command_interception.py,external:pytest,IMPORT,pytest,test/test_identity_command_interception.py:5
test/test_identity_command_interception.py,src/account/identity.py,FROM_IMPORT,account.identity.normalize_channel_subject,test/test_identity_command_interception.py:7
test/test_identity_command_interception.py,src/account/identity.py,FROM_IMPORT,account.identity.normalize_qq_subject,test/test_identity_command_interception.py:7
test/test_identity_command_interception.py,src/account/identity.py,FROM_IMPORT,account.identity.normalize_web_subject,test/test_identity_command_interception.py:7
test/test_identity_command_interception.py,src/account/identity_binding_service.py,FROM_IMPORT,account.identity_binding_service.mask_qq_subject,test/test_identity_command_interception.py:12
test/test_identity_command_interception.py,src/application/identity_commands.py,FROM_IMPORT,application.identity_commands.IdentityCommandService,test/test_identity_command_interception.py:13
test/test_identity_command_interception.py,src/application/ingress.py,FROM_IMPORT,application.ingress.MessageIngressService,test/test_identity_command_interception.py:14
test/test_identity_command_interception.py,src/common/types.py,FROM_IMPORT,common.types.ChannelType,test/test_identity_command_interception.py:15
test/test_identity_command_interception.py,src/common/types.py,FROM_IMPORT,common.types.UnifiedMessage,test/test_identity_command_interception.py:15
test/test_logging.py,external:__future__,FROM_IMPORT,__future__.annotations,test/test_logging.py:1
test/test_logging.py,external:json,IMPORT,json,test/test_logging.py:3
test/test_logging.py,external:logging,IMPORT,logging,test/test_logging.py:4
test/test_logging.py,external:sys,IMPORT,sys,test/test_logging.py:5
test/test_logging.py,external:pathlib,FROM_IMPORT,pathlib.Path,test/test_logging.py:6
test/test_logging.py,external:typing,FROM_IMPORT,typing.Any,test/test_logging.py:7
test/test_logging.py,src/common/logging.py,FROM_IMPORT,common.logging._JsonFormatter,test/test_logging.py:9
test/test_logging.py,src/common/logging.py,FROM_IMPORT,common.logging.log_event,test/test_logging.py:9
test/test_logging.py,src/common/logging.py,FROM_IMPORT,common.logging.setup_logging,test/test_logging.py:9
test/test_logging.py,src/web_api/__main__.py,FROM_IMPORT,web_api.__main__,test/test_logging.py:118
test/test_mcp_health_script.py,external:__future__,FROM_IMPORT,__future__.annotations,test/test_mcp_health_script.py:1
test/test_mcp_health_script.py,external:importlib.util,IMPORT,importlib,test/test_mcp_health_script.py:3
test/test_mcp_health_script.py,external:sys,IMPORT,sys,test/test_mcp_health_script.py:4
test/test_mcp_health_script.py,external:pathlib,FROM_IMPORT,pathlib.Path,test/test_mcp_health_script.py:5
test/test_model_configuration.py,external:os,IMPORT,os,test/test_model_configuration.py:2
test/test_model_configuration.py,external:sys,IMPORT,sys,test/test_model_configuration.py:3
test/test_model_configuration.py,external:pytest,IMPORT,pytest,test/test_model_configuration.py:5
test/test_model_configuration.py,src/orchestration/config.py,FROM_IMPORT,orchestration.config.ModelsConfig,test/test_model_configuration.py:9
test/test_model_configuration.py,src/resources/credentials.py,FROM_IMPORT,resources.credentials.CredentialManager,test/test_model_configuration.py:10
test/test_model_configuration.py,src/resources/credentials.py,FROM_IMPORT,resources.credentials.ModelEndpoint,test/test_model_configuration.py:10
test/test_model_configuration.py,src/resources/model_client.py,FROM_IMPORT,resources.model_client.ModelClient,test/test_model_configuration.py:11
test/test_model_configuration.py,src/resources/resource_pool.py,FROM_IMPORT,resources.resource_pool.ResourcePool,test/test_model_configuration.py:12
test/test_nsjail.py,external:asyncio,IMPORT,asyncio,test/test_nsjail.py:9
test/test_nsjail.py,external:json,IMPORT,json,test/test_nsjail.py:10
test/test_nsjail.py,external:os,IMPORT,os,test/test_nsjail.py:11
test/test_nsjail.py,external:sys,IMPORT,sys,test/test_nsjail.py:12
test/test_nsjail.py,external:time,IMPORT,time,test/test_nsjail.py:13
test/test_nsjail.py,external:pytest,IMPORT,pytest,test/test_nsjail.py:15
test/test_nsjail.py,src/sandbox/nsjail.py,FROM_IMPORT,sandbox.nsjail.NsjailConfig,test/test_nsjail.py:19
test/test_nsjail.py,src/sandbox/nsjail.py,FROM_IMPORT,sandbox.nsjail.NsjailExecutor,test/test_nsjail.py:19
test/test_observability_preflight.py,external:__future__,FROM_IMPORT,__future__.annotations,test/test_observability_preflight.py:1
test/test_observability_preflight.py,external:logging,IMPORT,logging,test/test_observability_preflight.py:3
test/test_observability_preflight.py,external:datetime,FROM_IMPORT,datetime.UTC,test/test_observability_preflight.py:4
test/test_observability_preflight.py,external:datetime,FROM_IMPORT,datetime.datetime,test/test_observability_preflight.py:4
test/test_observability_preflight.py,external:types,FROM_IMPORT,types.SimpleNamespace,test/test_observability_preflight.py:5
test/test_observability_preflight.py,external:typing,FROM_IMPORT,typing.Any,test/test_observability_preflight.py:6
test/test_observability_preflight.py,external:uuid,FROM_IMPORT,uuid.uuid4,test/test_observability_preflight.py:7
test/test_observability_preflight.py,external:pytest,IMPORT,pytest,test/test_observability_preflight.py:9
test/test_observability_preflight.py,src/agent_execution/brain_action_loop.py,FROM_IMPORT,agent_execution.brain_action_loop.DefaultBrainActionLoop,test/test_observability_preflight.py:11
test/test_observability_preflight.py,src/agent_execution/facade.py,FROM_IMPORT,agent_execution.facade.ExecutionRequest,test/test_observability_preflight.py:12
test/test_observability_preflight.py,src/agent_execution/facade.py,FROM_IMPORT,agent_execution.facade.ExecutionResult,test/test_observability_preflight.py:12
test/test_observability_preflight.py,src/agent_execution/facade.py,FROM_IMPORT,agent_execution.facade.NullExecutionAuditSink,test/test_observability_preflight.py:12
test/test_observability_preflight.py,src/agent_execution/facade.py,FROM_IMPORT,agent_execution.facade.StableExecutionFailure,test/test_observability_preflight.py:12
test/test_observability_preflight.py,src/agent_execution/qq_host.py,FROM_IMPORT,agent_execution.qq_host.QQExecutionHost,test/test_observability_preflight.py:18
test/test_observability_preflight.py,src/agent_execution/qq_host.py,FROM_IMPORT,agent_execution.qq_host.QQLegacyContextProvider,test/test_observability_preflight.py:18
test/test_observability_preflight.py,src/agent_execution/qq_host.py,FROM_IMPORT,agent_execution.qq_host.TurnMemoryQQRetentionSink,test/test_observability_preflight.py:18
test/test_observability_preflight.py,src/agent_execution/qq_host.py,FROM_IMPORT,agent_execution.qq_host.qq_execution_id,test/test_observability_preflight.py:18
test/test_observability_preflight.py,src/agent_execution/web_host.py,FROM_IMPORT,agent_execution.web_host.WebExecutionHost,test/test_observability_preflight.py:24
test/test_observability_preflight.py,src/application/context_assembly.py,FROM_IMPORT,application.context_assembly.ContextAssemblyService,test/test_observability_preflight.py:25
test/test_observability_preflight.py,src/application/context_assembly.py,FROM_IMPORT,application.context_assembly.WebContextBase,test/test_observability_preflight.py:25
test/test_observability_viewer.py,external:__future__,FROM_IMPORT,__future__.annotations,test/test_observability_viewer.py:1
test/test_observability_viewer.py,external:importlib.util,IMPORT,importlib,test/test_observability_viewer.py:3
test/test_observability_viewer.py,external:json,IMPORT,json,test/test_observability_viewer.py:4
test/test_observability_viewer.py,external:pathlib,FROM_IMPORT,pathlib.Path,test/test_observability_viewer.py:5
test/test_observability_viewer.py,external:types,FROM_IMPORT,types.SimpleNamespace,test/test_observability_viewer.py:6
test/test_observability_viewer.py,external:typing,FROM_IMPORT,typing.Any,test/test_observability_viewer.py:7
test/test_observability_viewer.py,external:pytest,IMPORT,pytest,test/test_observability_viewer.py:9
test/test_observability_viewer.py,external:sys,IMPORT,sys,test/test_observability_viewer.py:17
test/test_qq_execution_compat.py,external:__future__,FROM_IMPORT,__future__.annotations,test/test_qq_execution_compat.py:1
test/test_qq_execution_compat.py,external:pytest,IMPORT,pytest,test/test_qq_execution_compat.py:3
test/test_qq_execution_compat.py,src/agent_execution/facade.py,FROM_IMPORT,agent_execution.facade.ExecutionRequest,test/test_qq_execution_compat.py:5
test/test_qq_execution_compat.py,src/agent_execution/facade.py,FROM_IMPORT,agent_execution.facade.ExecutionResult,test/test_qq_execution_compat.py:5
test/test_qq_execution_compat.py,src/agent_execution/qq_host.py,FROM_IMPORT,agent_execution.qq_host.QQLegacyRequestLoader,test/test_qq_execution_compat.py:6
test/test_qq_execution_compat.py,src/agent_execution/qq_host.py,FROM_IMPORT,agent_execution.qq_host.ReplyServiceQQEventSinkFactory,test/test_qq_execution_compat.py:6
test/test_qq_execution_compat.py,src/agent_execution/qq_host.py,FROM_IMPORT,agent_execution.qq_host.TurnMemoryQQAuditSinkFactory,test/test_qq_execution_compat.py:6
test/test_qq_execution_compat.py,src/agent_execution/qq_host.py,FROM_IMPORT,agent_execution.qq_host.TurnMemoryQQRetentionSink,test/test_qq_execution_compat.py:6
test/test_qq_execution_compat.py,src/application/reply.py,FROM_IMPORT,application.reply.ReplyService,test/test_qq_execution_compat.py:12
test/test_qq_execution_compat.py,src/harness/activities.py,FROM_IMPORT,harness.activities.inject_services,test/test_qq_execution_compat.py:13
test/test_qq_execution_compat.py,src/harness/activities.py,FROM_IMPORT,harness.activities.process_turn_activity,test/test_qq_execution_compat.py:13
test/test_qq_retention_document.py,external:os,IMPORT,os,test/test_qq_retention_document.py:8
test/test_qq_retention_document.py,external:sys,IMPORT,sys,test/test_qq_retention_document.py:9
test/test_qq_retention_document.py,external:pytest,IMPORT,pytest,test/test_qq_retention_document.py:11
test/test_qq_retention_document.py,src/agent_execution/facade.py,FROM_IMPORT,agent_execution.facade.ExecutionRequest,test/test_qq_retention_document.py:15
test/test_qq_retention_document.py,src/agent_execution/facade.py,FROM_IMPORT,agent_execution.facade.ExecutionResult,test/test_qq_retention_document.py:15
test/test_qq_retention_document.py,src/agent_execution/qq_host.py,FROM_IMPORT,agent_execution.qq_host.TurnMemoryQQRetentionSink,test/test_qq_retention_document.py:16
test/test_research_domain.py,external:__future__,FROM_IMPORT,__future__.annotations,test/test_research_domain.py:1
test/test_research_domain.py,external:sys,IMPORT,sys,test/test_research_domain.py:3
test/test_research_domain.py,external:types,FROM_IMPORT,types.SimpleNamespace,test/test_research_domain.py:4
test/test_research_domain.py,external:httpx,IMPORT,httpx,test/test_research_domain.py:6
test/test_research_domain.py,external:pytest,IMPORT,pytest,test/test_research_domain.py:7
test/test_research_domain.py,src/orchestration/config.py,FROM_IMPORT,orchestration.config.AppConfig,test/test_research_domain.py:9
test/test_research_domain.py,src/research_adapters/discovery.py,FROM_IMPORT,research_adapters.discovery.CompositeSourceDiscoveryProvider,test/test_research_domain.py:10
test/test_research_domain.py,src/research_adapters/discovery.py,FROM_IMPORT,research_adapters.discovery.GitHubDiscoveryProvider,test/test_research_domain.py:10
test/test_research_domain.py,src/research_adapters/discovery.py,FROM_IMPORT,research_adapters.discovery.RSSDiscoveryProvider,test/test_research_domain.py:10
test/test_research_domain.py,src/research_adapters/synthesis.py,FROM_IMPORT,research_adapters.synthesis.ResourcePoolResearchSynthesizer,test/test_research_domain.py:15
test/test_research_domain.py,src/research_adapters/web.py,FROM_IMPORT,research_adapters.web.PlaywrightBrowserFetchProvider,test/test_research_domain.py:16
test/test_research_domain.py,src/research_adapters/web.py,FROM_IMPORT,research_adapters.web.SearXNGDiscoveryProvider,test/test_research_domain.py:16
test/test_research_domain.py,src/research_adapters/web.py,FROM_IMPORT,research_adapters.web.StaticWebContentProvider,test/test_research_domain.py:16
test/test_research_domain.py,src/research_domain/models.py,FROM_IMPORT,research_domain.models.ClaimDraft,test/test_research_domain.py:21
test/test_research_domain.py,src/research_domain/models.py,FROM_IMPORT,research_domain.models.SourceCandidate,test/test_research_domain.py:21
test/test_research_domain.py,src/research_domain/models.py,FROM_IMPORT,research_domain.models.SourceStrategy,test/test_research_domain.py:21
test/test_research_domain.py,src/research_domain/models.py,FROM_IMPORT,research_domain.models.content_sha256,test/test_research_domain.py:21
test/test_research_schedule.py,external:__future__,FROM_IMPORT,__future__.annotations,test/test_research_schedule.py:1
test/test_research_schedule.py,external:uuid,FROM_IMPORT,uuid.uuid4,test/test_research_schedule.py:3
test/test_research_schedule.py,external:pytest,IMPORT,pytest,test/test_research_schedule.py:5
test/test_research_schedule.py,src/orchestration/research_schedule.py,FROM_IMPORT,orchestration.research_schedule.ResearchScheduleManager,test/test_research_schedule.py:7
test/test_research_temporal_contract.py,external:__future__,FROM_IMPORT,__future__.annotations,test/test_research_temporal_contract.py:1
test/test_research_temporal_contract.py,external:ast,IMPORT,ast,test/test_research_temporal_contract.py:3
test/test_research_temporal_contract.py,external:inspect,IMPORT,inspect,test/test_research_temporal_contract.py:4
test/test_research_temporal_contract.py,external:uuid,FROM_IMPORT,uuid.UUID,test/test_research_temporal_contract.py:5
test/test_research_temporal_contract.py,external:pytest,IMPORT,pytest,test/test_research_temporal_contract.py:7
test/test_research_temporal_contract.py,src/orchestration/research_workflow.py,FROM_IMPORT,orchestration.research_workflow.RESEARCH_WORKFLOW_SCHEMA_VERSION,test/test_research_temporal_contract.py:9
test/test_research_temporal_contract.py,src/orchestration/research_workflow.py,FROM_IMPORT,orchestration.research_workflow.ResearchIterationInput,test/test_research_temporal_contract.py:9
test/test_research_temporal_contract.py,src/orchestration/research_workflow.py,FROM_IMPORT,orchestration.research_workflow.ResearchReportWorkflow,test/test_research_temporal_contract.py:9
test/test_research_temporal_contract.py,src/orchestration/research_workflow.py,FROM_IMPORT,orchestration.research_workflow.ResearchWorkflowInput,test/test_research_temporal_contract.py:9
test/test_research_temporal_contract.py,src/orchestration/web_dispatcher.py,FROM_IMPORT,orchestration.web_dispatcher.StartDecision,test/test_research_temporal_contract.py:15
test/test_research_temporal_contract.py,src/orchestration/web_dispatcher.py,FROM_IMPORT,orchestration.web_dispatcher.TemporalOutboxDispatcher,test/test_research_temporal_contract.py:15
test/test_research_temporal_integration.py,external:__future__,FROM_IMPORT,__future__.annotations,test/test_research_temporal_integration.py:1
test/test_research_temporal_integration.py,external:os,IMPORT,os,test/test_research_temporal_integration.py:3
test/test_research_temporal_integration.py,external:uuid,FROM_IMPORT,uuid.uuid4,test/test_research_temporal_integration.py:4
test/test_research_temporal_integration.py,external:pytest,IMPORT,pytest,test/test_research_temporal_integration.py:6
test/test_research_temporal_integration.py,external:google.protobuf.duration_pb2,FROM_IMPORT,google.protobuf.duration_pb2.Duration,test/test_research_temporal_integration.py:7
test/test_research_temporal_integration.py,external:temporalio,FROM_IMPORT,temporalio.activity,test/test_research_temporal_integration.py:8
test/test_research_temporal_integration.py,external:temporalio.api.workflowservice.v1,FROM_IMPORT,temporalio.api.workflowservice.v1.RegisterNamespaceRequest,test/test_research_temporal_integration.py:9
test/test_research_temporal_integration.py,external:temporalio.client,FROM_IMPORT,temporalio.client.Client,test/test_research_temporal_integration.py:10
test/test_research_temporal_integration.py,external:temporalio.service,FROM_IMPORT,temporalio.service.RPCError,test/test_research_temporal_integration.py:11
test/test_research_temporal_integration.py,external:temporalio.service,FROM_IMPORT,temporalio.service.RPCStatusCode,test/test_research_temporal_integration.py:11
test/test_research_temporal_integration.py,external:temporalio.worker,FROM_IMPORT,temporalio.worker.Replayer,test/test_research_temporal_integration.py:12
test/test_research_temporal_integration.py,external:temporalio.worker,FROM_IMPORT,temporalio.worker.Worker,test/test_research_temporal_integration.py:12
test/test_research_temporal_integration.py,src/orchestration/research_workflow.py,FROM_IMPORT,orchestration.research_workflow.ResearchIterationInput,test/test_research_temporal_integration.py:14
test/test_research_temporal_integration.py,src/orchestration/research_workflow.py,FROM_IMPORT,orchestration.research_workflow.ResearchReportWorkflow,test/test_research_temporal_integration.py:14
test/test_research_temporal_integration.py,src/orchestration/research_workflow.py,FROM_IMPORT,orchestration.research_workflow.ResearchWorkflowInput,test/test_research_temporal_integration.py:14
test/test_research_temporal_integration.py,src/orchestration/web_dispatcher.py,FROM_IMPORT,orchestration.web_dispatcher.TemporalClientAdapter,test/test_research_temporal_integration.py:19
test/test_research_temporal_integration.py,src/orchestration/web_workflow.py,FROM_IMPORT,orchestration.web_workflow.WEB_LIFECYCLE_TASK_QUEUE,test/test_research_temporal_integration.py:20
test/test_research_worker_kill.py,external:__future__,FROM_IMPORT,__future__.annotations,test/test_research_worker_kill.py:1
test/test_research_worker_kill.py,external:asyncio,IMPORT,asyncio,test/test_research_worker_kill.py:3
test/test_research_worker_kill.py,external:os,IMPORT,os,test/test_research_worker_kill.py:4
test/test_research_worker_kill.py,external:sys,IMPORT,sys,test/test_research_worker_kill.py:5
test/test_research_worker_kill.py,external:pathlib,FROM_IMPORT,pathlib.Path,test/test_research_worker_kill.py:6
test/test_research_worker_kill.py,external:uuid,FROM_IMPORT,uuid.uuid4,test/test_research_worker_kill.py:7
test/test_research_worker_kill.py,external:pytest,IMPORT,pytest,test/test_research_worker_kill.py:9
test/test_research_worker_kill.py,external:temporalio.client,FROM_IMPORT,temporalio.client.Client,test/test_research_worker_kill.py:10
test/test_research_worker_kill.py,src/orchestration/research_workflow.py,FROM_IMPORT,orchestration.research_workflow.ResearchReportWorkflow,test/test_research_worker_kill.py:12
test/test_research_worker_kill.py,src/orchestration/research_workflow.py,FROM_IMPORT,orchestration.research_workflow.ResearchWorkflowInput,test/test_research_worker_kill.py:12
test/test_research_worker_kill.py,src/orchestration/web_workflow.py,FROM_IMPORT,orchestration.web_workflow.WEB_LIFECYCLE_TASK_QUEUE,test/test_research_worker_kill.py:13
test/test_run_budget.py,external:__future__,FROM_IMPORT,__future__.annotations,test/test_run_budget.py:1
test/test_run_budget.py,external:types,FROM_IMPORT,types.SimpleNamespace,test/test_run_budget.py:3
test/test_run_budget.py,external:pytest,IMPORT,pytest,test/test_run_budget.py:5
test/test_run_budget.py,src/agent_execution/model_budget_context.py,FROM_IMPORT,agent_execution.model_budget_context.current_model_budget,test/test_run_budget.py:7
test/test_run_budget.py,src/agent_execution/model_budget_context.py,FROM_IMPORT,agent_execution.model_budget_context.model_budget_scope,test/test_run_budget.py:7
test/test_run_budget.py,src/agent_execution/run_budget.py,FROM_IMPORT,agent_execution.run_budget.DIMENSIONS,test/test_run_budget.py:8
test/test_run_budget.py,src/agent_execution/run_budget.py,FROM_IMPORT,agent_execution.run_budget.RunBudgetConflict,test/test_run_budget.py:8
test/test_run_budget.py,src/agent_execution/run_budget.py,FROM_IMPORT,agent_execution.run_budget._amounts,test/test_run_budget.py:8
test/test_run_budget.py,src/common/errors.py,FROM_IMPORT,common.errors.ModelAPIError,test/test_run_budget.py:9
test/test_run_budget.py,src/common/model_usage.py,FROM_IMPORT,common.model_usage.canonical_model_usage,test/test_run_budget.py:10
test/test_run_budget.py,src/common/types.py,FROM_IMPORT,common.types.ModelResponse,test/test_run_budget.py:11
test/test_run_budget.py,src/resources/resource_pool.py,FROM_IMPORT,resources.resource_pool.ResourcePool,test/test_run_budget.py:12
test/test_run_budget.py,src/web_domain/run_usage_projection.py,FROM_IMPORT,web_domain.run_usage_projection.budget_dto,test/test_run_budget.py:13
test/test_run_file_workspace.py,external:__future__,FROM_IMPORT,__future__.annotations,test/test_run_file_workspace.py:1
test/test_run_file_workspace.py,external:pathlib,FROM_IMPORT,pathlib.Path,test/test_run_file_workspace.py:3
test/test_run_file_workspace.py,external:uuid,FROM_IMPORT,uuid.uuid4,test/test_run_file_workspace.py:4
test/test_run_file_workspace.py,external:pytest,IMPORT,pytest,test/test_run_file_workspace.py:6
test/test_run_file_workspace.py,src/file_runtime/__init__.py,FROM_IMPORT,file_runtime.FileResourceResolver,test/test_run_file_workspace.py:8
test/test_run_file_workspace.py,src/storage/tenant_file_store.py,FROM_IMPORT,storage.tenant_file_store.TenantFileStore,test/test_run_file_workspace.py:9
test/test_run_file_workspace.py,src/workspace/file_scope.py,FROM_IMPORT,workspace.file_scope.RunFileScopeUnavailable,test/test_run_file_workspace.py:10
test/test_run_file_workspace.py,src/workspace/file_scope.py,FROM_IMPORT,workspace.file_scope.RunFileWorkspace,test/test_run_file_workspace.py:10
test/test_tenant_file_store.py,external:__future__,FROM_IMPORT,__future__.annotations,test/test_tenant_file_store.py:1
test/test_tenant_file_store.py,external:asyncio,IMPORT,asyncio,test/test_tenant_file_store.py:3
test/test_tenant_file_store.py,external:hashlib,IMPORT,hashlib,test/test_tenant_file_store.py:4
test/test_tenant_file_store.py,external:pathlib,FROM_IMPORT,pathlib.Path,test/test_tenant_file_store.py:5
test/test_tenant_file_store.py,external:uuid,FROM_IMPORT,uuid.uuid4,test/test_tenant_file_store.py:6
test/test_tenant_file_store.py,external:pytest,IMPORT,pytest,test/test_tenant_file_store.py:8
test/test_tenant_file_store.py,src/storage/tenant_file_store.py,FROM_IMPORT,storage.tenant_file_store.FileEncodingUnsupported,test/test_tenant_file_store.py:10
test/test_tenant_file_store.py,src/storage/tenant_file_store.py,FROM_IMPORT,storage.tenant_file_store.FileHashMismatch,test/test_tenant_file_store.py:10
test/test_tenant_file_store.py,src/storage/tenant_file_store.py,FROM_IMPORT,storage.tenant_file_store.FileStoreError,test/test_tenant_file_store.py:10
test/test_tenant_file_store.py,src/storage/tenant_file_store.py,FROM_IMPORT,storage.tenant_file_store.FileTooLarge,test/test_tenant_file_store.py:10
test/test_tenant_file_store.py,src/storage/tenant_file_store.py,FROM_IMPORT,storage.tenant_file_store.TenantFileStore,test/test_tenant_file_store.py:10
test/test_tool_execution_approval_temporal.py,external:__future__,FROM_IMPORT,__future__.annotations,test/test_tool_execution_approval_temporal.py:1
test/test_tool_execution_approval_temporal.py,external:asyncio,IMPORT,asyncio,test/test_tool_execution_approval_temporal.py:3
test/test_tool_execution_approval_temporal.py,external:os,IMPORT,os,test/test_tool_execution_approval_temporal.py:4
test/test_tool_execution_approval_temporal.py,external:datetime,FROM_IMPORT,datetime.UTC,test/test_tool_execution_approval_temporal.py:5
test/test_tool_execution_approval_temporal.py,external:datetime,FROM_IMPORT,datetime.datetime,test/test_tool_execution_approval_temporal.py:5
test/test_tool_execution_approval_temporal.py,external:datetime,FROM_IMPORT,datetime.timedelta,test/test_tool_execution_approval_temporal.py:5
test/test_tool_execution_approval_temporal.py,external:uuid,FROM_IMPORT,uuid.uuid4,test/test_tool_execution_approval_temporal.py:6
test/test_tool_execution_approval_temporal.py,external:pytest,IMPORT,pytest,test/test_tool_execution_approval_temporal.py:8
test/test_tool_execution_approval_temporal.py,external:temporalio,FROM_IMPORT,temporalio.activity,test/test_tool_execution_approval_temporal.py:9
test/test_tool_execution_approval_temporal.py,external:temporalio.client,FROM_IMPORT,temporalio.client.Client,test/test_tool_execution_approval_temporal.py:10
test/test_tool_execution_approval_temporal.py,external:temporalio.worker,FROM_IMPORT,temporalio.worker.Worker,test/test_tool_execution_approval_temporal.py:11
test/test_tool_execution_approval_temporal.py,src/agent_workflows/contracts.py,FROM_IMPORT,agent_workflows.contracts.AGENT_SCHEMA_VERSION,test/test_tool_execution_approval_temporal.py:13
test/test_tool_execution_approval_temporal.py,src/agent_workflows/contracts.py,FROM_IMPORT,agent_workflows.contracts.AGENT_TASK_QUEUE,test/test_tool_execution_approval_temporal.py:13
test/test_tool_execution_approval_temporal.py,src/agent_workflows/contracts.py,FROM_IMPORT,agent_workflows.contracts.ApprovalDecisionSignal,test/test_tool_execution_approval_temporal.py:13
test/test_tool_execution_approval_temporal.py,src/agent_workflows/contracts.py,FROM_IMPORT,agent_workflows.contracts.ApprovalStatusInput,test/test_tool_execution_approval_temporal.py:13
test/test_tool_execution_approval_temporal.py,src/agent_workflows/contracts.py,FROM_IMPORT,agent_workflows.contracts.ApprovalStatusResult,test/test_tool_execution_approval_temporal.py:13
test/test_tool_execution_approval_temporal.py,src/agent_workflows/contracts.py,FROM_IMPORT,agent_workflows.contracts.ApprovedToolExecutionInput,test/test_tool_execution_approval_temporal.py:13
test/test_tool_execution_approval_temporal.py,src/agent_workflows/contracts.py,FROM_IMPORT,agent_workflows.contracts.ApprovedToolExecutionResult,test/test_tool_execution_approval_temporal.py:13
test/test_tool_execution_approval_temporal.py,src/agent_workflows/contracts.py,FROM_IMPORT,agent_workflows.contracts.CompactToolCall,test/test_tool_execution_approval_temporal.py:13
test/test_tool_execution_approval_temporal.py,src/agent_workflows/contracts.py,FROM_IMPORT,agent_workflows.contracts.ToolExecutionInput,test/test_tool_execution_approval_temporal.py:13
test/test_tool_execution_approval_temporal.py,src/agent_workflows/contracts.py,FROM_IMPORT,agent_workflows.contracts.ToolExecutionResult,test/test_tool_execution_approval_temporal.py:13
test/test_tool_execution_approval_temporal.py,src/agent_workflows/tool_execution.py,FROM_IMPORT,agent_workflows.tool_execution.ToolExecutionWorkflow,test/test_tool_execution_approval_temporal.py:25
test/test_tool_execution_approval_temporal.py,src/agent_workflows/tool_execution.py,FROM_IMPORT,agent_workflows.tool_execution.tool_execution_workflow_id,test/test_tool_execution_approval_temporal.py:25
test/test_tool_router.py,external:__future__,FROM_IMPORT,__future__.annotations,test/test_tool_router.py:1
test/test_tool_router.py,external:asyncio,IMPORT,asyncio,test/test_tool_router.py:3
test/test_tool_router.py,external:pytest,IMPORT,pytest,test/test_tool_router.py:4
test/test_tool_router.py,external:langchain_core.tools,FROM_IMPORT,langchain_core.tools.StructuredTool,test/test_tool_router.py:5
test/test_tool_router.py,external:pydantic,FROM_IMPORT,pydantic.BaseModel,test/test_tool_router.py:6
test/test_tool_router.py,src/sandbox/tools/registry.py,FROM_IMPORT,sandbox.tools.registry.ToolRegistry,test/test_tool_router.py:8
test/test_tool_router.py,src/sandbox/tools/routing/capability.py,FROM_IMPORT,sandbox.tools.routing.capability.CapabilityMatcher,test/test_tool_router.py:9
test/test_tool_router.py,src/sandbox/tools/routing/contracts.py,FROM_IMPORT,sandbox.tools.routing.contracts.NATIVE_ROUTING_SPECS,test/test_tool_router.py:10
test/test_tool_router.py,src/sandbox/tools/routing/contracts.py,FROM_IMPORT,sandbox.tools.routing.contracts.routing_for,test/test_tool_router.py:10
test/test_tool_router.py,src/sandbox/tools/routing/models.py,FROM_IMPORT,sandbox.tools.routing.models.ResourceFact,test/test_tool_router.py:11
test/test_tool_router.py,src/sandbox/tools/routing/models.py,FROM_IMPORT,sandbox.tools.routing.models.ResourceScope,test/test_tool_router.py:11
test/test_tool_router.py,src/sandbox/tools/routing/models.py,FROM_IMPORT,sandbox.tools.routing.models.RuntimeCapabilitySnapshot,test/test_tool_router.py:11
test/test_tool_router.py,src/sandbox/tools/routing/models.py,FROM_IMPORT,sandbox.tools.routing.models.ScoredCandidate,test/test_tool_router.py:11
test/test_tool_router.py,src/sandbox/tools/routing/models.py,FROM_IMPORT,sandbox.tools.routing.models.SemanticRetrievalResult,test/test_tool_router.py:11
test/test_tool_router.py,src/sandbox/tools/routing/models.py,FROM_IMPORT,sandbox.tools.routing.models.ToolExposure,test/test_tool_router.py:11
test/test_tool_router.py,src/sandbox/tools/routing/models.py,FROM_IMPORT,sandbox.tools.routing.models.ToolRoutingConfigurationError,test/test_tool_router.py:11
test/test_tool_router.py,src/sandbox/tools/routing/models.py,FROM_IMPORT,sandbox.tools.routing.models.ToolRoutingSpec,test/test_tool_router.py:11
test/test_tool_router.py,src/sandbox/tools/routing/policy.py,FROM_IMPORT,sandbox.tools.routing.policy.CandidatePolicy,test/test_tool_router.py:16
test/test_tool_router.py,src/sandbox/tools/routing/router.py,FROM_IMPORT,sandbox.tools.routing.router.ToolRouter,test/test_tool_router.py:17
test/test_tool_vector_store.py,external:typing,FROM_IMPORT,typing.Optional,test/test_tool_vector_store.py:1
test/test_tool_vector_store.py,external:langchain_core.tools,FROM_IMPORT,langchain_core.tools.StructuredTool,test/test_tool_vector_store.py:3
test/test_tool_vector_store.py,external:pydantic,FROM_IMPORT,pydantic.BaseModel,test/test_tool_vector_store.py:4
test/test_tool_vector_store.py,external:pydantic,FROM_IMPORT,pydantic.Field,test/test_tool_vector_store.py:4
test/test_tool_vector_store.py,src/sandbox/tools/retriever.py,FROM_IMPORT,sandbox.tools.retriever.ToolVectorStore,test/test_tool_vector_store.py:6
test/test_tool_vector_store.py,src/sandbox/tools/retriever.py,FROM_IMPORT,sandbox.tools.retriever._tool_definition_hash,test/test_tool_vector_store.py:6
test/test_trace_events.py,external:__future__,FROM_IMPORT,__future__.annotations,test/test_trace_events.py:1
test/test_trace_events.py,external:json,IMPORT,json,test/test_trace_events.py:3
test/test_trace_events.py,external:datetime,FROM_IMPORT,datetime.UTC,test/test_trace_events.py:4
test/test_trace_events.py,external:datetime,FROM_IMPORT,datetime.datetime,test/test_trace_events.py:4
test/test_trace_events.py,external:types,FROM_IMPORT,types.SimpleNamespace,test/test_trace_events.py:5
test/test_trace_events.py,external:uuid,FROM_IMPORT,uuid.uuid4,test/test_trace_events.py:6
test/test_trace_events.py,external:pytest,IMPORT,pytest,test/test_trace_events.py:8
test/test_trace_events.py,src/agent_activities/runtime.py,FROM_IMPORT,agent_activities.runtime.DurableAgentActivities,test/test_trace_events.py:10
test/test_trace_events.py,src/agent_activities/store.py,FROM_IMPORT,agent_activities.store.ToolOperationState,test/test_trace_events.py:11
test/test_trace_events.py,src/agent_execution/facade.py,FROM_IMPORT,agent_execution.facade.ExecutionRequest,test/test_trace_events.py:12
test/test_trace_events.py,src/agent_execution/tracing/__init__.py,FROM_IMPORT,agent_execution.tracing.TraceEvent,test/test_trace_events.py:13
test/test_trace_events.py,src/agent_execution/tracing/__init__.py,FROM_IMPORT,agent_execution.tracing.TraceEventNode,test/test_trace_events.py:13
test/test_trace_events.py,src/agent_execution/tracing/__init__.py,FROM_IMPORT,agent_execution.tracing.TraceLifecycleObserver,test/test_trace_events.py:13
test/test_trace_events.py,src/agent_execution/tracing/__init__.py,FROM_IMPORT,agent_execution.tracing.TraceRun,test/test_trace_events.py:13
test/test_trace_events.py,src/agent_execution/tracing/__init__.py,FROM_IMPORT,agent_execution.tracing.TraceTree,test/test_trace_events.py:13
test/test_trace_events.py,src/agent_execution/tracing/__init__.py,FROM_IMPORT,agent_execution.tracing.model_observation_metadata,test/test_trace_events.py:13
test/test_trace_events.py,src/agent_execution/tracing/__init__.py,FROM_IMPORT,agent_execution.tracing.sanitize_trace_metadata,test/test_trace_events.py:13
test/test_trace_events.py,src/agent_execution/tracing/__init__.py,FROM_IMPORT,agent_execution.tracing.trace_node_id,test/test_trace_events.py:13
test/test_trace_events.py,src/agent_execution/tracing/sink.py,FROM_IMPORT,agent_execution.tracing.sink.TraceEventSink,test/test_trace_events.py:23
test/test_trace_events.py,src/agent_execution/tracing/sink.py,FROM_IMPORT,agent_execution.tracing.sink.TracingWebEventSinkFactory,test/test_trace_events.py:23
test/test_trace_events.py,src/agent_execution/web_events.py,FROM_IMPORT,agent_execution.web_events.RedisWebRunEventSinkFactory,test/test_trace_events.py:24
test/test_trace_events.py,src/agent_execution/web_host.py,FROM_IMPORT,agent_execution.web_host.WebExecutionHost,test/test_trace_events.py:25
test/test_trace_events.py,src/agent_workflows/contracts.py,FROM_IMPORT,agent_workflows.contracts.AGENT_SCHEMA_VERSION,test/test_trace_events.py:26
test/test_trace_events.py,src/agent_workflows/contracts.py,FROM_IMPORT,agent_workflows.contracts.CompactToolCall,test/test_trace_events.py:26
test/test_trace_events.py,src/agent_workflows/contracts.py,FROM_IMPORT,agent_workflows.contracts.ContextBootstrapInput,test/test_trace_events.py:26
test/test_trace_events.py,src/agent_workflows/contracts.py,FROM_IMPORT,agent_workflows.contracts.ToolExecutionInput,test/test_trace_events.py:26
test/test_trace_events.py,src/web_api/queries.py,FROM_IMPORT,web_api.queries.trace_tree_dto,test/test_trace_events.py:32
test/test_unbound_identity.py,external:logging,IMPORT,logging,test/test_unbound_identity.py:13
test/test_unbound_identity.py,external:os,IMPORT,os,test/test_unbound_identity.py:14
test/test_unbound_identity.py,external:sys,IMPORT,sys,test/test_unbound_identity.py:15
test/test_unbound_identity.py,external:pathlib,FROM_IMPORT,pathlib.Path,test/test_unbound_identity.py:16
test/test_unbound_identity.py,external:pytest,IMPORT,pytest,test/test_unbound_identity.py:18
test/test_unbound_identity.py,src/account/postgres_account_service.py,FROM_IMPORT,account.postgres_account_service.IdentityResolutionUnavailable,test/test_unbound_identity.py:22
test/test_unbound_identity.py,src/account/postgres_account_service.py,FROM_IMPORT,account.postgres_account_service.PostgresAccountService,test/test_unbound_identity.py:22
test/test_unbound_identity.py,src/application/conversation.py,FROM_IMPORT,application.conversation.ConversationService,test/test_unbound_identity.py:26
test/test_unbound_identity.py,src/application/conversation.py,FROM_IMPORT,application.conversation.UnboundIdentity,test/test_unbound_identity.py:26
test/test_unbound_identity.py,src/application/ingress.py,FROM_IMPORT,application.ingress.IDENTITY_RESOLUTION_UNAVAILABLE_REPLY,test/test_unbound_identity.py:27
test/test_unbound_identity.py,src/application/ingress.py,FROM_IMPORT,application.ingress.UNBOUND_REPLY,test/test_unbound_identity.py:27
test/test_unbound_identity.py,src/application/ingress.py,FROM_IMPORT,application.ingress.MessageIngressService,test/test_unbound_identity.py:27
test/test_unbound_identity.py,src/common/types.py,FROM_IMPORT,common.types.ChannelType,test/test_unbound_identity.py:32
test/test_unbound_identity.py,src/common/types.py,FROM_IMPORT,common.types.UnifiedMessage,test/test_unbound_identity.py:32
test/test_web_artifacts.py,external:__future__,FROM_IMPORT,__future__.annotations,test/test_web_artifacts.py:1
test/test_web_artifacts.py,external:asyncio,IMPORT,asyncio,test/test_web_artifacts.py:3
test/test_web_artifacts.py,external:dataclasses,FROM_IMPORT,dataclasses.dataclass,test/test_web_artifacts.py:4
test/test_web_artifacts.py,external:uuid,FROM_IMPORT,uuid.uuid4,test/test_web_artifacts.py:5
test/test_web_artifacts.py,external:pytest,IMPORT,pytest,test/test_web_artifacts.py:7
test/test_web_artifacts.py,src/orchestration/artifact_dispatcher.py,FROM_IMPORT,orchestration.artifact_dispatcher.ArtifactOutboxDispatcher,test/test_web_artifacts.py:9
test/test_web_artifacts.py,src/orchestration/artifact_dispatcher.py,FROM_IMPORT,orchestration.artifact_dispatcher.artifact_workflow_id,test/test_web_artifacts.py:9
test/test_web_artifacts.py,src/web_artifacts/generator.py,FROM_IMPORT,web_artifacts.generator.ArtifactGenerationError,test/test_web_artifacts.py:10
test/test_web_artifacts.py,src/web_artifacts/generator.py,FROM_IMPORT,web_artifacts.generator.WebArtifactGenerator,test/test_web_artifacts.py:10
test/test_web_background_tasks.py,external:asyncio,IMPORT,asyncio,test/test_web_background_tasks.py:12
test/test_web_background_tasks.py,external:uuid,IMPORT,uuid,test/test_web_background_tasks.py:13
test/test_web_background_tasks.py,external:pytest,IMPORT,pytest,test/test_web_background_tasks.py:15
test/test_web_background_tasks.py,src/orchestration/web_workers.py,FROM_IMPORT,orchestration.web_workers.WebTemporalWorkers,test/test_web_background_tasks.py:17
test/test_web_background_tasks.py,src/orchestration/worker.py,FROM_IMPORT,orchestration.worker.WebWorkerComposition,test/test_web_background_tasks.py:18
test/test_web_background_tasks.py,src/orchestration/worker.py,FROM_IMPORT,orchestration.worker._build_web_background_tasks,test/test_web_background_tasks.py:18
test/test_web_background_tasks.py,src/application/memory_retention.py,FROM_IMPORT,application.memory_retention.RetainOutcome,test/test_web_background_tasks.py:94
test/test_web_outbox_recovery.py,external:__future__,FROM_IMPORT,__future__.annotations,test/test_web_outbox_recovery.py:16
test/test_web_outbox_recovery.py,external:asyncio,IMPORT,asyncio,test/test_web_outbox_recovery.py:18
test/test_web_outbox_recovery.py,external:pytest,IMPORT,pytest,test/test_web_outbox_recovery.py:20
test/test_web_outbox_recovery.py,src/account/validation.py,FROM_IMPORT,account.validation.validate_unified_account_backend,test/test_web_outbox_recovery.py:22
test/test_web_outbox_recovery.py,src/orchestration/config.py,FROM_IMPORT,orchestration.config.AppConfig,test/test_web_outbox_recovery.py:23
test/test_web_outbox_recovery.py,src/orchestration/config.py,FROM_IMPORT,orchestration.config.TemporalConfig,test/test_web_outbox_recovery.py:23
test/test_web_outbox_recovery.py,src/orchestration/web_dispatcher.py,FROM_IMPORT,orchestration.web_dispatcher.run_web_outbox_recovery_loop,test/test_web_outbox_recovery.py:24
test/test_web_outbox_recovery.py,src/orchestration/web_workers.py,FROM_IMPORT,orchestration.web_workers.WEB_REAL_AGENT_GATE_VERSION,test/test_web_outbox_recovery.py:25
test/test_web_outbox_recovery.py,src/orchestration/web_workers.py,FROM_IMPORT,orchestration.web_workers.validate_web_worker_startup,test/test_web_outbox_recovery.py:25
test/test_web_outbox_recovery.py,src/web_domain/outbox.py,FROM_IMPORT,web_domain.outbox.WEB_OUTBOX_RECOVERY_EVENT_TYPES,test/test_web_outbox_recovery.py:29
test/test_web_temporal_contract.py,external:__future__,FROM_IMPORT,__future__.annotations,test/test_web_temporal_contract.py:1
test/test_web_temporal_contract.py,external:ast,IMPORT,ast,test/test_web_temporal_contract.py:3
test/test_web_temporal_contract.py,external:asyncio,IMPORT,asyncio,test/test_web_temporal_contract.py:4
test/test_web_temporal_contract.py,external:inspect,IMPORT,inspect,test/test_web_temporal_contract.py:5
test/test_web_temporal_contract.py,external:contextlib,FROM_IMPORT,contextlib.asynccontextmanager,test/test_web_temporal_contract.py:6
test/test_web_temporal_contract.py,external:datetime,FROM_IMPORT,datetime.UTC,test/test_web_temporal_contract.py:7
test/test_web_temporal_contract.py,external:datetime,FROM_IMPORT,datetime.datetime,test/test_web_temporal_contract.py:7
test/test_web_temporal_contract.py,external:datetime,FROM_IMPORT,datetime.timedelta,test/test_web_temporal_contract.py:7
test/test_web_temporal_contract.py,external:uuid,FROM_IMPORT,uuid.UUID,test/test_web_temporal_contract.py:8
test/test_web_temporal_contract.py,external:pytest,IMPORT,pytest,test/test_web_temporal_contract.py:10
test/test_web_temporal_contract.py,external:temporalio.common,FROM_IMPORT,temporalio.common.RetryPolicy,test/test_web_temporal_contract.py:11
test/test_web_temporal_contract.py,external:temporalio.exceptions,FROM_IMPORT,temporalio.exceptions.WorkflowAlreadyStartedError,test/test_web_temporal_contract.py:12
test/test_web_temporal_contract.py,src/actions/runtime.py,FROM_IMPORT,actions.runtime.ActionRuntime,test/test_web_temporal_contract.py:14
test/test_web_temporal_contract.py,src/agent/protocol.py,FROM_IMPORT,agent.protocol.ActionRequest,test/test_web_temporal_contract.py:15
test/test_web_temporal_contract.py,src/agent/protocol.py,FROM_IMPORT,agent.protocol.ActionResult,test/test_web_temporal_contract.py:15
test/test_web_temporal_contract.py,src/agent_execution/brain_action_loop.py,FROM_IMPORT,agent_execution.brain_action_loop.DefaultBrainActionLoop,test/test_web_temporal_contract.py:16
test/test_web_temporal_contract.py,src/agent_execution/facade.py,FROM_IMPORT,agent_execution.facade.AgentExecutionFacade,test/test_web_temporal_contract.py:17
test/test_web_temporal_contract.py,src/agent_execution/facade.py,FROM_IMPORT,agent_execution.facade.ExecutionRequest,test/test_web_temporal_contract.py:17
test/test_web_temporal_contract.py,src/agent_execution/facade.py,FROM_IMPORT,agent_execution.facade.ExecutionResult,test/test_web_temporal_contract.py:17
test/test_web_temporal_contract.py,src/agent_execution/facade.py,FROM_IMPORT,agent_execution.facade.NullExecutionAuditSink,test/test_web_temporal_contract.py:17
test/test_web_temporal_contract.py,src/agent_execution/facade.py,FROM_IMPORT,agent_execution.facade.StableExecutionFailure,test/test_web_temporal_contract.py:17
test/test_web_temporal_contract.py,src/agent_execution/qq_host.py,FROM_IMPORT,agent_execution.qq_host.QQExecutionHost,test/test_web_temporal_contract.py:24
test/test_web_temporal_contract.py,src/agent_execution/qq_host.py,FROM_IMPORT,agent_execution.qq_host.QQLegacyExecutionControl,test/test_web_temporal_contract.py:24
test/test_web_temporal_contract.py,src/agent_execution/qq_host.py,FROM_IMPORT,agent_execution.qq_host.qq_execution_id,test/test_web_temporal_contract.py:24
test/test_web_temporal_contract.py,src/agent_execution/web_adapters.py,FROM_IMPORT,agent_execution.web_adapters.TemporalActivityControl,test/test_web_temporal_contract.py:25
test/test_web_temporal_contract.py,src/agent_execution/web_events.py,FROM_IMPORT,agent_execution.web_events.RedisWebRunEventSinkFactory,test/test_web_temporal_contract.py:26
test/test_web_temporal_contract.py,src/agent_execution/web_host.py,FROM_IMPORT,agent_execution.web_host.WebExecutionHost,test/test_web_temporal_contract.py:27
test/test_web_temporal_contract.py,src/agent_workflows/agent_run.py,FROM_IMPORT,agent_workflows.agent_run.AgentRunWorkflow,test/test_web_temporal_contract.py:28
test/test_web_temporal_contract.py,src/agent_workflows/agent_step.py,FROM_IMPORT,agent_workflows.agent_step.AgentStepWorkflow,test/test_web_temporal_contract.py:29
test/test_web_temporal_contract.py,src/agent_workflows/contracts.py,FROM_IMPORT,agent_workflows.contracts.ApprovalDecisionSignal,test/test_web_temporal_contract.py:30
test/test_web_temporal_contract.py,src/agent_workflows/plan_execute.py,FROM_IMPORT,agent_workflows.plan_execute.PlanAndExecuteWorkflow,test/test_web_temporal_contract.py:31
test/test_web_temporal_contract.py,src/agent_workflows/react.py,FROM_IMPORT,agent_workflows.react.ReactAgentWorkflow,test/test_web_temporal_contract.py:32
test/test_web_temporal_contract.py,src/agent_workflows/tool_execution.py,FROM_IMPORT,agent_workflows.tool_execution.ToolExecutionWorkflow,test/test_web_temporal_contract.py:33
test/test_web_temporal_contract.py,src/application/conversation.py,FROM_IMPORT,application.conversation.ConversationService,test/test_web_temporal_contract.py:34
test/test_web_temporal_contract.py,src/common/types.py,FROM_IMPORT,common.types.ChannelType,test/test_web_temporal_contract.py:35
test/test_web_temporal_contract.py,src/common/types.py,FROM_IMPORT,common.types.UnifiedMessage,test/test_web_temporal_contract.py:35
test/test_web_temporal_contract.py,src/orchestration/artifact_workflow.py,FROM_IMPORT,orchestration.artifact_workflow.ARTIFACT_TASK_QUEUE,test/test_web_temporal_contract.py:36
test/test_web_temporal_contract.py,src/orchestration/artifact_workflow.py,FROM_IMPORT,orchestration.artifact_workflow.ArtifactBuildWorkflow,test/test_web_temporal_contract.py:36
test/test_web_temporal_contract.py,src/orchestration/config.py,FROM_IMPORT,orchestration.config.TemporalConfig,test/test_web_temporal_contract.py:37
test/test_web_temporal_contract.py,src/orchestration/document_workflow.py,FROM_IMPORT,orchestration.document_workflow.NormalizeDocumentWorkflow,test/test_web_temporal_contract.py:38
test/test_web_temporal_contract.py,src/orchestration/durable_web_workflow.py,FROM_IMPORT,orchestration.durable_web_workflow.DurableWebRunWorkflow,test/test_web_temporal_contract.py:39
test/test_web_temporal_contract.py,src/orchestration/research_workflow.py,FROM_IMPORT,orchestration.research_workflow.ResearchReportWorkflow,test/test_web_temporal_contract.py:40
test/test_web_temporal_contract.py,src/orchestration/research_workflow.py,FROM_IMPORT,orchestration.research_workflow.ResearchTaskScheduleWorkflow,test/test_web_temporal_contract.py:40
test/test_web_temporal_contract.py,src/orchestration/web_dispatcher.py,FROM_IMPORT,orchestration.web_dispatcher.StartDecision,test/test_web_temporal_contract.py:41
test/test_web_temporal_contract.py,src/orchestration/web_dispatcher.py,FROM_IMPORT,orchestration.web_dispatcher.TemporalClientAdapter,test/test_web_temporal_contract.py:41
test/test_web_temporal_contract.py,src/orchestration/web_dispatcher.py,FROM_IMPORT,orchestration.web_dispatcher.TemporalOutboxDispatcher,test/test_web_temporal_contract.py:41
test/test_web_temporal_contract.py,src/orchestration/web_dispatcher.py,FROM_IMPORT,orchestration.web_dispatcher.WebOutboxDispatcher,test/test_web_temporal_contract.py:41
test/test_web_temporal_contract.py,src/orchestration/web_dispatcher.py,FROM_IMPORT,orchestration.web_dispatcher.web_workflow_id,test/test_web_temporal_contract.py:41
test/test_web_temporal_contract.py,src/orchestration/web_reconciler.py,FROM_IMPORT,orchestration.web_reconciler.ReconcileCandidate,test/test_web_temporal_contract.py:48
test/test_web_temporal_contract.py,src/orchestration/web_reconciler.py,FROM_IMPORT,orchestration.web_reconciler.TemporalFact,test/test_web_temporal_contract.py:48
test/test_web_temporal_contract.py,src/orchestration/web_reconciler.py,FROM_IMPORT,orchestration.web_reconciler.WebRunReconciler,test/test_web_temporal_contract.py:48
test/test_web_temporal_contract.py,src/orchestration/web_workers.py,FROM_IMPORT,orchestration.web_workers.WEB_REAL_AGENT_GATE_VERSION,test/test_web_temporal_contract.py:49
test/test_web_temporal_contract.py,src/orchestration/web_workers.py,FROM_IMPORT,orchestration.web_workers.build_web_temporal_workers,test/test_web_temporal_contract.py:49
test/test_web_temporal_contract.py,src/orchestration/web_workers.py,FROM_IMPORT,orchestration.web_workers.validate_standalone_web_worker_topology,test/test_web_temporal_contract.py:49
test/test_web_temporal_contract.py,src/orchestration/web_workers.py,FROM_IMPORT,orchestration.web_workers.validate_web_worker_startup,test/test_web_temporal_contract.py:49
test/test_web_temporal_contract.py,src/orchestration/web_workflow.py,FROM_IMPORT,orchestration.web_workflow._AGENT_NO_RETRY,test/test_web_temporal_contract.py:55
test/test_web_temporal_contract.py,src/orchestration/web_workflow.py,FROM_IMPORT,orchestration.web_workflow.WEB_AGENT_TASK_QUEUE,test/test_web_temporal_contract.py:55
test/test_web_temporal_contract.py,src/orchestration/web_workflow.py,FROM_IMPORT,orchestration.web_workflow.WEB_LIFECYCLE_TASK_QUEUE,test/test_web_temporal_contract.py:55
test/test_web_temporal_contract.py,src/orchestration/web_workflow.py,FROM_IMPORT,orchestration.web_workflow.WEB_WORKFLOW_SCHEMA_VERSION,test/test_web_temporal_contract.py:55
test/test_web_temporal_contract.py,src/orchestration/web_workflow.py,FROM_IMPORT,orchestration.web_workflow.WebRunWorkflow,test/test_web_temporal_contract.py:55
test/test_web_temporal_contract.py,src/orchestration/web_workflow.py,FROM_IMPORT,orchestration.web_workflow.WebRunWorkflowInput,test/test_web_temporal_contract.py:55
test/test_web_temporal_contract.py,src/web_domain/lifecycle.py,FROM_IMPORT,web_domain.lifecycle.LifecycleAuthority,test/test_web_temporal_contract.py:63
test/test_web_temporal_contract.py,src/workspace/isolation.py,FROM_IMPORT,workspace.isolation.WorkspaceRecoveryRequired,test/test_web_temporal_contract.py:64
test/test_web_temporal_contract.py,src/orchestration/web_activities.py,FROM_IMPORT,orchestration.web_activities.inject_web_lifecycle,test/test_web_temporal_contract.py:178
test/test_web_temporal_contract.py,src/orchestration/web_activities.py,FROM_IMPORT,orchestration.web_activities.prepare_run_activity,test/test_web_temporal_contract.py:178
test/test_web_temporal_contract.py,src/orchestration/web_activities.py,FROM_IMPORT,orchestration.web_activities.execute_agent_activity,test/test_web_temporal_contract.py:636
test/test_web_temporal_contract.py,src/orchestration/web_activities.py,FROM_IMPORT,orchestration.web_activities.inject_web_execution_host,test/test_web_temporal_contract.py:636
test/test_web_temporal_contract.py,external:json,IMPORT,json,test/test_web_temporal_contract.py:687
test/test_web_temporal_integration.py,external:__future__,FROM_IMPORT,__future__.annotations,test/test_web_temporal_integration.py:1
test/test_web_temporal_integration.py,external:asyncio,IMPORT,asyncio,test/test_web_temporal_integration.py:3
test/test_web_temporal_integration.py,external:multiprocessing,IMPORT,multiprocessing,test/test_web_temporal_integration.py:4
test/test_web_temporal_integration.py,external:os,IMPORT,os,test/test_web_temporal_integration.py:5
test/test_web_temporal_integration.py,external:contextlib,FROM_IMPORT,contextlib.AsyncExitStack,test/test_web_temporal_integration.py:6
test/test_web_temporal_integration.py,external:pathlib,FROM_IMPORT,pathlib.Path,test/test_web_temporal_integration.py:7
test/test_web_temporal_integration.py,external:uuid,FROM_IMPORT,uuid.uuid4,test/test_web_temporal_integration.py:8
test/test_web_temporal_integration.py,external:pytest,IMPORT,pytest,test/test_web_temporal_integration.py:10
test/test_web_temporal_integration.py,external:temporalio,FROM_IMPORT,temporalio.activity,test/test_web_temporal_integration.py:11
test/test_web_temporal_integration.py,external:temporalio.client,FROM_IMPORT,temporalio.client.Client,test/test_web_temporal_integration.py:12
test/test_web_temporal_integration.py,external:temporalio.client,FROM_IMPORT,temporalio.client.WorkflowExecutionStatus,test/test_web_temporal_integration.py:12
test/test_web_temporal_integration.py,external:temporalio.client,FROM_IMPORT,temporalio.client.WorkflowFailureError,test/test_web_temporal_integration.py:12
test/test_web_temporal_integration.py,external:temporalio.worker,FROM_IMPORT,temporalio.worker.Replayer,test/test_web_temporal_integration.py:13
test/test_web_temporal_integration.py,external:temporalio.worker,FROM_IMPORT,temporalio.worker.Worker,test/test_web_temporal_integration.py:13
test/test_web_temporal_integration.py,src/orchestration/web_dispatcher.py,FROM_IMPORT,orchestration.web_dispatcher.TemporalClientAdapter,test/test_web_temporal_integration.py:15
test/test_web_temporal_integration.py,src/orchestration/web_dispatcher.py,FROM_IMPORT,orchestration.web_dispatcher.web_workflow_id,test/test_web_temporal_integration.py:15
test/test_web_temporal_integration.py,src/orchestration/web_workers.py,FROM_IMPORT,orchestration.web_workers.build_web_temporal_workers,test/test_web_temporal_integration.py:16
test/test_web_temporal_integration.py,src/orchestration/web_workflow.py,FROM_IMPORT,orchestration.web_workflow.WEB_AGENT_TASK_QUEUE,test/test_web_temporal_integration.py:17
test/test_web_temporal_integration.py,src/orchestration/web_workflow.py,FROM_IMPORT,orchestration.web_workflow.WEB_LIFECYCLE_TASK_QUEUE,test/test_web_temporal_integration.py:17
test/test_web_temporal_integration.py,src/orchestration/web_workflow.py,FROM_IMPORT,orchestration.web_workflow.FailureInput,test/test_web_temporal_integration.py:17
test/test_web_temporal_integration.py,src/orchestration/web_workflow.py,FROM_IMPORT,orchestration.web_workflow.WebRunWorkflow,test/test_web_temporal_integration.py:17
test/test_web_temporal_integration.py,src/orchestration/web_workflow.py,FROM_IMPORT,orchestration.web_workflow.WebRunWorkflowInput,test/test_web_temporal_integration.py:17
test/test_web_temporal_replay.py,external:__future__,FROM_IMPORT,__future__.annotations,test/test_web_temporal_replay.py:15
test/test_web_temporal_replay.py,external:base64,IMPORT,base64,test/test_web_temporal_replay.py:17
test/test_web_temporal_replay.py,external:json,IMPORT,json,test/test_web_temporal_replay.py:18
test/test_web_temporal_replay.py,external:pathlib,FROM_IMPORT,pathlib.Path,test/test_web_temporal_replay.py:19
test/test_web_temporal_replay.py,external:temporalio.client,FROM_IMPORT,temporalio.client.WorkflowHistory,test/test_web_temporal_replay.py:21
test/test_web_temporal_replay.py,external:temporalio.worker,FROM_IMPORT,temporalio.worker.Replayer,test/test_web_temporal_replay.py:22
test/test_web_temporal_replay.py,src/orchestration/web_workflow.py,FROM_IMPORT,orchestration.web_workflow.WebRunWorkflow,test/test_web_temporal_replay.py:24
test/test_worker_identity_config.py,external:__future__,FROM_IMPORT,__future__.annotations,test/test_worker_identity_config.py:1
test/test_worker_identity_config.py,external:pytest,IMPORT,pytest,test/test_worker_identity_config.py:3
test/test_worker_identity_config.py,src/orchestration/worker.py,FROM_IMPORT,orchestration.worker.load_worker_qq_binding_code_pepper,test/test_worker_identity_config.py:5
test/test_workspace.py,external:os,IMPORT,os,test/test_workspace.py:4
test/test_workspace.py,external:sys,IMPORT,sys,test/test_workspace.py:5
test/test_workspace.py,external:tempfile,IMPORT,tempfile,test/test_workspace.py:6
test/test_workspace.py,external:shutil,IMPORT,shutil,test/test_workspace.py:7
test/test_workspace.py,external:pathlib,FROM_IMPORT,pathlib.Path,test/test_workspace.py:8
test/test_workspace.py,external:pytest,IMPORT,pytest,test/test_workspace.py:10
test/test_workspace.py,src/session/models.py,FROM_IMPORT,session.models.Session,test/test_workspace.py:14
test/test_workspace.py,src/session/models.py,FROM_IMPORT,session.models.SessionStatus,test/test_workspace.py:14
test/test_workspace.py,src/session/db.py,FROM_IMPORT,session.db.WorkspaceDB,test/test_workspace.py:15
test/test_workspace.py,src/session/workspace.py,FROM_IMPORT,session.workspace.init_user,test/test_workspace.py:16
test/test_workspace.py,src/session/workspace.py,FROM_IMPORT,session.workspace.init_session,test/test_workspace.py:16
test/test_workspace.py,src/storage/file_store.py,FROM_IMPORT,storage.file_store.LocalFileStore,test/test_workspace.py:17
test/test_workspace_isolation.py,external:__future__,FROM_IMPORT,__future__.annotations,test/test_workspace_isolation.py:1
test/test_workspace_isolation.py,external:asyncio,IMPORT,asyncio,test/test_workspace_isolation.py:3
test/test_workspace_isolation.py,external:pytest,IMPORT,pytest,test/test_workspace_isolation.py:5
test/test_workspace_isolation.py,src/workspace/isolation.py,FROM_IMPORT,workspace.isolation.AccountLockRegistry,test/test_workspace_isolation.py:7
test/test_workspace_isolation.py,src/workspace/isolation.py,FROM_IMPORT,workspace.isolation.WorkspaceIsolationConfigurationError,test/test_workspace_isolation.py:7
test/test_workspace_isolation.py,src/workspace/isolation.py,FROM_IMPORT,workspace.isolation.WorkspaceRecoveryGuard,test/test_workspace_isolation.py:7
test/test_workspace_isolation.py,src/workspace/isolation.py,FROM_IMPORT,workspace.isolation.WorkspaceRecoveryRequired,test/test_workspace_isolation.py:7
test/test_workspace_isolation.py,src/workspace/isolation.py,FROM_IMPORT,workspace.isolation.validate_workspace_topology,test/test_workspace_isolation.py:7
test/test_workspace_provisioning.py,external:__future__,FROM_IMPORT,__future__.annotations,test/test_workspace_provisioning.py:8
test/test_workspace_provisioning.py,external:subprocess,IMPORT,subprocess,test/test_workspace_provisioning.py:10
test/test_workspace_provisioning.py,external:pathlib,FROM_IMPORT,pathlib.Path,test/test_workspace_provisioning.py:11
test/test_workspace_provisioning.py,external:pytest,IMPORT,pytest,test/test_workspace_provisioning.py:13
test/test_workspace_provisioning.py,src/sandbox/git_repo.py,FROM_IMPORT,sandbox.git_repo.GitRepoManager,test/test_workspace_provisioning.py:15
test/test_workspace_provisioning.py,src/workspace/isolation.py,FROM_IMPORT,workspace.isolation.WorkspaceRecoveryRequired,test/test_workspace_provisioning.py:16
test/web_api/conftest.py,external:__future__,FROM_IMPORT,__future__.annotations,test/web_api/conftest.py:1
test/web_api/conftest.py,external:os,IMPORT,os,test/web_api/conftest.py:3
test/web_api/conftest.py,external:collections.abc,FROM_IMPORT,collections.abc.Iterator,test/web_api/conftest.py:4
test/web_api/conftest.py,external:uuid,FROM_IMPORT,uuid.UUID,test/web_api/conftest.py:5
test/web_api/conftest.py,external:uuid,FROM_IMPORT,uuid.uuid4,test/web_api/conftest.py:5
test/web_api/conftest.py,external:psycopg,IMPORT,psycopg,test/web_api/conftest.py:7
test/web_api/conftest.py,external:pytest,IMPORT,pytest,test/web_api/conftest.py:8
test/web_api/conftest.py,external:fastapi.testclient,FROM_IMPORT,fastapi.testclient.TestClient,test/web_api/conftest.py:9
test/web_api/conftest.py,src/persistence/migrate.py,FROM_IMPORT,persistence.migrate.migrate,test/web_api/conftest.py:11
test/web_api/conftest.py,src/web_api/app.py,FROM_IMPORT,web_api.app.create_app,test/web_api/conftest.py:12
test/web_api/conftest.py,src/web_api/config.py,FROM_IMPORT,web_api.config.WebApiSettings,test/web_api/conftest.py:13
test/web_api/conftest.py,external:redis,IMPORT,redis,test/web_api/conftest.py:26
test/web_api/test_binary_file_upload.py,external:__future__,FROM_IMPORT,__future__.annotations,test/web_api/test_binary_file_upload.py:1
test/web_api/test_binary_file_upload.py,external:hashlib,IMPORT,hashlib,test/web_api/test_binary_file_upload.py:3
test/web_api/test_binary_file_upload.py,external:json,IMPORT,json,test/web_api/test_binary_file_upload.py:4
test/web_api/test_binary_file_upload.py,external:pathlib,FROM_IMPORT,pathlib.Path,test/web_api/test_binary_file_upload.py:5
test/web_api/test_binary_file_upload.py,external:uuid,FROM_IMPORT,uuid.UUID,test/web_api/test_binary_file_upload.py:6
test/web_api/test_binary_file_upload.py,external:uuid,FROM_IMPORT,uuid.uuid4,test/web_api/test_binary_file_upload.py:6
test/web_api/test_binary_file_upload.py,external:pytest,IMPORT,pytest,test/web_api/test_binary_file_upload.py:8
test/web_api/test_binary_file_upload.py,external:docx,FROM_IMPORT,docx.Document,test/web_api/test_binary_file_upload.py:9
test/web_api/test_binary_file_upload.py,external:openpyxl,FROM_IMPORT,openpyxl.Workbook,test/web_api/test_binary_file_upload.py:10
test/web_api/test_binary_file_upload.py,external:pptx,FROM_IMPORT,pptx.Presentation,test/web_api/test_binary_file_upload.py:11
test/web_api/test_binary_file_upload.py,external:pypdf,FROM_IMPORT,pypdf.PdfWriter,test/web_api/test_binary_file_upload.py:12
test/web_api/test_binary_file_upload.py,src/sandbox/tools/local/file_analysis.py,FROM_IMPORT,sandbox.tools.local.file_analysis.create_file_analysis_tools,test/web_api/test_binary_file_upload.py:14
test/web_api/test_binary_file_upload.py,src/storage/tenant_file_store.py,FROM_IMPORT,storage.tenant_file_store.TenantFileReader,test/web_api/test_binary_file_upload.py:15
test/web_api/test_binary_file_upload.py,src/workspace/file_scope.py,FROM_IMPORT,workspace.file_scope.RunFileWorkspace,test/web_api/test_binary_file_upload.py:16
test/web_api/test_config.py,external:__future__,FROM_IMPORT,__future__.annotations,test/web_api/test_config.py:1
test/web_api/test_config.py,external:os,IMPORT,os,test/web_api/test_config.py:3
test/web_api/test_config.py,external:subprocess,IMPORT,subprocess,test/web_api/test_config.py:4
test/web_api/test_config.py,external:sys,IMPORT,sys,test/web_api/test_config.py:5
test/web_api/test_config.py,external:pathlib,FROM_IMPORT,pathlib.Path,test/web_api/test_config.py:6
test/web_api/test_config.py,external:pytest,IMPORT,pytest,test/web_api/test_config.py:8
test/web_api/test_config.py,src/web_api/config.py,FROM_IMPORT,web_api.config.WebApiSettings,test/web_api/test_config.py:10
test/web_api/test_file_protocol_middleware.py,external:__future__,FROM_IMPORT,__future__.annotations,test/web_api/test_file_protocol_middleware.py:1
test/web_api/test_file_protocol_middleware.py,external:httpx,IMPORT,httpx,test/web_api/test_file_protocol_middleware.py:3
test/web_api/test_file_protocol_middleware.py,external:fastapi,FROM_IMPORT,fastapi.FastAPI,test/web_api/test_file_protocol_middleware.py:4
test/web_api/test_file_protocol_middleware.py,external:fastapi,FROM_IMPORT,fastapi.Request,test/web_api/test_file_protocol_middleware.py:4
test/web_api/test_file_protocol_middleware.py,src/web_api/app.py,FROM_IMPORT,web_api.app.BodyLimitMiddleware,test/web_api/test_file_protocol_middleware.py:6
test/web_api/test_file_protocol_middleware.py,src/web_api/app.py,FROM_IMPORT,web_api.app.ProtocolMiddleware,test/web_api/test_file_protocol_middleware.py:6
test/web_api/test_identity_self_service.py,external:__future__,FROM_IMPORT,__future__.annotations,test/web_api/test_identity_self_service.py:1
test/web_api/test_identity_self_service.py,external:uuid,FROM_IMPORT,uuid.uuid4,test/web_api/test_identity_self_service.py:3
test/web_api/test_identity_self_service.py,external:pytest,IMPORT,pytest,test/web_api/test_identity_self_service.py:5
test/web_api/test_identity_self_service.py,src/account/identity_binding_service.py,FROM_IMPORT,account.identity_binding_service.IdentityBindingService,test/web_api/test_identity_self_service.py:7
test/web_api/test_phase_b_api.py,external:__future__,FROM_IMPORT,__future__.annotations,test/web_api/test_phase_b_api.py:1
test/web_api/test_phase_b_api.py,external:time,IMPORT,time,test/web_api/test_phase_b_api.py:3
test/web_api/test_phase_b_api.py,external:concurrent.futures,FROM_IMPORT,concurrent.futures.ThreadPoolExecutor,test/web_api/test_phase_b_api.py:4
test/web_api/test_phase_b_api.py,external:uuid,FROM_IMPORT,uuid.UUID,test/web_api/test_phase_b_api.py:5
test/web_api/test_phase_b_api.py,external:uuid,FROM_IMPORT,uuid.uuid4,test/web_api/test_phase_b_api.py:5
test/web_api/test_phase_b_api.py,external:pytest,IMPORT,pytest,test/web_api/test_phase_b_api.py:7
test/web_api/test_phase_b_api.py,src/web_domain/outbox.py,FROM_IMPORT,web_domain.outbox.OutboxService,test/web_api/test_phase_b_api.py:9
test/web_api/test_phase_b_api.py,src/web_domain/services.py,FROM_IMPORT,web_domain.services.CommandService,test/web_api/test_phase_b_api.py:10
test/web_api/test_research_file_composition.py,external:__future__,FROM_IMPORT,__future__.annotations,test/web_api/test_research_file_composition.py:1
test/web_api/test_research_file_composition.py,external:uuid,FROM_IMPORT,uuid.UUID,test/web_api/test_research_file_composition.py:3
test/web_api/test_research_file_composition.py,external:uuid,FROM_IMPORT,uuid.uuid4,test/web_api/test_research_file_composition.py:3
test/web_api/test_research_file_composition.py,external:pytest,IMPORT,pytest,test/web_api/test_research_file_composition.py:5
test/web_api/test_research_file_composition.py,src/file_runtime/__init__.py,FROM_IMPORT,file_runtime.OutputPublisher,test/web_api/test_research_file_composition.py:7
test/web_api/test_research_file_composition.py,src/file_runtime/__init__.py,FROM_IMPORT,file_runtime.ResearchMarkdownPublisher,test/web_api/test_research_file_composition.py:7
test/web_api/test_research_file_composition.py,src/orchestration/research_workflow.py,FROM_IMPORT,orchestration.research_workflow.ResearchIterationInput,test/web_api/test_research_file_composition.py:8
test/web_api/test_research_file_composition.py,src/orchestration/research_workflow.py,FROM_IMPORT,orchestration.research_workflow.ResearchWorkflowInput,test/web_api/test_research_file_composition.py:8
test/web_api/test_research_file_composition.py,src/research_activities/__init__.py,FROM_IMPORT,research_activities.ResearchActivities,test/web_api/test_research_file_composition.py:9
test/web_api/test_research_file_composition.py,src/research_domain/models.py,FROM_IMPORT,research_domain.models.ClaimDraft,test/web_api/test_research_file_composition.py:10
test/web_api/test_research_file_composition.py,src/research_domain/models.py,FROM_IMPORT,research_domain.models.ResearchReport,test/web_api/test_research_file_composition.py:10
test/web_api/test_research_file_composition.py,src/research_domain/models.py,FROM_IMPORT,research_domain.models.SourceCandidate,test/web_api/test_research_file_composition.py:10
test/web_api/test_research_file_composition.py,src/research_domain/models.py,FROM_IMPORT,research_domain.models.SourceContent,test/web_api/test_research_file_composition.py:10
test/web_api/test_research_file_composition.py,src/research_domain/models.py,FROM_IMPORT,research_domain.models.content_sha256,test/web_api/test_research_file_composition.py:10
test/web_api/test_research_file_composition.py,src/storage/tenant_file_store.py,FROM_IMPORT,storage.tenant_file_store.TenantFileStore,test/web_api/test_research_file_composition.py:17
test/web_api/test_sse_gateway.py,external:__future__,FROM_IMPORT,__future__.annotations,test/web_api/test_sse_gateway.py:13
test/web_api/test_sse_gateway.py,external:asyncio,IMPORT,asyncio,test/web_api/test_sse_gateway.py:15
test/web_api/test_sse_gateway.py,external:contextlib,IMPORT,contextlib,test/web_api/test_sse_gateway.py:16
test/web_api/test_sse_gateway.py,external:json,IMPORT,json,test/web_api/test_sse_gateway.py:17
test/web_api/test_sse_gateway.py,external:time,IMPORT,time,test/web_api/test_sse_gateway.py:18
test/web_api/test_sse_gateway.py,external:typing,FROM_IMPORT,typing.Any,test/web_api/test_sse_gateway.py:19
test/web_api/test_sse_gateway.py,external:uuid,FROM_IMPORT,uuid.UUID,test/web_api/test_sse_gateway.py:20
test/web_api/test_sse_gateway.py,external:uuid,FROM_IMPORT,uuid.uuid4,test/web_api/test_sse_gateway.py:20
test/web_api/test_sse_gateway.py,external:pytest,IMPORT,pytest,test/web_api/test_sse_gateway.py:22
test/web_api/test_sse_gateway.py,external:redis.asyncio,IMPORT,redis.asyncio,test/web_api/test_sse_gateway.py:23
test/web_api/test_sse_gateway.py,external:uuid6,FROM_IMPORT,uuid6.uuid7,test/web_api/test_sse_gateway.py:24
test/web_api/test_sse_gateway.py,src/agent_execution/run_budget.py,FROM_IMPORT,agent_execution.run_budget.RunBudgetService,test/web_api/test_sse_gateway.py:26
test/web_api/test_sse_gateway.py,src/web_api/sse.py,FROM_IMPORT,web_api.sse.SSEGateway,test/web_api/test_sse_gateway.py:27
test/web_persistence/conftest.py,external:__future__,FROM_IMPORT,__future__.annotations,test/web_persistence/conftest.py:1
test/web_persistence/conftest.py,external:os,IMPORT,os,test/web_persistence/conftest.py:3
test/web_persistence/conftest.py,external:uuid,FROM_IMPORT,uuid.uuid4,test/web_persistence/conftest.py:4
test/web_persistence/conftest.py,external:psycopg,IMPORT,psycopg,test/web_persistence/conftest.py:6
test/web_persistence/conftest.py,external:pytest,IMPORT,pytest,test/web_persistence/conftest.py:7
test/web_persistence/conftest.py,src/persistence/migrate.py,FROM_IMPORT,persistence.migrate.migrate,test/web_persistence/conftest.py:9
test/web_persistence/test_agent_trace.py,external:__future__,FROM_IMPORT,__future__.annotations,test/web_persistence/test_agent_trace.py:1
test/web_persistence/test_agent_trace.py,external:uuid,FROM_IMPORT,uuid.UUID,test/web_persistence/test_agent_trace.py:3
test/web_persistence/test_agent_trace.py,external:uuid,FROM_IMPORT,uuid.uuid4,test/web_persistence/test_agent_trace.py:3
test/web_persistence/test_agent_trace.py,external:pytest,IMPORT,pytest,test/web_persistence/test_agent_trace.py:5
test/web_persistence/test_agent_trace.py,src/agent_execution/tracing/repository.py,FROM_IMPORT,agent_execution.tracing.repository.PostgresTraceRepository,test/web_persistence/test_agent_trace.py:7
test/web_persistence/test_agent_trace.py,src/web_domain/services.py,FROM_IMPORT,web_domain.services.CommandService,test/web_persistence/test_agent_trace.py:8
test/web_persistence/test_bootstrap_identity.py,external:__future__,FROM_IMPORT,__future__.annotations,test/web_persistence/test_bootstrap_identity.py:9
test/web_persistence/test_bootstrap_identity.py,external:uuid,FROM_IMPORT,uuid.uuid4,test/web_persistence/test_bootstrap_identity.py:11
test/web_persistence/test_bootstrap_identity.py,external:pytest,IMPORT,pytest,test/web_persistence/test_bootstrap_identity.py:13
test/web_persistence/test_bootstrap_identity.py,src/account/bootstrap.py,FROM_IMPORT,account.bootstrap.bootstrap_identity,test/web_persistence/test_bootstrap_identity.py:15
test/web_persistence/test_command_service.py,external:__future__,FROM_IMPORT,__future__.annotations,test/web_persistence/test_command_service.py:1
test/web_persistence/test_command_service.py,external:uuid,FROM_IMPORT,uuid.UUID,test/web_persistence/test_command_service.py:3
test/web_persistence/test_command_service.py,external:uuid,FROM_IMPORT,uuid.uuid4,test/web_persistence/test_command_service.py:3
test/web_persistence/test_command_service.py,external:pytest,IMPORT,pytest,test/web_persistence/test_command_service.py:5
test/web_persistence/test_command_service.py,src/web_domain/errors.py,FROM_IMPORT,web_domain.errors.ConversationBusy,test/web_persistence/test_command_service.py:7
test/web_persistence/test_command_service.py,src/web_domain/errors.py,FROM_IMPORT,web_domain.errors.IdempotencyConflict,test/web_persistence/test_command_service.py:7
test/web_persistence/test_command_service.py,src/web_domain/services.py,FROM_IMPORT,web_domain.services.CommandService,test/web_persistence/test_command_service.py:8
test/web_persistence/test_document_worker_persistence.py,external:__future__,FROM_IMPORT,__future__.annotations,test/web_persistence/test_document_worker_persistence.py:1
test/web_persistence/test_document_worker_persistence.py,external:uuid,FROM_IMPORT,uuid.UUID,test/web_persistence/test_document_worker_persistence.py:3
test/web_persistence/test_document_worker_persistence.py,external:uuid,FROM_IMPORT,uuid.uuid4,test/web_persistence/test_document_worker_persistence.py:3
test/web_persistence/test_document_worker_persistence.py,external:pytest,IMPORT,pytest,test/web_persistence/test_document_worker_persistence.py:5
test/web_persistence/test_document_worker_persistence.py,src/document_activities/__init__.py,FROM_IMPORT,document_activities.DocumentActivities,test/web_persistence/test_document_worker_persistence.py:7
test/web_persistence/test_document_worker_persistence.py,src/document_activities/__init__.py,FROM_IMPORT,document_activities.NormalizeDocumentInput,test/web_persistence/test_document_worker_persistence.py:7
test/web_persistence/test_document_worker_persistence.py,src/file_domain/models.py,FROM_IMPORT,file_domain.models.FileResource,test/web_persistence/test_document_worker_persistence.py:8
test/web_persistence/test_document_worker_persistence.py,src/file_domain/models.py,FROM_IMPORT,file_domain.models.NormalizedBlock,test/web_persistence/test_document_worker_persistence.py:8
test/web_persistence/test_document_worker_persistence.py,src/file_domain/models.py,FROM_IMPORT,file_domain.models.NormalizedDocument,test/web_persistence/test_document_worker_persistence.py:8
test/web_persistence/test_document_worker_persistence.py,src/file_domain/models.py,FROM_IMPORT,file_domain.models.SourceLocator,test/web_persistence/test_document_worker_persistence.py:8
test/web_persistence/test_document_worker_persistence.py,src/storage/tenant_file_store.py,FROM_IMPORT,storage.tenant_file_store.TenantFileStore,test/web_persistence/test_document_worker_persistence.py:9
test/web_persistence/test_document_worker_persistence.py,src/web_domain/services.py,FROM_IMPORT,web_domain.services.CommandService,test/web_persistence/test_document_worker_persistence.py:10
test/web_persistence/test_document_worker_persistence.py,src/workspace/file_scope.py,FROM_IMPORT,workspace.file_scope.RunFileWorkspace,test/web_persistence/test_document_worker_persistence.py:11
test/web_persistence/test_durable_agent_activity_worker_kill.py,external:__future__,FROM_IMPORT,__future__.annotations,test/web_persistence/test_durable_agent_activity_worker_kill.py:1
test/web_persistence/test_durable_agent_activity_worker_kill.py,external:asyncio,IMPORT,asyncio,test/web_persistence/test_durable_agent_activity_worker_kill.py:3
test/web_persistence/test_durable_agent_activity_worker_kill.py,external:os,IMPORT,os,test/web_persistence/test_durable_agent_activity_worker_kill.py:4
test/web_persistence/test_durable_agent_activity_worker_kill.py,external:sqlite3,IMPORT,sqlite3,test/web_persistence/test_durable_agent_activity_worker_kill.py:5
test/web_persistence/test_durable_agent_activity_worker_kill.py,external:sys,IMPORT,sys,test/web_persistence/test_durable_agent_activity_worker_kill.py:6
test/web_persistence/test_durable_agent_activity_worker_kill.py,external:pathlib,FROM_IMPORT,pathlib.Path,test/web_persistence/test_durable_agent_activity_worker_kill.py:7
test/web_persistence/test_durable_agent_activity_worker_kill.py,external:uuid,FROM_IMPORT,uuid.UUID,test/web_persistence/test_durable_agent_activity_worker_kill.py:8
test/web_persistence/test_durable_agent_activity_worker_kill.py,external:uuid,FROM_IMPORT,uuid.uuid4,test/web_persistence/test_durable_agent_activity_worker_kill.py:8
test/web_persistence/test_durable_agent_activity_worker_kill.py,external:pytest,IMPORT,pytest,test/web_persistence/test_durable_agent_activity_worker_kill.py:10
test/web_persistence/test_durable_agent_activity_worker_kill.py,external:temporalio.client,FROM_IMPORT,temporalio.client.Client,test/web_persistence/test_durable_agent_activity_worker_kill.py:11
test/web_persistence/test_durable_agent_activity_worker_kill.py,external:temporalio.client,FROM_IMPORT,temporalio.client.WorkflowFailureError,test/web_persistence/test_durable_agent_activity_worker_kill.py:11
test/web_persistence/test_durable_agent_activity_worker_kill.py,external:temporalio.exceptions,FROM_IMPORT,temporalio.exceptions.ActivityError,test/web_persistence/test_durable_agent_activity_worker_kill.py:12
test/web_persistence/test_durable_agent_activity_worker_kill.py,external:temporalio.exceptions,FROM_IMPORT,temporalio.exceptions.ApplicationError,test/web_persistence/test_durable_agent_activity_worker_kill.py:12
test/web_persistence/test_durable_agent_activity_worker_kill.py,src/agent_activities/store.py,FROM_IMPORT,agent_activities.store.AgentDataStore,test/web_persistence/test_durable_agent_activity_worker_kill.py:14
test/web_persistence/test_durable_agent_activity_worker_kill.py,src/agent_workflows/contracts.py,FROM_IMPORT,agent_workflows.contracts.AGENT_SCHEMA_VERSION,test/web_persistence/test_durable_agent_activity_worker_kill.py:15
test/web_persistence/test_durable_agent_activity_worker_kill.py,src/agent_workflows/contracts.py,FROM_IMPORT,agent_workflows.contracts.AGENT_TASK_QUEUE,test/web_persistence/test_durable_agent_activity_worker_kill.py:15
test/web_persistence/test_durable_agent_activity_worker_kill.py,src/agent_workflows/contracts.py,FROM_IMPORT,agent_workflows.contracts.CompactToolCall,test/web_persistence/test_durable_agent_activity_worker_kill.py:15
test/web_persistence/test_durable_agent_activity_worker_kill.py,src/agent_workflows/contracts.py,FROM_IMPORT,agent_workflows.contracts.ToolExecutionInput,test/web_persistence/test_durable_agent_activity_worker_kill.py:15
test/web_persistence/test_durable_agent_activity_worker_kill.py,src/web_domain/services.py,FROM_IMPORT,web_domain.services.CommandService,test/web_persistence/test_durable_agent_activity_worker_kill.py:21
test/web_persistence/test_durable_agent_hardening.py,external:__future__,FROM_IMPORT,__future__.annotations,test/web_persistence/test_durable_agent_hardening.py:1
test/web_persistence/test_durable_agent_hardening.py,external:uuid,FROM_IMPORT,uuid.uuid4,test/web_persistence/test_durable_agent_hardening.py:3
test/web_persistence/test_durable_agent_hardening.py,external:pytest,IMPORT,pytest,test/web_persistence/test_durable_agent_hardening.py:5
test/web_persistence/test_durable_agent_hardening.py,src/agent_activities/store.py,FROM_IMPORT,agent_activities.store.AgentDataStore,test/web_persistence/test_durable_agent_hardening.py:7
test/web_persistence/test_durable_agent_hardening.py,test/web_persistence/test_phase_a_invariants.py,FROM_IMPORT,test.web_persistence.test_phase_a_invariants._conversation_and_run,test/web_persistence/test_durable_agent_hardening.py:9
test/web_persistence/test_f4_2_approval_temporal.py,external:__future__,FROM_IMPORT,__future__.annotations,test/web_persistence/test_f4_2_approval_temporal.py:1
test/web_persistence/test_f4_2_approval_temporal.py,external:asyncio,IMPORT,asyncio,test/web_persistence/test_f4_2_approval_temporal.py:3
test/web_persistence/test_f4_2_approval_temporal.py,external:os,IMPORT,os,test/web_persistence/test_f4_2_approval_temporal.py:4
test/web_persistence/test_f4_2_approval_temporal.py,external:datetime,FROM_IMPORT,datetime.UTC,test/web_persistence/test_f4_2_approval_temporal.py:5
test/web_persistence/test_f4_2_approval_temporal.py,external:datetime,FROM_IMPORT,datetime.datetime,test/web_persistence/test_f4_2_approval_temporal.py:5
test/web_persistence/test_f4_2_approval_temporal.py,external:datetime,FROM_IMPORT,datetime.timedelta,test/web_persistence/test_f4_2_approval_temporal.py:5
test/web_persistence/test_f4_2_approval_temporal.py,external:uuid,FROM_IMPORT,uuid.UUID,test/web_persistence/test_f4_2_approval_temporal.py:6
test/web_persistence/test_f4_2_approval_temporal.py,external:uuid,FROM_IMPORT,uuid.uuid4,test/web_persistence/test_f4_2_approval_temporal.py:6
test/web_persistence/test_f4_2_approval_temporal.py,external:pytest,IMPORT,pytest,test/web_persistence/test_f4_2_approval_temporal.py:8
test/web_persistence/test_f4_2_approval_temporal.py,external:temporalio,FROM_IMPORT,temporalio.activity,test/web_persistence/test_f4_2_approval_temporal.py:9
test/web_persistence/test_f4_2_approval_temporal.py,external:temporalio.client,FROM_IMPORT,temporalio.client.Client,test/web_persistence/test_f4_2_approval_temporal.py:10
test/web_persistence/test_f4_2_approval_temporal.py,external:temporalio.worker,FROM_IMPORT,temporalio.worker.Worker,test/web_persistence/test_f4_2_approval_temporal.py:11
test/web_persistence/test_f4_2_approval_temporal.py,src/agent_workflows/contracts.py,FROM_IMPORT,agent_workflows.contracts.AGENT_SCHEMA_VERSION,test/web_persistence/test_f4_2_approval_temporal.py:13
test/web_persistence/test_f4_2_approval_temporal.py,src/agent_workflows/contracts.py,FROM_IMPORT,agent_workflows.contracts.AGENT_TASK_QUEUE,test/web_persistence/test_f4_2_approval_temporal.py:13
test/web_persistence/test_f4_2_approval_temporal.py,src/agent_workflows/contracts.py,FROM_IMPORT,agent_workflows.contracts.ApprovalStatusInput,test/web_persistence/test_f4_2_approval_temporal.py:13
test/web_persistence/test_f4_2_approval_temporal.py,src/agent_workflows/contracts.py,FROM_IMPORT,agent_workflows.contracts.ApprovalStatusResult,test/web_persistence/test_f4_2_approval_temporal.py:13
test/web_persistence/test_f4_2_approval_temporal.py,src/agent_workflows/contracts.py,FROM_IMPORT,agent_workflows.contracts.ApprovedToolExecutionInput,test/web_persistence/test_f4_2_approval_temporal.py:13
test/web_persistence/test_f4_2_approval_temporal.py,src/agent_workflows/contracts.py,FROM_IMPORT,agent_workflows.contracts.ApprovedToolExecutionResult,test/web_persistence/test_f4_2_approval_temporal.py:13
test/web_persistence/test_f4_2_approval_temporal.py,src/agent_workflows/contracts.py,FROM_IMPORT,agent_workflows.contracts.CompactToolCall,test/web_persistence/test_f4_2_approval_temporal.py:13
test/web_persistence/test_f4_2_approval_temporal.py,src/agent_workflows/contracts.py,FROM_IMPORT,agent_workflows.contracts.ToolExecutionInput,test/web_persistence/test_f4_2_approval_temporal.py:13
test/web_persistence/test_f4_2_approval_temporal.py,src/agent_workflows/contracts.py,FROM_IMPORT,agent_workflows.contracts.ToolExecutionResult,test/web_persistence/test_f4_2_approval_temporal.py:13
test/web_persistence/test_f4_2_approval_temporal.py,src/agent_workflows/tool_execution.py,FROM_IMPORT,agent_workflows.tool_execution.ToolExecutionWorkflow,test/web_persistence/test_f4_2_approval_temporal.py:24
test/web_persistence/test_f4_2_approval_temporal.py,src/agent_workflows/tool_execution.py,FROM_IMPORT,agent_workflows.tool_execution.tool_execution_workflow_id,test/web_persistence/test_f4_2_approval_temporal.py:24
test/web_persistence/test_f4_2_approval_temporal.py,src/file_domain/approvals.py,FROM_IMPORT,file_domain.approvals.FileActionApprovalService,test/web_persistence/test_f4_2_approval_temporal.py:25
test/web_persistence/test_f4_2_approval_temporal.py,src/orchestration/web_dispatcher.py,FROM_IMPORT,orchestration.web_dispatcher.TemporalClientAdapter,test/web_persistence/test_f4_2_approval_temporal.py:26
test/web_persistence/test_f4_2_approval_temporal.py,src/orchestration/web_dispatcher.py,FROM_IMPORT,orchestration.web_dispatcher.TemporalOutboxDispatcher,test/web_persistence/test_f4_2_approval_temporal.py:26
test/web_persistence/test_f4_2_approval_temporal.py,src/orchestration/web_dispatcher.py,FROM_IMPORT,orchestration.web_dispatcher.WebOutboxDispatcher,test/web_persistence/test_f4_2_approval_temporal.py:26
test/web_persistence/test_f4_2_approval_temporal.py,src/web_domain/outbox.py,FROM_IMPORT,web_domain.outbox.OutboxService,test/web_persistence/test_f4_2_approval_temporal.py:31
test/web_persistence/test_f4_2_approval_temporal.py,src/web_domain/services.py,FROM_IMPORT,web_domain.services.CommandService,test/web_persistence/test_f4_2_approval_temporal.py:32
test/web_persistence/test_file_action_approvals.py,external:__future__,FROM_IMPORT,__future__.annotations,test/web_persistence/test_file_action_approvals.py:1
test/web_persistence/test_file_action_approvals.py,external:datetime,FROM_IMPORT,datetime.timedelta,test/web_persistence/test_file_action_approvals.py:3
test/web_persistence/test_file_action_approvals.py,external:time,FROM_IMPORT,time.sleep,test/web_persistence/test_file_action_approvals.py:4
test/web_persistence/test_file_action_approvals.py,external:uuid,FROM_IMPORT,uuid.UUID,test/web_persistence/test_file_action_approvals.py:5
test/web_persistence/test_file_action_approvals.py,external:uuid,FROM_IMPORT,uuid.uuid4,test/web_persistence/test_file_action_approvals.py:5
test/web_persistence/test_file_action_approvals.py,external:pytest,IMPORT,pytest,test/web_persistence/test_file_action_approvals.py:7
test/web_persistence/test_file_action_approvals.py,src/agent_workflows/tool_execution.py,FROM_IMPORT,agent_workflows.tool_execution.tool_execution_workflow_id,test/web_persistence/test_file_action_approvals.py:9
test/web_persistence/test_file_action_approvals.py,src/file_domain/approvals.py,FROM_IMPORT,file_domain.approvals.ApprovalNotGranted,test/web_persistence/test_file_action_approvals.py:10
test/web_persistence/test_file_action_approvals.py,src/file_domain/approvals.py,FROM_IMPORT,file_domain.approvals.ApprovalNotPending,test/web_persistence/test_file_action_approvals.py:10
test/web_persistence/test_file_action_approvals.py,src/file_domain/approvals.py,FROM_IMPORT,file_domain.approvals.FileActionApprovalService,test/web_persistence/test_file_action_approvals.py:10
test/web_persistence/test_file_action_approvals.py,src/web_domain/errors.py,FROM_IMPORT,web_domain.errors.ResourceNotFound,test/web_persistence/test_file_action_approvals.py:15
test/web_persistence/test_file_action_approvals.py,src/web_domain/services.py,FROM_IMPORT,web_domain.services.CommandService,test/web_persistence/test_file_action_approvals.py:16
test/web_persistence/test_file_cleanup.py,external:__future__,FROM_IMPORT,__future__.annotations,test/web_persistence/test_file_cleanup.py:1
test/web_persistence/test_file_cleanup.py,external:uuid,FROM_IMPORT,uuid.UUID,test/web_persistence/test_file_cleanup.py:3
test/web_persistence/test_file_cleanup.py,external:uuid,FROM_IMPORT,uuid.uuid4,test/web_persistence/test_file_cleanup.py:3
test/web_persistence/test_file_cleanup.py,external:pytest,IMPORT,pytest,test/web_persistence/test_file_cleanup.py:5
test/web_persistence/test_file_cleanup.py,src/storage/tenant_file_store.py,FROM_IMPORT,storage.tenant_file_store.TenantFileStore,test/web_persistence/test_file_cleanup.py:7
test/web_persistence/test_file_cleanup.py,src/web_domain/file_cleanup.py,FROM_IMPORT,web_domain.file_cleanup.FileCleanupService,test/web_persistence/test_file_cleanup.py:8
test/web_persistence/test_file_cleanup.py,src/web_domain/file_services.py,FROM_IMPORT,web_domain.file_services.FileService,test/web_persistence/test_file_cleanup.py:9
test/web_persistence/test_file_cleanup.py,src/web_domain/services.py,FROM_IMPORT,web_domain.services.CommandService,test/web_persistence/test_file_cleanup.py:10
test/web_persistence/test_file_lineage.py,external:__future__,FROM_IMPORT,__future__.annotations,test/web_persistence/test_file_lineage.py:1
test/web_persistence/test_file_lineage.py,external:json,IMPORT,json,test/web_persistence/test_file_lineage.py:3
test/web_persistence/test_file_lineage.py,external:uuid,FROM_IMPORT,uuid.UUID,test/web_persistence/test_file_lineage.py:4
test/web_persistence/test_file_lineage.py,external:uuid,FROM_IMPORT,uuid.uuid4,test/web_persistence/test_file_lineage.py:4
test/web_persistence/test_file_lineage.py,external:psycopg,IMPORT,psycopg,test/web_persistence/test_file_lineage.py:6
test/web_persistence/test_file_lineage.py,external:pytest,IMPORT,pytest,test/web_persistence/test_file_lineage.py:7
test/web_persistence/test_file_lineage.py,external:docx,FROM_IMPORT,docx.Document,test/web_persistence/test_file_lineage.py:8
test/web_persistence/test_file_lineage.py,src/file_runtime/__init__.py,FROM_IMPORT,file_runtime.OutputPublisher,test/web_persistence/test_file_lineage.py:10
test/web_persistence/test_file_lineage.py,src/sandbox/tools/local/file_write.py,FROM_IMPORT,sandbox.tools.local.file_write.create_file_write_tools,test/web_persistence/test_file_lineage.py:11
test/web_persistence/test_file_lineage.py,src/storage/tenant_file_store.py,FROM_IMPORT,storage.tenant_file_store.TenantFileStore,test/web_persistence/test_file_lineage.py:12
test/web_persistence/test_file_lineage.py,src/web_domain/file_services.py,FROM_IMPORT,web_domain.file_services.FileService,test/web_persistence/test_file_lineage.py:13
test/web_persistence/test_file_lineage.py,src/web_domain/services.py,FROM_IMPORT,web_domain.services.CommandService,test/web_persistence/test_file_lineage.py:14
test/web_persistence/test_file_lineage.py,src/workspace/file_scope.py,FROM_IMPORT,workspace.file_scope.RunFileInput,test/web_persistence/test_file_lineage.py:15
test/web_persistence/test_file_lineage.py,src/workspace/file_scope.py,FROM_IMPORT,workspace.file_scope.RunFileScope,test/web_persistence/test_file_lineage.py:15
test/web_persistence/test_file_output_persistence.py,external:__future__,FROM_IMPORT,__future__.annotations,test/web_persistence/test_file_output_persistence.py:1
test/web_persistence/test_file_output_persistence.py,external:json,IMPORT,json,test/web_persistence/test_file_output_persistence.py:3
test/web_persistence/test_file_output_persistence.py,external:uuid,FROM_IMPORT,uuid.UUID,test/web_persistence/test_file_output_persistence.py:4
test/web_persistence/test_file_output_persistence.py,external:uuid,FROM_IMPORT,uuid.uuid4,test/web_persistence/test_file_output_persistence.py:4
test/web_persistence/test_file_output_persistence.py,external:pytest,IMPORT,pytest,test/web_persistence/test_file_output_persistence.py:6
test/web_persistence/test_file_output_persistence.py,src/file_runtime/__init__.py,FROM_IMPORT,file_runtime.OutputPublisher,test/web_persistence/test_file_output_persistence.py:8
test/web_persistence/test_file_output_persistence.py,src/sandbox/tools/local/file_write.py,FROM_IMPORT,sandbox.tools.local.file_write.create_file_write_tools,test/web_persistence/test_file_output_persistence.py:9
test/web_persistence/test_file_output_persistence.py,src/storage/tenant_file_store.py,FROM_IMPORT,storage.tenant_file_store.TenantFileStore,test/web_persistence/test_file_output_persistence.py:10
test/web_persistence/test_file_output_persistence.py,src/web_domain/errors.py,FROM_IMPORT,web_domain.errors.ResourceNotFound,test/web_persistence/test_file_output_persistence.py:11
test/web_persistence/test_file_output_persistence.py,src/web_domain/file_services.py,FROM_IMPORT,web_domain.file_services.FileService,test/web_persistence/test_file_output_persistence.py:12
test/web_persistence/test_file_output_persistence.py,src/web_domain/services.py,FROM_IMPORT,web_domain.services.CommandService,test/web_persistence/test_file_output_persistence.py:13
test/web_persistence/test_file_output_persistence.py,src/workspace/file_scope.py,FROM_IMPORT,workspace.file_scope.RunFileScope,test/web_persistence/test_file_output_persistence.py:14
test/web_persistence/test_identity_self_service.py,external:__future__,FROM_IMPORT,__future__.annotations,test/web_persistence/test_identity_self_service.py:1
test/web_persistence/test_identity_self_service.py,external:concurrent.futures,FROM_IMPORT,concurrent.futures.ThreadPoolExecutor,test/web_persistence/test_identity_self_service.py:3
test/web_persistence/test_identity_self_service.py,external:uuid,FROM_IMPORT,uuid.uuid4,test/web_persistence/test_identity_self_service.py:4
test/web_persistence/test_identity_self_service.py,external:pytest,IMPORT,pytest,test/web_persistence/test_identity_self_service.py:6
test/web_persistence/test_identity_self_service.py,external:argon2,FROM_IMPORT,argon2.PasswordHasher,test/web_persistence/test_identity_self_service.py:7
test/web_persistence/test_identity_self_service.py,src/account/credentials.py,FROM_IMPORT,account.credentials.FallbackCredentialAdapter,test/web_persistence/test_identity_self_service.py:9
test/web_persistence/test_identity_self_service.py,src/account/credentials.py,FROM_IMPORT,account.credentials.PostgresPasswordCredentialAdapter,test/web_persistence/test_identity_self_service.py:9
test/web_persistence/test_identity_self_service.py,src/account/identity_binding_service.py,FROM_IMPORT,account.identity_binding_service.ChallengeExpired,test/web_persistence/test_identity_self_service.py:13
test/web_persistence/test_identity_self_service.py,src/account/identity_binding_service.py,FROM_IMPORT,account.identity_binding_service.ChallengeNotFound,test/web_persistence/test_identity_self_service.py:13
test/web_persistence/test_identity_self_service.py,src/account/identity_binding_service.py,FROM_IMPORT,account.identity_binding_service.IdentityBindingService,test/web_persistence/test_identity_self_service.py:13
test/web_persistence/test_identity_self_service.py,src/account/identity_binding_service.py,FROM_IMPORT,account.identity_binding_service.IdentityConflict,test/web_persistence/test_identity_self_service.py:13
test/web_persistence/test_identity_self_service.py,src/account/registration_service.py,FROM_IMPORT,account.registration_service.InvalidPassword,test/web_persistence/test_identity_self_service.py:19
test/web_persistence/test_identity_self_service.py,src/account/registration_service.py,FROM_IMPORT,account.registration_service.RegistrationService,test/web_persistence/test_identity_self_service.py:19
test/web_persistence/test_identity_self_service.py,src/account/registration_service.py,FROM_IMPORT,account.registration_service.UsernameAlreadyExists,test/web_persistence/test_identity_self_service.py:19
test/web_persistence/test_identity_self_service.py,src/web_api/auth.py,FROM_IMPORT,web_api.auth.ConfiguredPasswordCredentialAdapter,test/web_persistence/test_identity_self_service.py:24
test/web_persistence/test_memory_retention.py,external:__future__,FROM_IMPORT,__future__.annotations,test/web_persistence/test_memory_retention.py:9
test/web_persistence/test_memory_retention.py,external:uuid,FROM_IMPORT,uuid.uuid4,test/web_persistence/test_memory_retention.py:11
test/web_persistence/test_memory_retention.py,external:pytest,IMPORT,pytest,test/web_persistence/test_memory_retention.py:13
test/web_persistence/test_memory_retention.py,src/application/memory_retention.py,FROM_IMPORT,application.memory_retention.MemoryRetentionService,test/web_persistence/test_memory_retention.py:15
test/web_persistence/test_memory_retention.py,src/application/memory_retention.py,FROM_IMPORT,application.memory_retention.RetainOutcome,test/web_persistence/test_memory_retention.py:15
test/web_persistence/test_memory_retention.py,src/memory/hindsight_client.py,FROM_IMPORT,memory.hindsight_client.RetainReceipt,test/web_persistence/test_memory_retention.py:16
test/web_persistence/test_memory_retention.py,src/web_domain/services.py,FROM_IMPORT,web_domain.services.CommandService,test/web_persistence/test_memory_retention.py:17
test/web_persistence/test_memory_retention.py,test/web_persistence/test_phase_a_invariants.py,FROM_IMPORT,test.web_persistence.test_phase_a_invariants._conversation_and_run,test/web_persistence/test_memory_retention.py:19
test/web_persistence/test_outbox_and_lifecycle.py,external:__future__,FROM_IMPORT,__future__.annotations,test/web_persistence/test_outbox_and_lifecycle.py:1
test/web_persistence/test_outbox_and_lifecycle.py,external:asyncio,IMPORT,asyncio,test/web_persistence/test_outbox_and_lifecycle.py:3
test/web_persistence/test_outbox_and_lifecycle.py,external:concurrent.futures,FROM_IMPORT,concurrent.futures.ThreadPoolExecutor,test/web_persistence/test_outbox_and_lifecycle.py:4
test/web_persistence/test_outbox_and_lifecycle.py,external:datetime,FROM_IMPORT,datetime.UTC,test/web_persistence/test_outbox_and_lifecycle.py:5
test/web_persistence/test_outbox_and_lifecycle.py,external:datetime,FROM_IMPORT,datetime.datetime,test/web_persistence/test_outbox_and_lifecycle.py:5
test/web_persistence/test_outbox_and_lifecycle.py,external:datetime,FROM_IMPORT,datetime.timedelta,test/web_persistence/test_outbox_and_lifecycle.py:5
test/web_persistence/test_outbox_and_lifecycle.py,external:uuid,FROM_IMPORT,uuid.UUID,test/web_persistence/test_outbox_and_lifecycle.py:6
test/web_persistence/test_outbox_and_lifecycle.py,external:uuid,FROM_IMPORT,uuid.uuid4,test/web_persistence/test_outbox_and_lifecycle.py:6
test/web_persistence/test_outbox_and_lifecycle.py,external:psycopg,IMPORT,psycopg,test/web_persistence/test_outbox_and_lifecycle.py:8
test/web_persistence/test_outbox_and_lifecycle.py,external:pytest,IMPORT,pytest,test/web_persistence/test_outbox_and_lifecycle.py:9
test/web_persistence/test_outbox_and_lifecycle.py,src/web_domain/outbox.py,FROM_IMPORT,web_domain.outbox.OutboxService,test/web_persistence/test_outbox_and_lifecycle.py:11
test/web_persistence/test_outbox_and_lifecycle.py,src/web_domain/services.py,FROM_IMPORT,web_domain.services.CommandService,test/web_persistence/test_outbox_and_lifecycle.py:12
test/web_persistence/test_outbox_and_lifecycle.py,test/web_persistence/test_phase_a_invariants.py,FROM_IMPORT,test.web_persistence.test_phase_a_invariants._conversation_and_run,test/web_persistence/test_outbox_and_lifecycle.py:14
test/web_persistence/test_outbox_and_lifecycle.py,external:json,IMPORT,json,test/web_persistence/test_outbox_and_lifecycle.py:34
test/web_persistence/test_outbox_and_lifecycle.py,external:time,IMPORT,time,test/web_persistence/test_outbox_and_lifecycle.py:35
test/web_persistence/test_outbox_and_lifecycle.py,external:pathlib,FROM_IMPORT,pathlib.Path,test/web_persistence/test_outbox_and_lifecycle.py:36
test/web_persistence/test_outbox_and_lifecycle.py,external:uuid,FROM_IMPORT,uuid.UUID,test/web_persistence/test_outbox_and_lifecycle.py:37
test/web_persistence/test_outbox_and_lifecycle.py,src/web_domain/outbox.py,FROM_IMPORT,web_domain.outbox.OutboxService,test/web_persistence/test_outbox_and_lifecycle.py:39
test/web_persistence/test_outbox_and_lifecycle.py,src/orchestration/web_dispatcher.py,FROM_IMPORT,orchestration.web_dispatcher.web_workflow_id,test/web_persistence/test_outbox_and_lifecycle.py:253
test/web_persistence/test_outbox_and_lifecycle.py,external:json,IMPORT,json,test/web_persistence/test_outbox_and_lifecycle.py:299
test/web_persistence/test_outbox_and_lifecycle.py,external:multiprocessing,IMPORT,multiprocessing,test/web_persistence/test_outbox_and_lifecycle.py:300
test/web_persistence/test_outbox_and_lifecycle.py,external:time,IMPORT,time,test/web_persistence/test_outbox_and_lifecycle.py:301
test/web_persistence/test_outbox_and_lifecycle.py,external:uuid,FROM_IMPORT,uuid.UUID,test/web_persistence/test_outbox_and_lifecycle.py:302
test/web_persistence/test_outbox_and_lifecycle.py,src/web_domain/outbox.py,FROM_IMPORT,web_domain.outbox.WEB_OUTBOX_RECOVERY_EVENT_TYPES,test/web_persistence/test_outbox_and_lifecycle.py:366
test/web_persistence/test_outbox_and_lifecycle.py,src/orchestration/web_dispatcher.py,FROM_IMPORT,orchestration.web_dispatcher.TemporalOutboxDispatcher,test/web_persistence/test_outbox_and_lifecycle.py:398
test/web_persistence/test_outbox_and_lifecycle.py,src/orchestration/web_dispatcher.py,FROM_IMPORT,orchestration.web_dispatcher.WebOutboxDispatcher,test/web_persistence/test_outbox_and_lifecycle.py:398
test/web_persistence/test_outbox_and_lifecycle.py,src/orchestration/web_dispatcher.py,FROM_IMPORT,orchestration.web_dispatcher.web_workflow_id,test/web_persistence/test_outbox_and_lifecycle.py:398
test/web_persistence/test_outbox_and_lifecycle.py,src/web_domain/workflow_execution.py,FROM_IMPORT,web_domain.workflow_execution.PostgresWorkflowExecutionStore,test/web_persistence/test_outbox_and_lifecycle.py:403
test/web_persistence/test_outbox_and_lifecycle.py,external:unittest.mock,FROM_IMPORT,unittest.mock.patch,test/web_persistence/test_outbox_and_lifecycle.py:467
test/web_persistence/test_permissions.py,external:__future__,FROM_IMPORT,__future__.annotations,test/web_persistence/test_permissions.py:1
test/web_persistence/test_permissions.py,external:uuid,FROM_IMPORT,uuid.uuid4,test/web_persistence/test_permissions.py:3
test/web_persistence/test_permissions.py,external:psycopg,IMPORT,psycopg,test/web_persistence/test_permissions.py:5
test/web_persistence/test_permissions.py,external:pytest,IMPORT,pytest,test/web_persistence/test_permissions.py:6
test/web_persistence/test_persistent_web_files.py,external:__future__,FROM_IMPORT,__future__.annotations,test/web_persistence/test_persistent_web_files.py:1
test/web_persistence/test_persistent_web_files.py,external:pathlib,FROM_IMPORT,pathlib.Path,test/web_persistence/test_persistent_web_files.py:3
test/web_persistence/test_persistent_web_files.py,external:uuid,FROM_IMPORT,uuid.UUID,test/web_persistence/test_persistent_web_files.py:4
test/web_persistence/test_persistent_web_files.py,external:uuid,FROM_IMPORT,uuid.uuid4,test/web_persistence/test_persistent_web_files.py:4
test/web_persistence/test_persistent_web_files.py,external:pytest,IMPORT,pytest,test/web_persistence/test_persistent_web_files.py:6
test/web_persistence/test_persistent_web_files.py,src/agent_activities/persistent_overwrite.py,FROM_IMPORT,agent_activities.persistent_overwrite.PersistentOverwriteActivities,test/web_persistence/test_persistent_web_files.py:8
test/web_persistence/test_persistent_web_files.py,src/agent_activities/store.py,FROM_IMPORT,agent_activities.store.StaleFencingToken,test/web_persistence/test_persistent_web_files.py:9
test/web_persistence/test_persistent_web_files.py,src/agent_activities/store.py,FROM_IMPORT,agent_activities.store.ToolOperationState,test/web_persistence/test_persistent_web_files.py:9
test/web_persistence/test_persistent_web_files.py,src/agent_workflows/contracts.py,FROM_IMPORT,agent_workflows.contracts.ApprovedToolExecutionInput,test/web_persistence/test_persistent_web_files.py:10
test/web_persistence/test_persistent_web_files.py,src/file_domain/approvals.py,FROM_IMPORT,file_domain.approvals.ApprovalNotGranted,test/web_persistence/test_persistent_web_files.py:11
test/web_persistence/test_persistent_web_files.py,src/file_domain/approvals.py,FROM_IMPORT,file_domain.approvals.FileActionApprovalService,test/web_persistence/test_persistent_web_files.py:11
test/web_persistence/test_persistent_web_files.py,src/file_domain/persistent.py,FROM_IMPORT,file_domain.persistent.DestinationChanged,test/web_persistence/test_persistent_web_files.py:12
test/web_persistence/test_persistent_web_files.py,src/file_domain/persistent.py,FROM_IMPORT,file_domain.persistent.PersistentWebFileService,test/web_persistence/test_persistent_web_files.py:12
test/web_persistence/test_persistent_web_files.py,src/file_runtime/__init__.py,FROM_IMPORT,file_runtime.OutputPublisher,test/web_persistence/test_persistent_web_files.py:13
test/web_persistence/test_persistent_web_files.py,src/storage/tenant_file_store.py,FROM_IMPORT,storage.tenant_file_store.TenantFileStore,test/web_persistence/test_persistent_web_files.py:14
test/web_persistence/test_persistent_web_files.py,src/web_domain/services.py,FROM_IMPORT,web_domain.services.CommandService,test/web_persistence/test_persistent_web_files.py:15
test/web_persistence/test_persistent_web_files.py,src/workspace/file_scope.py,FROM_IMPORT,workspace.file_scope.RunFileScope,test/web_persistence/test_persistent_web_files.py:16
test/web_persistence/test_phase_a_hardening.py,external:__future__,FROM_IMPORT,__future__.annotations,test/web_persistence/test_phase_a_hardening.py:1
test/web_persistence/test_phase_a_hardening.py,external:concurrent.futures,FROM_IMPORT,concurrent.futures.ThreadPoolExecutor,test/web_persistence/test_phase_a_hardening.py:3
test/web_persistence/test_phase_a_hardening.py,external:datetime,FROM_IMPORT,datetime.UTC,test/web_persistence/test_phase_a_hardening.py:4
test/web_persistence/test_phase_a_hardening.py,external:datetime,FROM_IMPORT,datetime.datetime,test/web_persistence/test_phase_a_hardening.py:4
test/web_persistence/test_phase_a_hardening.py,external:datetime,FROM_IMPORT,datetime.timedelta,test/web_persistence/test_phase_a_hardening.py:4
test/web_persistence/test_phase_a_hardening.py,external:uuid,FROM_IMPORT,uuid.UUID,test/web_persistence/test_phase_a_hardening.py:5
test/web_persistence/test_phase_a_hardening.py,external:uuid,FROM_IMPORT,uuid.uuid4,test/web_persistence/test_phase_a_hardening.py:5
test/web_persistence/test_phase_a_hardening.py,external:psycopg,IMPORT,psycopg,test/web_persistence/test_phase_a_hardening.py:7
test/web_persistence/test_phase_a_hardening.py,external:pytest,IMPORT,pytest,test/web_persistence/test_phase_a_hardening.py:8
test/web_persistence/test_phase_a_hardening.py,src/persistence/migrate.py,FROM_IMPORT,persistence.migrate.migrate,test/web_persistence/test_phase_a_hardening.py:10
test/web_persistence/test_phase_a_hardening.py,src/persistence/uow.py,FROM_IMPORT,persistence.uow.UnitOfWork,test/web_persistence/test_phase_a_hardening.py:11
test/web_persistence/test_phase_a_hardening.py,src/persistence/uow.py,FROM_IMPORT,persistence.uow.retryable_transaction,test/web_persistence/test_phase_a_hardening.py:11
test/web_persistence/test_phase_a_hardening.py,src/web_domain/errors.py,FROM_IMPORT,web_domain.errors.OutboxLeaseLost,test/web_persistence/test_phase_a_hardening.py:12
test/web_persistence/test_phase_a_hardening.py,src/web_domain/outbox.py,FROM_IMPORT,web_domain.outbox.OutboxService,test/web_persistence/test_phase_a_hardening.py:13
test/web_persistence/test_phase_a_hardening.py,src/web_domain/services.py,FROM_IMPORT,web_domain.services.CommandService,test/web_persistence/test_phase_a_hardening.py:14
test/web_persistence/test_phase_a_invariants.py,external:__future__,FROM_IMPORT,__future__.annotations,test/web_persistence/test_phase_a_invariants.py:1
test/web_persistence/test_phase_a_invariants.py,external:concurrent.futures,FROM_IMPORT,concurrent.futures.ThreadPoolExecutor,test/web_persistence/test_phase_a_invariants.py:3
test/web_persistence/test_phase_a_invariants.py,external:threading,FROM_IMPORT,threading.Barrier,test/web_persistence/test_phase_a_invariants.py:4
test/web_persistence/test_phase_a_invariants.py,external:threading,FROM_IMPORT,threading.Lock,test/web_persistence/test_phase_a_invariants.py:4
test/web_persistence/test_phase_a_invariants.py,external:uuid,FROM_IMPORT,uuid.UUID,test/web_persistence/test_phase_a_invariants.py:5
test/web_persistence/test_phase_a_invariants.py,external:uuid,FROM_IMPORT,uuid.uuid4,test/web_persistence/test_phase_a_invariants.py:5
test/web_persistence/test_phase_a_invariants.py,external:psycopg,IMPORT,psycopg,test/web_persistence/test_phase_a_invariants.py:7
test/web_persistence/test_phase_a_invariants.py,external:pytest,IMPORT,pytest,test/web_persistence/test_phase_a_invariants.py:8
test/web_persistence/test_phase_a_invariants.py,src/persistence/repositories.py,FROM_IMPORT,persistence.repositories.RunRepository,test/web_persistence/test_phase_a_invariants.py:10
test/web_persistence/test_phase_a_invariants.py,src/persistence/uow.py,FROM_IMPORT,persistence.uow.UnitOfWork,test/web_persistence/test_phase_a_invariants.py:11
test/web_persistence/test_phase_a_invariants.py,src/persistence/uow.py,FROM_IMPORT,persistence.uow.retryable_transaction,test/web_persistence/test_phase_a_invariants.py:11
test/web_persistence/test_phase_a_invariants.py,src/web_domain/errors.py,FROM_IMPORT,web_domain.errors.ConversationBusy,test/web_persistence/test_phase_a_invariants.py:12
test/web_persistence/test_phase_a_invariants.py,src/web_domain/services.py,FROM_IMPORT,web_domain.services.CommandService,test/web_persistence/test_phase_a_invariants.py:13
test/web_persistence/test_phase_c_context.py,external:__future__,FROM_IMPORT,__future__.annotations,test/web_persistence/test_phase_c_context.py:1
test/web_persistence/test_phase_c_context.py,external:uuid,FROM_IMPORT,uuid.UUID,test/web_persistence/test_phase_c_context.py:3
test/web_persistence/test_phase_c_context.py,external:uuid,FROM_IMPORT,uuid.uuid4,test/web_persistence/test_phase_c_context.py:3
test/web_persistence/test_phase_c_context.py,external:pytest,IMPORT,pytest,test/web_persistence/test_phase_c_context.py:5
test/web_persistence/test_phase_c_context.py,src/application/context_assembly.py,FROM_IMPORT,application.context_assembly.ContextAssemblyService,test/web_persistence/test_phase_c_context.py:7
test/web_persistence/test_phase_c_context.py,src/application/context_assembly.py,FROM_IMPORT,application.context_assembly.ContextIsolationError,test/web_persistence/test_phase_c_context.py:7
test/web_persistence/test_phase_c_context.py,src/harness/context_builder.py,FROM_IMPORT,harness.context_builder.HarnessContextBuilder,test/web_persistence/test_phase_c_context.py:8
test/web_persistence/test_phase_c_context.py,src/web_domain/services.py,FROM_IMPORT,web_domain.services.CommandService,test/web_persistence/test_phase_c_context.py:9
test/web_persistence/test_phase_c_sessions.py,external:__future__,FROM_IMPORT,__future__.annotations,test/web_persistence/test_phase_c_sessions.py:1
test/web_persistence/test_phase_c_sessions.py,external:uuid,FROM_IMPORT,uuid.UUID,test/web_persistence/test_phase_c_sessions.py:3
test/web_persistence/test_phase_c_sessions.py,external:uuid,FROM_IMPORT,uuid.uuid4,test/web_persistence/test_phase_c_sessions.py:3
test/web_persistence/test_phase_c_sessions.py,external:pytest,IMPORT,pytest,test/web_persistence/test_phase_c_sessions.py:5
test/web_persistence/test_phase_c_sessions.py,src/web_domain/errors.py,FROM_IMPORT,web_domain.errors.ConversationBusy,test/web_persistence/test_phase_c_sessions.py:7
test/web_persistence/test_phase_c_sessions.py,src/web_domain/services.py,FROM_IMPORT,web_domain.services.CommandService,test/web_persistence/test_phase_c_sessions.py:8
test/web_persistence/test_phase_c_sessions.py,src/web_domain/sessions.py,FROM_IMPORT,web_domain.sessions.ConversationSessionService,test/web_persistence/test_phase_c_sessions.py:9
test/web_persistence/test_postgres_account_service.py,external:__future__,FROM_IMPORT,__future__.annotations,test/web_persistence/test_postgres_account_service.py:10
test/web_persistence/test_postgres_account_service.py,external:uuid,FROM_IMPORT,uuid.uuid4,test/web_persistence/test_postgres_account_service.py:12
test/web_persistence/test_postgres_account_service.py,external:pytest,IMPORT,pytest,test/web_persistence/test_postgres_account_service.py:14
test/web_persistence/test_postgres_account_service.py,src/account/postgres_account_service.py,FROM_IMPORT,account.postgres_account_service.PostgresAccountService,test/web_persistence/test_postgres_account_service.py:16
test/web_persistence/test_research_r0_r2.py,external:__future__,FROM_IMPORT,__future__.annotations,test/web_persistence/test_research_r0_r2.py:1
test/web_persistence/test_research_r0_r2.py,external:uuid,FROM_IMPORT,uuid.UUID,test/web_persistence/test_research_r0_r2.py:3
test/web_persistence/test_research_r0_r2.py,external:uuid,FROM_IMPORT,uuid.uuid4,test/web_persistence/test_research_r0_r2.py:3
test/web_persistence/test_research_r0_r2.py,external:pytest,IMPORT,pytest,test/web_persistence/test_research_r0_r2.py:5
test/web_persistence/test_research_r0_r2.py,external:uuid6,FROM_IMPORT,uuid6.uuid7,test/web_persistence/test_research_r0_r2.py:6
test/web_persistence/test_research_r0_r2.py,src/agent_execution/run_budget.py,FROM_IMPORT,agent_execution.run_budget.RunBudgetExhausted,test/web_persistence/test_research_r0_r2.py:8
test/web_persistence/test_research_r0_r2.py,src/agent_execution/run_budget.py,FROM_IMPORT,agent_execution.run_budget.RunBudgetService,test/web_persistence/test_research_r0_r2.py:8
test/web_persistence/test_research_r0_r2.py,src/orchestration/research_workflow.py,FROM_IMPORT,orchestration.research_workflow.ResearchIterationInput,test/web_persistence/test_research_r0_r2.py:9
test/web_persistence/test_research_r0_r2.py,src/orchestration/research_workflow.py,FROM_IMPORT,orchestration.research_workflow.ResearchWorkflowInput,test/web_persistence/test_research_r0_r2.py:9
test/web_persistence/test_research_r0_r2.py,src/persistence/uow.py,FROM_IMPORT,persistence.uow.UnitOfWork,test/web_persistence/test_research_r0_r2.py:10
test/web_persistence/test_research_r0_r2.py,src/research_activities/__init__.py,FROM_IMPORT,research_activities.ResearchActivities,test/web_persistence/test_research_r0_r2.py:11
test/web_persistence/test_research_r0_r2.py,src/research_domain/models.py,FROM_IMPORT,research_domain.models.ClaimDraft,test/web_persistence/test_research_r0_r2.py:12
test/web_persistence/test_research_r0_r2.py,src/research_domain/models.py,FROM_IMPORT,research_domain.models.ResearchReport,test/web_persistence/test_research_r0_r2.py:12
test/web_persistence/test_research_r0_r2.py,src/research_domain/models.py,FROM_IMPORT,research_domain.models.SourceCandidate,test/web_persistence/test_research_r0_r2.py:12
test/web_persistence/test_research_r0_r2.py,src/research_domain/models.py,FROM_IMPORT,research_domain.models.SourceContent,test/web_persistence/test_research_r0_r2.py:12
test/web_persistence/test_research_r0_r2.py,src/research_domain/models.py,FROM_IMPORT,research_domain.models.content_sha256,test/web_persistence/test_research_r0_r2.py:12
test/web_persistence/test_research_r0_r2.py,src/research_domain/persistence.py,FROM_IMPORT,research_domain.persistence.ResearchRepository,test/web_persistence/test_research_r0_r2.py:19
test/web_persistence/test_research_r0_r2.py,src/research_domain/services.py,FROM_IMPORT,research_domain.services.ResearchTaskCommandService,test/web_persistence/test_research_r0_r2.py:20
test/web_persistence/test_research_r0_r2.py,src/web_artifacts/services.py,FROM_IMPORT,web_artifacts.services.ArtifactService,test/web_persistence/test_research_r0_r2.py:21
test/web_persistence/test_research_r0_r2.py,src/web_domain/errors.py,FROM_IMPORT,web_domain.errors.ResourceNotFound,test/web_persistence/test_research_r0_r2.py:22
test/web_persistence/test_research_schedule_temporal_integration.py,external:__future__,FROM_IMPORT,__future__.annotations,test/web_persistence/test_research_schedule_temporal_integration.py:1
test/web_persistence/test_research_schedule_temporal_integration.py,external:asyncio,IMPORT,asyncio,test/web_persistence/test_research_schedule_temporal_integration.py:3
test/web_persistence/test_research_schedule_temporal_integration.py,external:os,IMPORT,os,test/web_persistence/test_research_schedule_temporal_integration.py:4
test/web_persistence/test_research_schedule_temporal_integration.py,external:datetime,FROM_IMPORT,datetime.timedelta,test/web_persistence/test_research_schedule_temporal_integration.py:5
test/web_persistence/test_research_schedule_temporal_integration.py,external:uuid,FROM_IMPORT,uuid.UUID,test/web_persistence/test_research_schedule_temporal_integration.py:6
test/web_persistence/test_research_schedule_temporal_integration.py,external:uuid,FROM_IMPORT,uuid.uuid4,test/web_persistence/test_research_schedule_temporal_integration.py:6
test/web_persistence/test_research_schedule_temporal_integration.py,external:pytest,IMPORT,pytest,test/web_persistence/test_research_schedule_temporal_integration.py:8
test/web_persistence/test_research_schedule_temporal_integration.py,external:temporalio,FROM_IMPORT,temporalio.activity,test/web_persistence/test_research_schedule_temporal_integration.py:9
test/web_persistence/test_research_schedule_temporal_integration.py,external:temporalio.client,FROM_IMPORT,temporalio.client.Client,test/web_persistence/test_research_schedule_temporal_integration.py:10
test/web_persistence/test_research_schedule_temporal_integration.py,external:temporalio.client,FROM_IMPORT,temporalio.client.Schedule,test/web_persistence/test_research_schedule_temporal_integration.py:10
test/web_persistence/test_research_schedule_temporal_integration.py,external:temporalio.client,FROM_IMPORT,temporalio.client.ScheduleActionStartWorkflow,test/web_persistence/test_research_schedule_temporal_integration.py:10
test/web_persistence/test_research_schedule_temporal_integration.py,external:temporalio.client,FROM_IMPORT,temporalio.client.ScheduleIntervalSpec,test/web_persistence/test_research_schedule_temporal_integration.py:10
test/web_persistence/test_research_schedule_temporal_integration.py,external:temporalio.client,FROM_IMPORT,temporalio.client.ScheduleOverlapPolicy,test/web_persistence/test_research_schedule_temporal_integration.py:10
test/web_persistence/test_research_schedule_temporal_integration.py,external:temporalio.client,FROM_IMPORT,temporalio.client.SchedulePolicy,test/web_persistence/test_research_schedule_temporal_integration.py:10
test/web_persistence/test_research_schedule_temporal_integration.py,external:temporalio.client,FROM_IMPORT,temporalio.client.ScheduleSpec,test/web_persistence/test_research_schedule_temporal_integration.py:10
test/web_persistence/test_research_schedule_temporal_integration.py,external:temporalio.worker,FROM_IMPORT,temporalio.worker.Worker,test/web_persistence/test_research_schedule_temporal_integration.py:19
test/web_persistence/test_research_schedule_temporal_integration.py,external:uuid6,FROM_IMPORT,uuid6.uuid7,test/web_persistence/test_research_schedule_temporal_integration.py:20
test/web_persistence/test_research_schedule_temporal_integration.py,src/orchestration/research_workflow.py,FROM_IMPORT,orchestration.research_workflow.ResearchScheduleInput,test/web_persistence/test_research_schedule_temporal_integration.py:22
test/web_persistence/test_research_schedule_temporal_integration.py,src/orchestration/research_workflow.py,FROM_IMPORT,orchestration.research_workflow.ResearchTaskScheduleWorkflow,test/web_persistence/test_research_schedule_temporal_integration.py:22
test/web_persistence/test_research_schedule_temporal_integration.py,src/orchestration/web_workflow.py,FROM_IMPORT,orchestration.web_workflow.WEB_LIFECYCLE_TASK_QUEUE,test/web_persistence/test_research_schedule_temporal_integration.py:26
test/web_persistence/test_research_schedule_temporal_integration.py,src/persistence/uow.py,FROM_IMPORT,persistence.uow.UnitOfWork,test/web_persistence/test_research_schedule_temporal_integration.py:27
test/web_persistence/test_research_schedule_temporal_integration.py,src/research_domain/services.py,FROM_IMPORT,research_domain.services.ResearchTaskCommandService,test/web_persistence/test_research_schedule_temporal_integration.py:28
test/web_persistence/test_research_schedule_temporal_integration.py,src/research_domain/services.py,FROM_IMPORT,research_domain.services.TaskBusy,test/web_persistence/test_research_schedule_temporal_integration.py:28
test/web_persistence/test_run_budget.py,external:__future__,FROM_IMPORT,__future__.annotations,test/web_persistence/test_run_budget.py:1
test/web_persistence/test_run_budget.py,external:uuid,FROM_IMPORT,uuid.uuid4,test/web_persistence/test_run_budget.py:3
test/web_persistence/test_run_budget.py,external:pytest,IMPORT,pytest,test/web_persistence/test_run_budget.py:5
test/web_persistence/test_run_budget.py,src/agent_execution/model_budget_context.py,FROM_IMPORT,agent_execution.model_budget_context.current_model_budget,test/web_persistence/test_run_budget.py:7
test/web_persistence/test_run_budget.py,src/agent_execution/model_budget_context.py,FROM_IMPORT,agent_execution.model_budget_context.model_budget_scope,test/web_persistence/test_run_budget.py:7
test/web_persistence/test_run_budget.py,src/agent_execution/run_budget.py,FROM_IMPORT,agent_execution.run_budget.RunBudgetExhausted,test/web_persistence/test_run_budget.py:8
test/web_persistence/test_run_budget.py,src/agent_execution/run_budget.py,FROM_IMPORT,agent_execution.run_budget.RunBudgetService,test/web_persistence/test_run_budget.py:8
test/web_persistence/test_run_budget.py,src/persistence/uow.py,FROM_IMPORT,persistence.uow.UnitOfWork,test/web_persistence/test_run_budget.py:9
test/web_persistence/test_run_budget.py,src/web_domain/run_usage_projection.py,FROM_IMPORT,web_domain.run_usage_projection.load_run_budget_projection,test/web_persistence/test_run_budget.py:10
test/web_persistence/test_run_budget.py,src/web_domain/services.py,FROM_IMPORT,web_domain.services.CommandService,test/web_persistence/test_run_budget.py:11
test/web_persistence/test_run_budget.py,test/web_persistence/test_phase_a_invariants.py,FROM_IMPORT,test.web_persistence.test_phase_a_invariants._conversation_and_run,test/web_persistence/test_run_budget.py:13
test/web_persistence/test_schema_contract.py,external:__future__,FROM_IMPORT,__future__.annotations,test/web_persistence/test_schema_contract.py:1
test/web_persistence/test_schema_contract.py,external:uuid,FROM_IMPORT,uuid.uuid4,test/web_persistence/test_schema_contract.py:3
test/web_persistence/test_schema_contract.py,external:psycopg,IMPORT,psycopg,test/web_persistence/test_schema_contract.py:5
test/web_persistence/test_schema_contract.py,external:pytest,IMPORT,pytest,test/web_persistence/test_schema_contract.py:6
test/web_persistence/test_schema_contract.py,test/web_persistence/conftest.py,FROM_IMPORT,test.web_persistence.conftest.account,test/web_persistence/test_schema_contract.py:8
test/web_persistence/test_web_artifacts.py,external:__future__,FROM_IMPORT,__future__.annotations,test/web_persistence/test_web_artifacts.py:1
test/web_persistence/test_web_artifacts.py,external:asyncio,IMPORT,asyncio,test/web_persistence/test_web_artifacts.py:3
test/web_persistence/test_web_artifacts.py,external:os,IMPORT,os,test/web_persistence/test_web_artifacts.py:4
test/web_persistence/test_web_artifacts.py,external:uuid,FROM_IMPORT,uuid.UUID,test/web_persistence/test_web_artifacts.py:5
test/web_persistence/test_web_artifacts.py,external:uuid,FROM_IMPORT,uuid.uuid4,test/web_persistence/test_web_artifacts.py:5
test/web_persistence/test_web_artifacts.py,external:psycopg,IMPORT,psycopg,test/web_persistence/test_web_artifacts.py:7
test/web_persistence/test_web_artifacts.py,external:pytest,IMPORT,pytest,test/web_persistence/test_web_artifacts.py:8
test/web_persistence/test_web_artifacts.py,external:temporalio.client,FROM_IMPORT,temporalio.client.Client,test/web_persistence/test_web_artifacts.py:9
test/web_persistence/test_web_artifacts.py,external:temporalio.worker,FROM_IMPORT,temporalio.worker.Worker,test/web_persistence/test_web_artifacts.py:10
test/web_persistence/test_web_artifacts.py,src/orchestration/artifact_activities.py,FROM_IMPORT,orchestration.artifact_activities.execute_artifact_build_activity,test/web_persistence/test_web_artifacts.py:12
test/web_persistence/test_web_artifacts.py,src/orchestration/artifact_activities.py,FROM_IMPORT,orchestration.artifact_activities.inject_artifact_build_service,test/web_persistence/test_web_artifacts.py:12
test/web_persistence/test_web_artifacts.py,src/orchestration/artifact_dispatcher.py,FROM_IMPORT,orchestration.artifact_dispatcher.ArtifactOutboxDispatcher,test/web_persistence/test_web_artifacts.py:16
test/web_persistence/test_web_artifacts.py,src/orchestration/artifact_dispatcher.py,FROM_IMPORT,orchestration.artifact_dispatcher.TemporalArtifactClient,test/web_persistence/test_web_artifacts.py:16
test/web_persistence/test_web_artifacts.py,src/orchestration/artifact_dispatcher.py,FROM_IMPORT,orchestration.artifact_dispatcher.artifact_workflow_id,test/web_persistence/test_web_artifacts.py:16
test/web_persistence/test_web_artifacts.py,src/orchestration/artifact_workflow.py,FROM_IMPORT,orchestration.artifact_workflow.ARTIFACT_TASK_QUEUE,test/web_persistence/test_web_artifacts.py:21
test/web_persistence/test_web_artifacts.py,src/orchestration/artifact_workflow.py,FROM_IMPORT,orchestration.artifact_workflow.ArtifactBuildWorkflow,test/web_persistence/test_web_artifacts.py:21
test/web_persistence/test_web_artifacts.py,src/web_artifacts/build.py,FROM_IMPORT,web_artifacts.build.ArtifactBuildService,test/web_persistence/test_web_artifacts.py:22
test/web_persistence/test_web_artifacts.py,src/web_artifacts/outbox.py,FROM_IMPORT,web_artifacts.outbox.ArtifactOutboxService,test/web_persistence/test_web_artifacts.py:23
test/web_persistence/test_web_artifacts.py,src/web_artifacts/services.py,FROM_IMPORT,web_artifacts.services.ArtifactService,test/web_persistence/test_web_artifacts.py:24
test/web_persistence/test_web_artifacts.py,src/web_domain/errors.py,FROM_IMPORT,web_domain.errors.IdempotencyConflict,test/web_persistence/test_web_artifacts.py:25
test/web_persistence/test_web_artifacts.py,src/web_domain/errors.py,FROM_IMPORT,web_domain.errors.ResourceNotFound,test/web_persistence/test_web_artifacts.py:25
test/web_persistence/test_web_artifacts.py,src/web_domain/services.py,FROM_IMPORT,web_domain.services.CommandService,test/web_persistence/test_web_artifacts.py:26
test/web_persistence/test_web_temporal_e2e.py,external:__future__,FROM_IMPORT,__future__.annotations,test/web_persistence/test_web_temporal_e2e.py:1
test/web_persistence/test_web_temporal_e2e.py,external:asyncio,IMPORT,asyncio,test/web_persistence/test_web_temporal_e2e.py:3
test/web_persistence/test_web_temporal_e2e.py,external:os,IMPORT,os,test/web_persistence/test_web_temporal_e2e.py:4
test/web_persistence/test_web_temporal_e2e.py,external:contextlib,FROM_IMPORT,contextlib.AsyncExitStack,test/web_persistence/test_web_temporal_e2e.py:5
test/web_persistence/test_web_temporal_e2e.py,external:pytest,IMPORT,pytest,test/web_persistence/test_web_temporal_e2e.py:7
test/web_persistence/test_web_temporal_e2e.py,external:temporalio.client,FROM_IMPORT,temporalio.client.Client,test/web_persistence/test_web_temporal_e2e.py:8
test/web_persistence/test_web_temporal_e2e.py,src/agent_execution/facade.py,FROM_IMPORT,agent_execution.facade.AgentExecutionFacade,test/web_persistence/test_web_temporal_e2e.py:10
test/web_persistence/test_web_temporal_e2e.py,src/agent_execution/facade.py,FROM_IMPORT,agent_execution.facade.ExecutionResult,test/web_persistence/test_web_temporal_e2e.py:10
test/web_persistence/test_web_temporal_e2e.py,src/agent_execution/web_adapters.py,FROM_IMPORT,agent_execution.web_adapters.LifecycleWebReplySink,test/web_persistence/test_web_temporal_e2e.py:11
test/web_persistence/test_web_temporal_e2e.py,src/agent_execution/web_adapters.py,FROM_IMPORT,agent_execution.web_adapters.PostgresWebRequestLoader,test/web_persistence/test_web_temporal_e2e.py:11
test/web_persistence/test_web_temporal_e2e.py,src/agent_execution/web_adapters.py,FROM_IMPORT,agent_execution.web_adapters.TemporalActivityControl,test/web_persistence/test_web_temporal_e2e.py:11
test/web_persistence/test_web_temporal_e2e.py,src/agent_execution/web_events.py,FROM_IMPORT,agent_execution.web_events.RedisWebRunEventSinkFactory,test/web_persistence/test_web_temporal_e2e.py:16
test/web_persistence/test_web_temporal_e2e.py,src/agent_execution/web_host.py,FROM_IMPORT,agent_execution.web_host.WebExecutionHost,test/web_persistence/test_web_temporal_e2e.py:17
test/web_persistence/test_web_temporal_e2e.py,src/application/context_assembly.py,FROM_IMPORT,application.context_assembly.ContextAssemblyService,test/web_persistence/test_web_temporal_e2e.py:18
test/web_persistence/test_web_temporal_e2e.py,src/harness/context_builder.py,FROM_IMPORT,harness.context_builder.HarnessContextBuilder,test/web_persistence/test_web_temporal_e2e.py:19
test/web_persistence/test_web_temporal_e2e.py,src/orchestration/web_activities.py,FROM_IMPORT,orchestration.web_activities.execute_agent_activity,test/web_persistence/test_web_temporal_e2e.py:20
test/web_persistence/test_web_temporal_e2e.py,src/orchestration/web_activities.py,FROM_IMPORT,orchestration.web_activities.finalize_cancelled_activity,test/web_persistence/test_web_temporal_e2e.py:20
test/web_persistence/test_web_temporal_e2e.py,src/orchestration/web_activities.py,FROM_IMPORT,orchestration.web_activities.finalize_failed_activity,test/web_persistence/test_web_temporal_e2e.py:20
test/web_persistence/test_web_temporal_e2e.py,src/orchestration/web_activities.py,FROM_IMPORT,orchestration.web_activities.inject_web_execution_host,test/web_persistence/test_web_temporal_e2e.py:20
test/web_persistence/test_web_temporal_e2e.py,src/orchestration/web_activities.py,FROM_IMPORT,orchestration.web_activities.inject_web_lifecycle,test/web_persistence/test_web_temporal_e2e.py:20
test/web_persistence/test_web_temporal_e2e.py,src/orchestration/web_activities.py,FROM_IMPORT,orchestration.web_activities.prepare_run_activity,test/web_persistence/test_web_temporal_e2e.py:20
test/web_persistence/test_web_temporal_e2e.py,src/orchestration/web_dispatcher.py,FROM_IMPORT,orchestration.web_dispatcher.TemporalClientAdapter,test/web_persistence/test_web_temporal_e2e.py:28
test/web_persistence/test_web_temporal_e2e.py,src/orchestration/web_workers.py,FROM_IMPORT,orchestration.web_workers.build_web_temporal_workers,test/web_persistence/test_web_temporal_e2e.py:29
test/web_persistence/test_web_temporal_e2e.py,src/orchestration/web_workflow.py,FROM_IMPORT,orchestration.web_workflow.WebRunWorkflowInput,test/web_persistence/test_web_temporal_e2e.py:30
test/web_persistence/test_web_temporal_e2e.py,src/sandbox/git_repo.py,FROM_IMPORT,sandbox.git_repo.GitRepoManager,test/web_persistence/test_web_temporal_e2e.py:31
test/web_persistence/test_web_temporal_e2e.py,src/web_domain/lifecycle.py,FROM_IMPORT,web_domain.lifecycle.WebRunLifecycleService,test/web_persistence/test_web_temporal_e2e.py:32
test/web_persistence/test_web_temporal_e2e.py,src/web_domain/workflow_execution.py,FROM_IMPORT,web_domain.workflow_execution.PostgresWorkflowExecutionStore,test/web_persistence/test_web_temporal_e2e.py:33
test/web_persistence/test_web_temporal_e2e.py,src/workspace/isolation.py,FROM_IMPORT,workspace.isolation.AccountLockRegistry,test/web_persistence/test_web_temporal_e2e.py:34
test/web_persistence/test_web_temporal_e2e.py,src/workspace/isolation.py,FROM_IMPORT,workspace.isolation.SessionResourceRecoveryService,test/web_persistence/test_web_temporal_e2e.py:34
test/web_persistence/test_web_temporal_e2e.py,test/web_persistence/test_phase_a_invariants.py,FROM_IMPORT,test.web_persistence.test_phase_a_invariants._conversation_and_run,test/web_persistence/test_web_temporal_e2e.py:39
test/web_persistence/test_web_temporal_lifecycle.py,external:__future__,FROM_IMPORT,__future__.annotations,test/web_persistence/test_web_temporal_lifecycle.py:1
test/web_persistence/test_web_temporal_lifecycle.py,external:asyncio,IMPORT,asyncio,test/web_persistence/test_web_temporal_lifecycle.py:3
test/web_persistence/test_web_temporal_lifecycle.py,external:pytest,IMPORT,pytest,test/web_persistence/test_web_temporal_lifecycle.py:5
test/web_persistence/test_web_temporal_lifecycle.py,src/web_domain/lifecycle.py,FROM_IMPORT,web_domain.lifecycle.WebRunLifecycleService,test/web_persistence/test_web_temporal_lifecycle.py:7
test/web_persistence/test_web_temporal_lifecycle.py,test/web_persistence/test_phase_a_invariants.py,FROM_IMPORT,test.web_persistence.test_phase_a_invariants._conversation_and_run,test/web_persistence/test_web_temporal_lifecycle.py:9
test/web_persistence/test_workspace_provisioning_integration.py,external:__future__,FROM_IMPORT,__future__.annotations,test/web_persistence/test_workspace_provisioning_integration.py:8
test/web_persistence/test_workspace_provisioning_integration.py,external:uuid,FROM_IMPORT,uuid.UUID,test/web_persistence/test_workspace_provisioning_integration.py:10
test/web_persistence/test_workspace_provisioning_integration.py,external:uuid,FROM_IMPORT,uuid.uuid4,test/web_persistence/test_workspace_provisioning_integration.py:10
test/web_persistence/test_workspace_provisioning_integration.py,external:pytest,IMPORT,pytest,test/web_persistence/test_workspace_provisioning_integration.py:12
test/web_persistence/test_workspace_provisioning_integration.py,src/sandbox/git_repo.py,FROM_IMPORT,sandbox.git_repo.GitRepoManager,test/web_persistence/test_workspace_provisioning_integration.py:14
test/web_persistence/test_workspace_provisioning_integration.py,src/workspace/isolation.py,FROM_IMPORT,workspace.isolation.AccountLockRegistry,test/web_persistence/test_workspace_provisioning_integration.py:15
test/web_persistence/test_workspace_provisioning_integration.py,src/workspace/isolation.py,FROM_IMPORT,workspace.isolation.SessionResourceRecoveryService,test/web_persistence/test_workspace_provisioning_integration.py:15
test/web_persistence/test_workspace_provisioning_integration.py,test/web_persistence/test_phase_a_invariants.py,FROM_IMPORT,test.web_persistence.test_phase_a_invariants._conversation_and_run,test/web_persistence/test_workspace_provisioning_integration.py:20
test/web_persistence/test_workspace_provisioning_integration.py,external:subprocess,IMPORT,subprocess,test/web_persistence/test_workspace_provisioning_integration.py:37
web/e2e/a11y.spec.ts,external:@playwright/test,FROM_IMPORT,@playwright/test,web/e2e/a11y.spec.ts:7
web/e2e/a11y.spec.ts,web/e2e/helpers.ts,FROM_IMPORT,./helpers,web/e2e/a11y.spec.ts:8
web/e2e/artifact.spec.ts,external:@playwright/test,FROM_IMPORT,@playwright/test,web/e2e/artifact.spec.ts:1
web/e2e/artifact.spec.ts,web/e2e/helpers.ts,FROM_IMPORT,./helpers,web/e2e/artifact.spec.ts:2
web/e2e/auth.spec.ts,external:@playwright/test,FROM_IMPORT,@playwright/test,web/e2e/auth.spec.ts:5
web/e2e/auth.spec.ts,web/e2e/helpers.ts,FROM_IMPORT,./helpers,web/e2e/auth.spec.ts:6
web/e2e/conversation.spec.ts,external:@playwright/test,FROM_IMPORT,@playwright/test,web/e2e/conversation.spec.ts:5
web/e2e/conversation.spec.ts,web/e2e/helpers.ts,FROM_IMPORT,./helpers,web/e2e/conversation.spec.ts:6
web/e2e/disconnect.spec.ts,external:@playwright/test,FROM_IMPORT,@playwright/test,web/e2e/disconnect.spec.ts:8
web/e2e/disconnect.spec.ts,web/e2e/helpers.ts,FROM_IMPORT,./helpers,web/e2e/disconnect.spec.ts:9
web/e2e/f4-approval.spec.ts,external:@playwright/test,FROM_IMPORT,@playwright/test,web/e2e/f4-approval.spec.ts:1
web/e2e/f4-approval.spec.ts,external:node:fs/promises,FROM_IMPORT,node:fs/promises,web/e2e/f4-approval.spec.ts:2
web/e2e/f4-approval.spec.ts,external:node:crypto,FROM_IMPORT,node:crypto,web/e2e/f4-approval.spec.ts:3
web/e2e/helpers.ts,external:@playwright/test,FROM_IMPORT,@playwright/test,web/e2e/helpers.ts:7
web/e2e/markdown.spec.ts,external:@playwright/test,FROM_IMPORT,@playwright/test,web/e2e/markdown.spec.ts:7
web/e2e/markdown.spec.ts,web/e2e/helpers.ts,FROM_IMPORT,./helpers,web/e2e/markdown.spec.ts:8
web/e2e/multi-tab.spec.ts,external:@playwright/test,FROM_IMPORT,@playwright/test,web/e2e/multi-tab.spec.ts:9
web/e2e/multi-tab.spec.ts,web/e2e/helpers.ts,FROM_IMPORT,./helpers,web/e2e/multi-tab.spec.ts:10
web/e2e/stop-retry.spec.ts,external:@playwright/test,FROM_IMPORT,@playwright/test,web/e2e/stop-retry.spec.ts:8
web/e2e/stop-retry.spec.ts,web/e2e/helpers.ts,FROM_IMPORT,./helpers,web/e2e/stop-retry.spec.ts:9
web/eslint.config.js,external:@eslint/js,FROM_IMPORT,@eslint/js,web/eslint.config.js:1
web/eslint.config.js,external:typescript-eslint,FROM_IMPORT,typescript-eslint,web/eslint.config.js:2
web/eslint.config.js,external:eslint-plugin-react-hooks,FROM_IMPORT,eslint-plugin-react-hooks,web/eslint.config.js:3
web/eslint.config.js,external:eslint-plugin-react-refresh,FROM_IMPORT,eslint-plugin-react-refresh,web/eslint.config.js:4
web/playwright.config.ts,external:@playwright/test,FROM_IMPORT,@playwright/test,web/playwright.config.ts:10
web/playwright.live.config.ts,external:@playwright/test,FROM_IMPORT,@playwright/test,web/playwright.live.config.ts:1
web/src/App.test.tsx,external:@testing-library/react,FROM_IMPORT,@testing-library/react,web/src/App.test.tsx:8
web/src/App.test.tsx,external:@testing-library/user-event,FROM_IMPORT,@testing-library/user-event,web/src/App.test.tsx:9
web/src/App.test.tsx,external:vitest,FROM_IMPORT,vitest,web/src/App.test.tsx:10
web/src/App.test.tsx,web/src/App.tsx,FROM_IMPORT,./App,web/src/App.test.tsx:11
web/src/App.test.tsx,web/src/store/auth.ts,FROM_IMPORT,./store/auth,web/src/App.test.tsx:12
web/src/App.test.tsx,web/src/store/artifacts.ts,FROM_IMPORT,./store/artifacts,web/src/App.test.tsx:13
web/src/App.tsx,external:react,FROM_IMPORT,react,web/src/App.tsx:1
web/src/App.tsx,external:@radix-ui/themes,FROM_IMPORT,@radix-ui/themes,web/src/App.tsx:2
web/src/App.tsx,web/src/components/ChatPane.tsx,FROM_IMPORT,./components/ChatPane,web/src/App.tsx:3
web/src/App.tsx,web/src/components/ConversationSidebar.tsx,FROM_IMPORT,./components/ConversationSidebar,web/src/App.tsx:4
web/src/App.tsx,web/src/components/LoginForm.tsx,FROM_IMPORT,./components/LoginForm,web/src/App.tsx:5
web/src/App.tsx,web/src/store/auth.ts,FROM_IMPORT,./store/auth,web/src/App.tsx:6
web/src/App.tsx,web/src/store/workbench.ts,FROM_IMPORT,./store/workbench,web/src/App.tsx:7
web/src/App.tsx,web/src/store/artifacts.ts,FROM_IMPORT,./store/artifacts,web/src/App.tsx:8
web/src/App.tsx,web/src/components/ArtifactPanel.tsx,FROM_IMPORT,./components/ArtifactPanel,web/src/App.tsx:9
web/src/App.tsx,web/src/components/RegistrationQqGate.tsx,FROM_IMPORT,./components/RegistrationQqGate,web/src/App.tsx:10
web/src/App.tsx,web/src/components/trace/TracePanel.tsx,FROM_IMPORT,./components/trace/TracePanel,web/src/App.tsx:11
web/src/App.tsx,web/src/components/trace/traceStore.ts,FROM_IMPORT,./components/trace/traceStore,web/src/App.tsx:12
web/src/adapters/assistant-ui/HpThread.tsx,external:@assistant-ui/react,FROM_IMPORT,@assistant-ui/react,web/src/adapters/assistant-ui/HpThread.tsx:11
web/src/adapters/assistant-ui/HpThread.tsx,external:@radix-ui/themes,FROM_IMPORT,@radix-ui/themes,web/src/adapters/assistant-ui/HpThread.tsx:18
web/src/adapters/assistant-ui/HpThread.tsx,external:lucide-react,FROM_IMPORT,lucide-react,web/src/adapters/assistant-ui/HpThread.tsx:19
web/src/adapters/assistant-ui/HpThread.tsx,external:react-markdown,FROM_IMPORT,react-markdown,web/src/adapters/assistant-ui/HpThread.tsx:20
web/src/adapters/assistant-ui/HpThread.tsx,external:remark-gfm,FROM_IMPORT,remark-gfm,web/src/adapters/assistant-ui/HpThread.tsx:21
web/src/adapters/assistant-ui/HpThread.tsx,web/src/api/types.ts,TYPE_ONLY,../../api/types,web/src/adapters/assistant-ui/HpThread.tsx:22
web/src/adapters/assistant-ui/HpThread.tsx,web/src/adapters/assistant-ui/runtime.ts,FROM_IMPORT,./runtime,web/src/adapters/assistant-ui/HpThread.tsx:23
web/src/adapters/assistant-ui/HpThread.tsx,web/src/store/artifacts.ts,FROM_IMPORT,../../store/artifacts,web/src/adapters/assistant-ui/HpThread.tsx:24
web/src/adapters/assistant-ui/HpThread.tsx,web/src/store/workbench.ts,TYPE_ONLY,../../store/workbench,web/src/adapters/assistant-ui/HpThread.tsx:25
web/src/adapters/assistant-ui/runtime.ts,external:react,FROM_IMPORT,react,web/src/adapters/assistant-ui/runtime.ts:13
web/src/adapters/assistant-ui/runtime.ts,external:@assistant-ui/react,FROM_IMPORT,@assistant-ui/react,web/src/adapters/assistant-ui/runtime.ts:14
web/src/adapters/assistant-ui/runtime.ts,web/src/api/types.ts,TYPE_ONLY,../../api/types,web/src/adapters/assistant-ui/runtime.ts:19
web/src/adapters/assistant-ui/runtime.ts,web/src/adapters/assistant-ui/types.ts,FROM_IMPORT,./types,web/src/adapters/assistant-ui/runtime.ts:20
web/src/adapters/assistant-ui/types.test.ts,external:vitest,FROM_IMPORT,vitest,web/src/adapters/assistant-ui/types.test.ts:9
web/src/adapters/assistant-ui/types.test.ts,web/src/api/types.ts,TYPE_ONLY,../../api/types,web/src/adapters/assistant-ui/types.test.ts:10
web/src/adapters/assistant-ui/types.test.ts,web/src/adapters/assistant-ui/types.ts,FROM_IMPORT,./types,web/src/adapters/assistant-ui/types.test.ts:11
web/src/adapters/assistant-ui/types.ts,external:@assistant-ui/react,TYPE_ONLY,@assistant-ui/react,web/src/adapters/assistant-ui/types.ts:9
web/src/adapters/assistant-ui/types.ts,web/src/api/types.ts,TYPE_ONLY,../../api/types,web/src/adapters/assistant-ui/types.ts:10
web/src/api/client.test.ts,external:vitest,FROM_IMPORT,vitest,web/src/api/client.test.ts:6
web/src/api/client.test.ts,web/src/api/client.ts,FROM_IMPORT,./client,web/src/api/client.test.ts:7
web/src/api/client.test.ts,web/src/api/types.ts,FROM_IMPORT,./types,web/src/api/client.test.ts:8
web/src/api/client.ts,web/src/api/types.ts,FROM_IMPORT,./types,web/src/api/client.ts:12
web/src/api/resources.ts,web/src/api/client.ts,TYPE_ONLY,./client,web/src/api/resources.ts:7
web/src/api/resources.ts,web/src/api/types.ts,TYPE_ONLY,./types,web/src/api/resources.ts:8
web/src/components/ApprovalCard.test.tsx,external:@testing-library/react,FROM_IMPORT,@testing-library/react,web/src/components/ApprovalCard.test.tsx:1
web/src/components/ApprovalCard.test.tsx,external:@testing-library/user-event,FROM_IMPORT,@testing-library/user-event,web/src/components/ApprovalCard.test.tsx:2
web/src/components/ApprovalCard.test.tsx,external:vitest,FROM_IMPORT,vitest,web/src/components/ApprovalCard.test.tsx:3
web/src/components/ApprovalCard.test.tsx,web/src/api/client.ts,FROM_IMPORT,../api/client,web/src/components/ApprovalCard.test.tsx:4
web/src/components/ApprovalCard.test.tsx,web/src/components/ApprovalCard.tsx,FROM_IMPORT,./ApprovalCard,web/src/components/ApprovalCard.test.tsx:5
web/src/components/ApprovalCard.tsx,external:react,FROM_IMPORT,react,web/src/components/ApprovalCard.tsx:1
web/src/components/ApprovalCard.tsx,external:@radix-ui/themes,FROM_IMPORT,@radix-ui/themes,web/src/components/ApprovalCard.tsx:2
web/src/components/ApprovalCard.tsx,web/src/api/client.ts,FROM_IMPORT,../api/client,web/src/components/ApprovalCard.tsx:3
web/src/components/ApprovalCard.tsx,web/src/api/resources.ts,FROM_IMPORT,../api/resources,web/src/components/ApprovalCard.tsx:4
web/src/components/ApprovalCard.tsx,web/src/api/types.ts,TYPE_ONLY,../api/types,web/src/components/ApprovalCard.tsx:5
web/src/components/ApprovalCard.tsx,web/src/utils/idempotency.ts,FROM_IMPORT,../utils/idempotency,web/src/components/ApprovalCard.tsx:6
web/src/components/ArtifactPanel.tsx,external:react,FROM_IMPORT,react,web/src/components/ArtifactPanel.tsx:1
web/src/components/ArtifactPanel.tsx,external:@radix-ui/themes,FROM_IMPORT,@radix-ui/themes,web/src/components/ArtifactPanel.tsx:2
web/src/components/ArtifactPanel.tsx,web/src/store/artifacts.ts,FROM_IMPORT,../store/artifacts,web/src/components/ArtifactPanel.tsx:3
web/src/components/ArtifactPanel.tsx,web/src/components/ArtifactPreview.tsx,FROM_IMPORT,./ArtifactPreview,web/src/components/ArtifactPanel.tsx:4
web/src/components/ArtifactPreview.test.tsx,external:@testing-library/react,FROM_IMPORT,@testing-library/react,web/src/components/ArtifactPreview.test.tsx:1
web/src/components/ArtifactPreview.test.tsx,external:vitest,FROM_IMPORT,vitest,web/src/components/ArtifactPreview.test.tsx:2
web/src/components/ArtifactPreview.test.tsx,web/src/components/ArtifactPreview.tsx,FROM_IMPORT,./ArtifactPreview,web/src/components/ArtifactPreview.test.tsx:3
web/src/components/ArtifactPreview.tsx,external:react,FROM_IMPORT,react,web/src/components/ArtifactPreview.tsx:1
web/src/components/ChatPane.tsx,external:react,FROM_IMPORT,react,web/src/components/ChatPane.tsx:1
web/src/components/ChatPane.tsx,external:@radix-ui/themes,FROM_IMPORT,@radix-ui/themes,web/src/components/ChatPane.tsx:2
web/src/components/ChatPane.tsx,external:lucide-react,FROM_IMPORT,lucide-react,web/src/components/ChatPane.tsx:3
web/src/components/ChatPane.tsx,web/src/adapters/assistant-ui/HpThread.tsx,FROM_IMPORT,../adapters/assistant-ui/HpThread,web/src/components/ChatPane.tsx:4
web/src/components/ChatPane.tsx,web/src/store/workbench.ts,FROM_IMPORT,../store/workbench,web/src/components/ChatPane.tsx:5
web/src/components/ChatPane.tsx,web/src/store/auth.ts,FROM_IMPORT,../store/auth,web/src/components/ChatPane.tsx:6
web/src/components/ChatPane.tsx,web/src/store/artifacts.ts,FROM_IMPORT,../store/artifacts,web/src/components/ChatPane.tsx:7
web/src/components/ChatPane.tsx,web/src/components/RunStatus.tsx,FROM_IMPORT,./RunStatus,web/src/components/ChatPane.tsx:8
web/src/components/ChatPane.tsx,web/src/components/trace/traceStore.ts,FROM_IMPORT,./trace/traceStore,web/src/components/ChatPane.tsx:9
web/src/components/ChatPane.tsx,web/src/components/ApprovalCard.tsx,FROM_IMPORT,./ApprovalCard,web/src/components/ChatPane.tsx:10
web/src/components/ConversationSidebar.tsx,external:@radix-ui/themes,FROM_IMPORT,@radix-ui/themes,web/src/components/ConversationSidebar.tsx:1
web/src/components/ConversationSidebar.tsx,external:lucide-react,FROM_IMPORT,lucide-react,web/src/components/ConversationSidebar.tsx:2
web/src/components/ConversationSidebar.tsx,web/src/api/types.ts,TYPE_ONLY,../api/types,web/src/components/ConversationSidebar.tsx:3
web/src/components/ConversationSidebar.tsx,web/src/api/client.ts,TYPE_ONLY,../api/client,web/src/components/ConversationSidebar.tsx:4
web/src/components/ConversationSidebar.tsx,web/src/components/QQBindingPanel.tsx,FROM_IMPORT,./QQBindingPanel,web/src/components/ConversationSidebar.tsx:5
web/src/components/LoginForm.test.tsx,external:@testing-library/react,FROM_IMPORT,@testing-library/react,web/src/components/LoginForm.test.tsx:1
web/src/components/LoginForm.test.tsx,external:@testing-library/user-event,FROM_IMPORT,@testing-library/user-event,web/src/components/LoginForm.test.tsx:2
web/src/components/LoginForm.test.tsx,external:vitest,FROM_IMPORT,vitest,web/src/components/LoginForm.test.tsx:3
web/src/components/LoginForm.test.tsx,web/src/api/client.ts,FROM_IMPORT,../api/client,web/src/components/LoginForm.test.tsx:4
web/src/components/LoginForm.test.tsx,web/src/components/LoginForm.tsx,FROM_IMPORT,./LoginForm,web/src/components/LoginForm.test.tsx:5
web/src/components/LoginForm.tsx,external:react,FROM_IMPORT,react,web/src/components/LoginForm.tsx:1
web/src/components/LoginForm.tsx,external:@radix-ui/themes,FROM_IMPORT,@radix-ui/themes,web/src/components/LoginForm.tsx:2
web/src/components/LoginForm.tsx,web/src/api/client.ts,FROM_IMPORT,../api/client,web/src/components/LoginForm.tsx:3
web/src/components/LoginForm.tsx,web/src/store/auth.ts,FROM_IMPORT,../store/auth,web/src/components/LoginForm.tsx:4
web/src/components/QQBindingPanel.tsx,external:react,FROM_IMPORT,react,web/src/components/QQBindingPanel.tsx:1
web/src/components/QQBindingPanel.tsx,external:@radix-ui/themes,FROM_IMPORT,@radix-ui/themes,web/src/components/QQBindingPanel.tsx:2
web/src/components/QQBindingPanel.tsx,web/src/api/client.ts,FROM_IMPORT,../api/client,web/src/components/QQBindingPanel.tsx:3
web/src/components/RegistrationQqGate.tsx,external:@radix-ui/themes,FROM_IMPORT,@radix-ui/themes,web/src/components/RegistrationQqGate.tsx:1
web/src/components/RunStatus.test.tsx,external:@testing-library/react,FROM_IMPORT,@testing-library/react,web/src/components/RunStatus.test.tsx:1
web/src/components/RunStatus.test.tsx,external:vitest,FROM_IMPORT,vitest,web/src/components/RunStatus.test.tsx:2
web/src/components/RunStatus.test.tsx,web/src/api/types.ts,TYPE_ONLY,../api/types,web/src/components/RunStatus.test.tsx:3
web/src/components/RunStatus.test.tsx,web/src/components/RunStatus.tsx,FROM_IMPORT,./RunStatus,web/src/components/RunStatus.test.tsx:4
web/src/components/RunStatus.tsx,external:@radix-ui/themes,FROM_IMPORT,@radix-ui/themes,web/src/components/RunStatus.tsx:1
web/src/components/RunStatus.tsx,web/src/api/types.ts,TYPE_ONLY,../api/types,web/src/components/RunStatus.tsx:2
web/src/components/RunStatus.tsx,web/src/sse/runFeed.ts,TYPE_ONLY,../sse/runFeed,web/src/components/RunStatus.tsx:3
web/src/components/RunStatus.tsx,web/src/store/workbench.ts,FROM_IMPORT,../store/workbench,web/src/components/RunStatus.tsx:4
web/src/components/RunStatus.tsx,web/src/components/progressLabels.ts,FROM_IMPORT,./progressLabels,web/src/components/RunStatus.tsx:10
web/src/components/RunStatus.tsx,web/src/utils/tokenUsage.ts,FROM_IMPORT,../utils/tokenUsage,web/src/components/RunStatus.tsx:11
web/src/components/trace/TraceDetail.tsx,web/src/components/trace/traceStore.ts,TYPE_ONLY,./traceStore,web/src/components/trace/TraceDetail.tsx:1
web/src/components/trace/TracePanel.tsx,external:react,FROM_IMPORT,react,web/src/components/trace/TracePanel.tsx:1
web/src/components/trace/TracePanel.tsx,external:lucide-react,FROM_IMPORT,lucide-react,web/src/components/trace/TracePanel.tsx:2
web/src/components/trace/TracePanel.tsx,web/src/components/trace/traceStore.ts,FROM_IMPORT,./traceStore,web/src/components/trace/TracePanel.tsx:3
web/src/components/trace/TracePanel.tsx,web/src/components/trace/TraceTree.tsx,FROM_IMPORT,./TraceTree,web/src/components/trace/TracePanel.tsx:4
web/src/components/trace/TracePanel.tsx,web/src/components/trace/TraceDetail.tsx,FROM_IMPORT,./TraceDetail,web/src/components/trace/TracePanel.tsx:5
web/src/components/trace/TraceTree.tsx,external:react,FROM_IMPORT,react,web/src/components/trace/TraceTree.tsx:1
web/src/components/trace/TraceTree.tsx,external:lucide-react,FROM_IMPORT,lucide-react,web/src/components/trace/TraceTree.tsx:2
web/src/components/trace/TraceTree.tsx,web/src/api/types.ts,TYPE_ONLY,../../api/types,web/src/components/trace/TraceTree.tsx:10
web/src/components/trace/TraceTree.tsx,web/src/components/trace/traceStore.ts,TYPE_ONLY,./traceStore,web/src/components/trace/TraceTree.tsx:11
web/src/components/trace/traceStore.test.ts,external:vitest,FROM_IMPORT,vitest,web/src/components/trace/traceStore.test.ts:1
web/src/components/trace/traceStore.test.ts,web/src/api/types.ts,TYPE_ONLY,../../api/types,web/src/components/trace/traceStore.test.ts:2
web/src/components/trace/traceStore.test.ts,web/src/components/trace/traceStore.ts,FROM_IMPORT,./traceStore,web/src/components/trace/traceStore.test.ts:3
web/src/components/trace/traceStore.ts,external:zustand,FROM_IMPORT,zustand,web/src/components/trace/traceStore.ts:1
web/src/components/trace/traceStore.ts,web/src/api/client.ts,FROM_IMPORT,../../api/client,web/src/components/trace/traceStore.ts:2
web/src/components/trace/traceStore.ts,web/src/api/resources.ts,FROM_IMPORT,../../api/resources,web/src/components/trace/traceStore.ts:3
web/src/components/trace/traceStore.ts,web/src/api/types.ts,TYPE_ONLY,../../api/types,web/src/components/trace/traceStore.ts:4
web/src/components/trace/traceStore.ts,web/src/sse/runFeed.ts,TYPE_ONLY,../../sse/runFeed,web/src/components/trace/traceStore.ts:5
web/src/main.tsx,external:react,FROM_IMPORT,react,web/src/main.tsx:1
web/src/main.tsx,external:react-dom/client,FROM_IMPORT,react-dom/client,web/src/main.tsx:2
web/src/main.tsx,external:@radix-ui/themes,FROM_IMPORT,@radix-ui/themes,web/src/main.tsx:3
web/src/main.tsx,external:@radix-ui/themes/styles.css,FROM_IMPORT,@radix-ui/themes/styles.css,web/src/main.tsx:4
web/src/main.tsx,web/src/styles.css,FROM_IMPORT,./styles.css,web/src/main.tsx:5
web/src/main.tsx,web/src/App.tsx,FROM_IMPORT,./App,web/src/main.tsx:6
web/src/sse/runFeed.test.ts,external:vitest,FROM_IMPORT,vitest,web/src/sse/runFeed.test.ts:9
web/src/sse/runFeed.test.ts,web/src/sse/runFeed.ts,FROM_IMPORT,./runFeed,web/src/sse/runFeed.test.ts:10
web/src/sse/runFeed.test.ts,web/src/api/types.ts,TYPE_ONLY,../api/types,web/src/sse/runFeed.test.ts:11
web/src/sse/runFeed.ts,web/src/api/resources.ts,FROM_IMPORT,../api/resources,web/src/sse/runFeed.ts:23
web/src/sse/runFeed.ts,web/src/api/types.ts,TYPE_ONLY,../api/types,web/src/sse/runFeed.ts:24
web/src/sse/runFeed.ts,web/src/sse/sseClient.ts,FROM_IMPORT,./sseClient,web/src/sse/runFeed.ts:25
web/src/sse/sseClient.test.ts,external:vitest,FROM_IMPORT,vitest,web/src/sse/sseClient.test.ts:8
web/src/sse/sseClient.test.ts,web/src/sse/sseClient.ts,FROM_IMPORT,./sseClient,web/src/sse/sseClient.test.ts:9
web/src/store/artifacts.test.ts,external:vitest,FROM_IMPORT,vitest,web/src/store/artifacts.test.ts:1
web/src/store/artifacts.test.ts,web/src/api/client.ts,FROM_IMPORT,../api/client,web/src/store/artifacts.test.ts:2
web/src/store/artifacts.test.ts,web/src/api/resources.ts,FROM_IMPORT,../api/resources,web/src/store/artifacts.test.ts:3
web/src/store/artifacts.test.ts,web/src/api/types.ts,TYPE_ONLY,../api/types,web/src/store/artifacts.test.ts:4
web/src/store/artifacts.test.ts,web/src/store/artifacts.ts,FROM_IMPORT,./artifacts,web/src/store/artifacts.test.ts:5
web/src/store/artifacts.ts,external:zustand,FROM_IMPORT,zustand,web/src/store/artifacts.ts:1
web/src/store/artifacts.ts,web/src/api/client.ts,FROM_IMPORT,../api/client,web/src/store/artifacts.ts:2
web/src/store/artifacts.ts,web/src/api/resources.ts,FROM_IMPORT,../api/resources,web/src/store/artifacts.ts:3
web/src/store/artifacts.ts,web/src/api/types.ts,FROM_IMPORT,../api/types,web/src/store/artifacts.ts:4
web/src/store/artifacts.ts,web/src/utils/idempotency.ts,FROM_IMPORT,../utils/idempotency,web/src/store/artifacts.ts:10
web/src/store/auth.ts,external:zustand,FROM_IMPORT,zustand,web/src/store/auth.ts:9
web/src/store/auth.ts,web/src/api/client.ts,FROM_IMPORT,../api/client,web/src/store/auth.ts:10
web/src/store/workbench.test.ts,external:vitest,FROM_IMPORT,vitest,web/src/store/workbench.test.ts:6
web/src/store/workbench.test.ts,web/src/api/client.ts,FROM_IMPORT,../api/client,web/src/store/workbench.test.ts:7
web/src/store/workbench.test.ts,web/src/api/resources.ts,FROM_IMPORT,../api/resources,web/src/store/workbench.test.ts:8
web/src/store/workbench.test.ts,web/src/api/types.ts,TYPE_ONLY,../api/types,web/src/store/workbench.test.ts:9
web/src/store/workbench.test.ts,web/src/store/workbench.ts,FROM_IMPORT,./workbench,web/src/store/workbench.test.ts:10
web/src/store/workbench.ts,external:zustand,FROM_IMPORT,zustand,web/src/store/workbench.ts:23
web/src/store/workbench.ts,web/src/api/client.ts,FROM_IMPORT,../api/client,web/src/store/workbench.ts:24
web/src/store/workbench.ts,web/src/api/resources.ts,FROM_IMPORT,../api/resources,web/src/store/workbench.ts:25
web/src/store/workbench.ts,web/src/sse/runFeed.ts,FROM_IMPORT,../sse/runFeed,web/src/store/workbench.ts:26
web/src/store/workbench.ts,web/src/store/auth.ts,FROM_IMPORT,./auth,web/src/store/workbench.ts:27
web/src/store/workbench.ts,web/src/utils/idempotency.ts,FROM_IMPORT,../utils/idempotency,web/src/store/workbench.ts:28
web/src/store/workbench.ts,web/src/components/trace/traceStore.ts,FROM_IMPORT,../components/trace/traceStore,web/src/store/workbench.ts:29
web/src/store/workbench.ts,web/src/api/types.ts,FROM_IMPORT,../api/types,web/src/store/workbench.ts:30
web/src/test/setup.ts,external:@testing-library/jest-dom/vitest,FROM_IMPORT,@testing-library/jest-dom/vitest,web/src/test/setup.ts:1
web/src/utils/idempotency.test.ts,external:vitest,FROM_IMPORT,vitest,web/src/utils/idempotency.test.ts:1
web/src/utils/idempotency.test.ts,web/src/utils/idempotency.ts,FROM_IMPORT,./idempotency,web/src/utils/idempotency.test.ts:2
web/src/utils/tokenUsage.ts,web/src/api/types.ts,TYPE_ONLY,../api/types,web/src/utils/tokenUsage.ts:1
web/vite.config.ts,external:vitest/config,FROM_IMPORT,vitest/config,web/vite.config.ts:1
web/vite.config.ts,external:@vitejs/plugin-react,FROM_IMPORT,@vitejs/plugin-react,web/vite.config.ts:2
