proof_id,path,root,target,chain,evidence,gates,confidence
PROOF:src/account/credentials.py,src/account/credentials.py,R2,src/account/credentials.py::PostgresPasswordCredentialAdapter,DEPLOY:hpagent-api -> src/web_api/__main__.py::main -> src/web_api/app.py::create_app -> src/web_api/app.py::create_app.lifespan -> src/account/credentials.py::PostgresPasswordCredentialAdapter,src/Dockerfile.web-api:10;docker-compose.yaml:635;src/web_api/__main__.py:21;src/web_api/app.py:274;src/web_api/app.py:370,ASGI application startup;valid WebSettings / database,HIGH
PROOF:src/account/identity.py,src/account/identity.py,R2,src/account/identity.py::normalize_web_subject,DEPLOY:hpagent-api -> src/web_api/__main__.py::main -> src/web_api/app.py::create_app -> src/web_api/app.py::create_app.register -> src/account/registration_service.py::RegistrationService.register -> src/account/identity.py::normalize_web_subject,src/Dockerfile.web-api:10;docker-compose.yaml:635;src/account/registration_service.py:47;src/web_api/__main__.py:21;src/web_api/app.py:513;src/web_api/app.py:516,request POST /auth/register;valid WebSettings / database,MEDIUM
PROOF:src/account/identity_binding_service.py,src/account/identity_binding_service.py,R2,src/account/identity_binding_service.py::IdentityBindingService,DEPLOY:hpagent-api -> src/web_api/__main__.py::main -> src/web_api/app.py::create_app -> src/web_api/app.py::create_app.lifespan -> src/account/identity_binding_service.py::IdentityBindingService,src/Dockerfile.web-api:10;docker-compose.yaml:635;src/web_api/__main__.py:21;src/web_api/app.py:287;src/web_api/app.py:370,ASGI application startup;valid WebSettings / database,HIGH
PROOF:src/account/postgres_account_service.py,src/account/postgres_account_service.py,R1,src/account/postgres_account_service.py::PostgresAccountService.list_all_ids,DEPLOY:hpagent -> src/entrypoint.sh -> src/main.py::main -> src/main.py::main_async -> src/orchestration/worker.py::start_worker -> src/orchestration/worker.py::_setup_reflect_schedule -> src/account/postgres_account_service.py::PostgresAccountService.list_all_ids,src/Dockerfile:51;docker-compose.yaml:410;src/entrypoint.sh:5;src/main.py:75;src/main.py:80;src/orchestration/worker.py:1074;src/orchestration/worker.py:1295;src/orchestration/worker.py:1074,injected concrete service; request/config branch;valid config; agent.mode=single; selected channel,HIGH
PROOF:src/account/registration_service.py,src/account/registration_service.py,R2,src/account/registration_service.py::RegistrationService.register,DEPLOY:hpagent-api -> src/web_api/__main__.py::main -> src/web_api/app.py::create_app -> src/web_api/app.py::create_app.register -> src/account/registration_service.py::RegistrationService.register,src/Dockerfile.web-api:10;docker-compose.yaml:635;src/web_api/__main__.py:21;src/web_api/app.py:513;src/web_api/app.py:516,request POST /auth/register;valid WebSettings / database,MEDIUM
PROOF:src/account/validation.py,src/account/validation.py,R1,src/account/validation.py::validate_unified_account_backend,DEPLOY:hpagent -> src/entrypoint.sh -> src/main.py::main -> src/main.py::main_async -> src/orchestration/worker.py::start_worker -> src/orchestration/worker.py::init_dependencies -> src/bootstrap/qq.py::build_qq_runtime -> src/account/validation.py::validate_unified_account_backend,src/Dockerfile:51;docker-compose.yaml:410;src/bootstrap/qq.py:59;src/entrypoint.sh:5;src/main.py:75;src/main.py:80;src/orchestration/worker.py:810;src/orchestration/worker.py:855,valid config; agent.mode=single; selected channel,HIGH
PROOF:src/actions/runtime.py,src/actions/runtime.py,R1,src/actions/runtime.py::ActionRuntime,DEPLOY:hpagent -> src/entrypoint.sh -> src/main.py::main -> src/main.py::main_async -> src/orchestration/worker.py::start_worker -> src/orchestration/worker.py::init_dependencies -> src/bootstrap/qq.py::build_qq_runtime -> src/actions/runtime.py::ActionRuntime,src/Dockerfile:51;docker-compose.yaml:410;src/bootstrap/qq.py:87;src/entrypoint.sh:5;src/main.py:75;src/main.py:80;src/orchestration/worker.py:810;src/orchestration/worker.py:855,valid config; agent.mode=single; selected channel,HIGH
PROOF:src/agent/protocol.py,src/agent/protocol.py,R1,src/agent/protocol.py::ActionRequest,DEPLOY:hpagent -> src/entrypoint.sh -> src/main.py::main -> src/main.py::main_async -> src/orchestration/worker.py::start_worker -> src/orchestration/worker.py::compose_web_workers -> src/agent_activities/runtime.py::DurableAgentActivities.tool_execution -> src/agent/protocol.py::ActionRequest,src/Dockerfile:51;docker-compose.yaml:410;src/agent_activities/runtime.py:854;src/entrypoint.sh:5;src/main.py:75;src/main.py:80;src/orchestration/worker.py:347;src/orchestration/worker.py:931,config.temporal.web_real_agent_enabled;valid config; agent.mode=single; selected channel,HIGH
PROOF:src/agent_activities/persistent_overwrite.py,src/agent_activities/persistent_overwrite.py,R1,src/agent_activities/persistent_overwrite.py::PersistentOverwriteActivities,DEPLOY:hpagent -> src/entrypoint.sh -> src/main.py::main -> src/main.py::main_async -> src/orchestration/worker.py::start_worker -> src/orchestration/worker.py::compose_web_workers -> src/agent_activities/persistent_overwrite.py::PersistentOverwriteActivities,src/Dockerfile:51;docker-compose.yaml:410;src/entrypoint.sh:5;src/main.py:75;src/main.py:80;src/orchestration/worker.py:305;src/orchestration/worker.py:931,config.temporal.web_real_agent_enabled;valid config; agent.mode=single; selected channel,HIGH
PROOF:src/agent_activities/runtime.py,src/agent_activities/runtime.py,R1,src/agent_activities/runtime.py::DurableAgentActivities,DEPLOY:hpagent -> src/entrypoint.sh -> src/main.py::main -> src/main.py::main_async -> src/orchestration/worker.py::start_worker -> src/orchestration/worker.py::compose_web_workers -> src/agent_activities/runtime.py::DurableAgentActivities,src/Dockerfile:51;docker-compose.yaml:410;src/entrypoint.sh:5;src/main.py:75;src/main.py:80;src/orchestration/worker.py:293;src/orchestration/worker.py:931,config.temporal.web_real_agent_enabled;valid config; agent.mode=single; selected channel,HIGH
PROOF:src/agent_activities/side_effects.py,src/agent_activities/side_effects.py,R1,src/agent_activities/side_effects.py::normalize_side_effect_class,DEPLOY:hpagent -> src/entrypoint.sh -> src/main.py::main -> src/main.py::main_async -> src/orchestration/worker.py::start_worker -> src/orchestration/worker.py::compose_web_workers -> src/agent_activities/runtime.py::DurableAgentActivities.tool_execution -> src/agent_activities/side_effects.py::normalize_side_effect_class,src/Dockerfile:51;docker-compose.yaml:410;src/agent_activities/runtime.py:666;src/entrypoint.sh:5;src/main.py:75;src/main.py:80;src/orchestration/worker.py:347;src/orchestration/worker.py:931,config.temporal.web_real_agent_enabled;valid config; agent.mode=single; selected channel,HIGH
PROOF:src/agent_activities/store.py,src/agent_activities/store.py,R1,src/agent_activities/store.py::AgentDataStore,DEPLOY:hpagent -> src/entrypoint.sh -> src/main.py::main -> src/main.py::main_async -> src/orchestration/worker.py::start_worker -> src/orchestration/worker.py::compose_web_workers -> src/agent_activities/store.py::AgentDataStore,src/Dockerfile:51;docker-compose.yaml:410;src/entrypoint.sh:5;src/main.py:75;src/main.py:80;src/orchestration/worker.py:253;src/orchestration/worker.py:931,config.temporal.web_real_agent_enabled;valid config; agent.mode=single; selected channel,HIGH
PROOF:src/agent_execution/audit.py,src/agent_execution/audit.py,R1,src/agent_execution/audit.py::LoggingExecutionAuditSinkFactory,DEPLOY:hpagent -> src/entrypoint.sh -> src/main.py::main -> src/main.py::main_async -> src/orchestration/worker.py::start_worker -> src/orchestration/worker.py::compose_web_workers -> src/agent_execution/audit.py::LoggingExecutionAuditSinkFactory,src/Dockerfile:51;docker-compose.yaml:410;src/entrypoint.sh:5;src/main.py:75;src/main.py:80;src/orchestration/worker.py:248;src/orchestration/worker.py:931,config.temporal.web_real_agent_enabled;valid config; agent.mode=single; selected channel,HIGH
PROOF:src/agent_execution/brain_action_loop.py,src/agent_execution/brain_action_loop.py,R1,src/agent_execution/brain_action_loop.py::DefaultBrainActionLoop,DEPLOY:hpagent -> src/entrypoint.sh -> src/main.py::main -> src/main.py::main_async -> src/orchestration/worker.py::start_worker -> src/orchestration/worker.py::compose_web_workers -> src/agent_execution/brain_action_loop.py::DefaultBrainActionLoop,src/Dockerfile:51;docker-compose.yaml:410;src/entrypoint.sh:5;src/main.py:75;src/main.py:80;src/orchestration/worker.py:215;src/orchestration/worker.py:931,config.temporal.web_real_agent_enabled;valid config; agent.mode=single; selected channel,HIGH
PROOF:src/agent_execution/facade.py,src/agent_execution/facade.py,R1,src/agent_execution/facade.py::AgentExecutionFacade,DEPLOY:hpagent -> src/entrypoint.sh -> src/main.py::main -> src/main.py::main_async -> src/orchestration/worker.py::start_worker -> src/orchestration/worker.py::compose_web_workers -> src/agent_execution/facade.py::AgentExecutionFacade,src/Dockerfile:51;docker-compose.yaml:410;src/entrypoint.sh:5;src/main.py:75;src/main.py:80;src/orchestration/worker.py:214;src/orchestration/worker.py:931,config.temporal.web_real_agent_enabled;valid config; agent.mode=single; selected channel,HIGH
PROOF:src/agent_execution/model_budget_context.py,src/agent_execution/model_budget_context.py,R1,src/agent_execution/model_budget_context.py::model_budget_scope,DEPLOY:hpagent -> src/entrypoint.sh -> src/main.py::main -> src/main.py::main_async -> src/orchestration/worker.py::start_worker -> src/orchestration/worker.py::compose_web_workers -> src/agent_activities/runtime.py::DurableAgentActivities.context_bootstrap -> src/agent_execution/model_budget_context.py::model_budget_scope,src/Dockerfile:51;docker-compose.yaml:410;src/agent_activities/runtime.py:306;src/entrypoint.sh:5;src/main.py:75;src/main.py:80;src/orchestration/worker.py:345;src/orchestration/worker.py:931,config.temporal.web_real_agent_enabled;loaded.context_provider is not None;valid config; agent.mode=single; selected channel,HIGH
PROOF:src/agent_execution/qq_host.py,src/agent_execution/qq_host.py,R1,src/agent_execution/qq_host.py::QQExecutionHost.execute,DEPLOY:hpagent -> src/entrypoint.sh -> src/main.py::main -> src/main.py::main_async -> src/orchestration/worker.py::start_worker -> src/harness/activities.py::process_turn_activity -> src/agent_execution/qq_host.py::QQExecutionHost.execute,src/Dockerfile:51;docker-compose.yaml:410;src/entrypoint.sh:5;src/harness/activities.py:54;src/main.py:75;src/main.py:80;src/orchestration/worker.py:916,valid config; agent.mode=single; selected channel,HIGH
PROOF:src/agent_execution/run_budget.py,src/agent_execution/run_budget.py,R6,src/agent_execution/run_budget.py::RunBudgetService,DEPLOY:hpagent-document-worker -> src/orchestration/document_worker.py::main -> src/orchestration/document_worker.py::main_async -> src/document_activities/runtime.py::DocumentActivities -> src/document_activities/runtime.py::DocumentActivities.__init__ -> src/agent_execution/run_budget.py::RunBudgetService,src/Dockerfile.document:20;docker-compose.yaml:584;src/document_activities/runtime.py:22;src/document_activities/runtime.py:28;src/orchestration/document_worker.py:39;src/orchestration/document_worker.py:52,database / Temporal / document image; heavy-normalization request,HIGH
PROOF:src/agent_execution/tracing/context.py,src/agent_execution/tracing/context.py,R1,src/agent_execution/tracing/context.py::trace_node_id,DEPLOY:hpagent -> src/entrypoint.sh -> src/main.py::main -> src/main.py::main_async -> src/orchestration/worker.py::start_worker -> src/orchestration/worker.py::compose_web_workers -> src/agent_activities/runtime.py::DurableAgentActivities.finalize_agent_result -> src/agent_execution/tracing/context.py::trace_node_id,src/Dockerfile:51;docker-compose.yaml:410;src/agent_activities/runtime.py:1410;src/entrypoint.sh:5;src/main.py:75;src/main.py:80;src/orchestration/worker.py:324;src/orchestration/worker.py:931,config.temporal.web_real_agent_enabled;valid config; agent.mode=single; selected channel,HIGH
PROOF:src/agent_execution/tracing/instrumentation.py,src/agent_execution/tracing/instrumentation.py,R1,src/agent_execution/tracing/instrumentation.py::trace_start,DEPLOY:hpagent -> src/entrypoint.sh -> src/main.py::main -> src/main.py::main_async -> src/orchestration/worker.py::start_worker -> src/orchestration/worker.py::compose_web_workers -> src/agent_activities/runtime.py::DurableAgentActivities.finalize_agent_result -> src/agent_execution/tracing/instrumentation.py::trace_start,src/Dockerfile:51;docker-compose.yaml:410;src/agent_activities/runtime.py:1412;src/entrypoint.sh:5;src/main.py:75;src/main.py:80;src/orchestration/worker.py:324;src/orchestration/worker.py:931,config.temporal.web_real_agent_enabled;valid config; agent.mode=single; selected channel,HIGH
PROOF:src/agent_execution/tracing/lifecycle.py,src/agent_execution/tracing/lifecycle.py,R1,src/agent_execution/tracing/lifecycle.py::TraceLifecycleObserver,DEPLOY:hpagent -> src/entrypoint.sh -> src/main.py::main -> src/main.py::main_async -> src/orchestration/worker.py::start_worker -> src/orchestration/worker.py::compose_web_workers -> src/agent_execution/tracing/lifecycle.py::TraceLifecycleObserver,src/Dockerfile:51;docker-compose.yaml:410;src/entrypoint.sh:5;src/main.py:75;src/main.py:80;src/orchestration/worker.py:209;src/orchestration/worker.py:931,config.temporal.web_real_agent_enabled;valid config; agent.mode=single; selected channel,HIGH
PROOF:src/agent_execution/tracing/metadata.py,src/agent_execution/tracing/metadata.py,R6,src/agent_execution/tracing/metadata.py::sanitize_trace_run_metadata,DEPLOY:hpagent-document-worker -> src/orchestration/document_worker.py::main -> src/orchestration/document_worker.py::main_async -> src/orchestration/document_worker.py::build_document_worker -> src/document_activities/runtime.py::DocumentActivities.normalize_document -> src/agent_execution/tracing/repository.py::PostgresTraceRepository.finish_event -> src/agent_execution/tracing/metadata.py::sanitize_trace_run_metadata,src/Dockerfile.document:20;docker-compose.yaml:584;src/agent_execution/tracing/repository.py:137;src/document_activities/runtime.py:181;src/orchestration/document_worker.py:24;src/orchestration/document_worker.py:43;src/orchestration/document_worker.py:52,database / Temporal / document image; heavy-normalization request;row['parent_event_id'] is None,MEDIUM
PROOF:src/agent_execution/tracing/models.py,src/agent_execution/tracing/models.py,R2,src/agent_execution/tracing/models.py::TraceTree,DEPLOY:hpagent-api -> src/web_api/__main__.py::main -> src/web_api/app.py::create_app -> src/web_api/app.py::create_app.get_run_trace -> src/agent_execution/tracing/repository.py::PostgresTraceRepository.get_trace_tree -> src/agent_execution/tracing/models.py::TraceTree,src/Dockerfile.web-api:10;docker-compose.yaml:635;src/agent_execution/tracing/repository.py:163;src/web_api/__main__.py:21;src/web_api/app.py:977;src/web_api/app.py:983,request GET /api/v1/runs/{run_id}/trace;valid WebSettings / database,MEDIUM
PROOF:src/agent_execution/tracing/repository.py,src/agent_execution/tracing/repository.py,R2,src/agent_execution/tracing/repository.py::PostgresTraceRepository,DEPLOY:hpagent-api -> src/web_api/__main__.py::main -> src/web_api/app.py::create_app -> src/web_api/app.py::create_app.lifespan -> src/agent_execution/tracing/repository.py::PostgresTraceRepository,src/Dockerfile.web-api:10;docker-compose.yaml:635;src/web_api/__main__.py:21;src/web_api/app.py:321;src/web_api/app.py:370,ASGI application startup;valid WebSettings / database,HIGH
PROOF:src/agent_execution/tracing/sink.py,src/agent_execution/tracing/sink.py,R1,src/agent_execution/tracing/sink.py::TracingWebEventSinkFactory,DEPLOY:hpagent -> src/entrypoint.sh -> src/main.py::main -> src/main.py::main_async -> src/orchestration/worker.py::start_worker -> src/orchestration/worker.py::compose_web_workers -> src/agent_execution/tracing/sink.py::TracingWebEventSinkFactory,src/Dockerfile:51;docker-compose.yaml:410;src/entrypoint.sh:5;src/main.py:75;src/main.py:80;src/orchestration/worker.py:203;src/orchestration/worker.py:931,config.temporal.web_real_agent_enabled;valid config; agent.mode=single; selected channel,HIGH
PROOF:src/agent_execution/web_adapters.py,src/agent_execution/web_adapters.py,R1,src/agent_execution/web_adapters.py::PostgresWebRequestLoader,DEPLOY:hpagent -> src/entrypoint.sh -> src/main.py::main -> src/main.py::main_async -> src/orchestration/worker.py::start_worker -> src/orchestration/worker.py::compose_web_workers -> src/agent_execution/web_adapters.py::PostgresWebRequestLoader,src/Dockerfile:51;docker-compose.yaml:410;src/entrypoint.sh:5;src/main.py:75;src/main.py:80;src/orchestration/worker.py:241;src/orchestration/worker.py:931,config.temporal.web_real_agent_enabled;valid config; agent.mode=single; selected channel,HIGH
PROOF:src/agent_execution/web_events.py,src/agent_execution/web_events.py,R2,src/agent_execution/web_events.py::RedisWebRunEventSinkFactory,DEPLOY:hpagent-api -> src/web_api/__main__.py::main -> src/web_api/app.py::create_app -> src/web_api/app.py::create_app.lifespan -> src/web_api/fake_executor.py::FakeRunExecutor -> src/web_api/fake_executor.py::FakeRunExecutor.__init__ -> src/agent_execution/web_events.py::RedisWebRunEventSinkFactory,src/Dockerfile.web-api:10;docker-compose.yaml:635;src/web_api/__main__.py:21;src/web_api/app.py:349;src/web_api/app.py:370;src/web_api/fake_executor.py:19;src/web_api/fake_executor.py:41,ASGI application startup;settings.fake_executor_enabled;valid WebSettings / database,HIGH
PROOF:src/agent_execution/web_host.py,src/agent_execution/web_host.py,R1,src/agent_execution/web_host.py::WebExecutionHost,DEPLOY:hpagent -> src/entrypoint.sh -> src/main.py::main -> src/main.py::main_async -> src/orchestration/worker.py::start_worker -> src/orchestration/worker.py::compose_web_workers -> src/agent_execution/web_host.py::WebExecutionHost,src/Dockerfile:51;docker-compose.yaml:410;src/entrypoint.sh:5;src/main.py:75;src/main.py:80;src/orchestration/worker.py:242;src/orchestration/worker.py:931,config.temporal.web_real_agent_enabled;valid config; agent.mode=single; selected channel,HIGH
PROOF:src/agent_workflows/agent_run.py,src/agent_workflows/agent_run.py,R1,src/agent_workflows/agent_run.py::AgentRunWorkflow,DEPLOY:hpagent -> src/entrypoint.sh -> src/main.py::main -> src/main.py::main_async -> src/orchestration/worker.py::start_worker -> ROOT:WEB_AGENT -> src/agent_workflows/agent_run.py::AgentRunWorkflow,src/Dockerfile:51;docker-compose.yaml:410;src/entrypoint.sh:5;src/main.py:75;src/main.py:80;src/orchestration/web_workers.py:184;src/orchestration/worker.py:930,WEB_REAL_AGENT_ENABLED;WEB_REAL_AGENT_ENABLED; definitions independent of durable start flag;valid config; agent.mode=single; selected channel,HIGH
PROOF:src/agent_workflows/agent_step.py,src/agent_workflows/agent_step.py,R1,src/agent_workflows/agent_step.py::AgentStepWorkflow,DEPLOY:hpagent -> src/entrypoint.sh -> src/main.py::main -> src/main.py::main_async -> src/orchestration/worker.py::start_worker -> ROOT:WEB_AGENT -> src/agent_workflows/agent_step.py::AgentStepWorkflow,src/Dockerfile:51;docker-compose.yaml:410;src/entrypoint.sh:5;src/main.py:75;src/main.py:80;src/orchestration/web_workers.py:187;src/orchestration/worker.py:930,WEB_REAL_AGENT_ENABLED;WEB_REAL_AGENT_ENABLED; definitions independent of durable start flag;valid config; agent.mode=single; selected channel,HIGH
PROOF:src/agent_workflows/contracts.py,src/agent_workflows/contracts.py,R1,src/agent_workflows/contracts.py::ContextBootstrapResult,DEPLOY:hpagent -> src/entrypoint.sh -> src/main.py::main -> src/main.py::main_async -> src/orchestration/worker.py::start_worker -> src/orchestration/worker.py::compose_web_workers -> src/agent_activities/runtime.py::DurableAgentActivities.context_bootstrap -> src/agent_workflows/contracts.py::ContextBootstrapResult,src/Dockerfile:51;docker-compose.yaml:410;src/agent_activities/runtime.py:285;src/entrypoint.sh:5;src/main.py:75;src/main.py:80;src/orchestration/worker.py:345;src/orchestration/worker.py:931,config.temporal.web_real_agent_enabled;previous is not None;valid config; agent.mode=single; selected channel,HIGH
PROOF:src/agent_workflows/plan_execute.py,src/agent_workflows/plan_execute.py,R1,src/agent_workflows/plan_execute.py::PlanAndExecuteWorkflow,DEPLOY:hpagent -> src/entrypoint.sh -> src/main.py::main -> src/main.py::main_async -> src/orchestration/worker.py::start_worker -> ROOT:WEB_AGENT -> src/agent_workflows/plan_execute.py::PlanAndExecuteWorkflow,src/Dockerfile:51;docker-compose.yaml:410;src/entrypoint.sh:5;src/main.py:75;src/main.py:80;src/orchestration/web_workers.py:186;src/orchestration/worker.py:930,WEB_REAL_AGENT_ENABLED;WEB_REAL_AGENT_ENABLED; definitions independent of durable start flag;valid config; agent.mode=single; selected channel,HIGH
PROOF:src/agent_workflows/react.py,src/agent_workflows/react.py,R1,src/agent_workflows/react.py::ReactAgentWorkflow,DEPLOY:hpagent -> src/entrypoint.sh -> src/main.py::main -> src/main.py::main_async -> src/orchestration/worker.py::start_worker -> ROOT:WEB_AGENT -> src/agent_workflows/react.py::ReactAgentWorkflow,src/Dockerfile:51;docker-compose.yaml:410;src/entrypoint.sh:5;src/main.py:75;src/main.py:80;src/orchestration/web_workers.py:185;src/orchestration/worker.py:930,WEB_REAL_AGENT_ENABLED;WEB_REAL_AGENT_ENABLED; definitions independent of durable start flag;valid config; agent.mode=single; selected channel,HIGH
PROOF:src/agent_workflows/tool_execution.py,src/agent_workflows/tool_execution.py,R2,src/agent_workflows/tool_execution.py::tool_execution_workflow_id,DEPLOY:hpagent-api -> src/web_api/__main__.py::main -> src/web_api/app.py::create_app -> src/web_api/app.py::create_app.cancel_run -> src/web_domain/services.py::CommandService.cancel_run -> src/agent_workflows/tool_execution.py::tool_execution_workflow_id,src/Dockerfile.web-api:10;docker-compose.yaml:635;src/web_api/__main__.py:21;src/web_api/app.py:1111;src/web_api/app.py:1113;src/web_domain/services.py:264,"NOT run['status'] == 'cancelled' && NOT run['status'] == 'queued' and (not self.workflows.has_current(uow, run_id));request POST /api/v1/runs/{run_id}/cancel;valid WebSettings / database",MEDIUM
PROOF:src/application/context_assembly.py,src/application/context_assembly.py,R1,src/application/context_assembly.py::ContextAssemblyService,DEPLOY:hpagent -> src/entrypoint.sh -> src/main.py::main -> src/main.py::main_async -> src/orchestration/worker.py::start_worker -> src/orchestration/worker.py::compose_web_workers -> src/application/context_assembly.py::ContextAssemblyService,src/Dockerfile:51;docker-compose.yaml:410;src/entrypoint.sh:5;src/main.py:75;src/main.py:80;src/orchestration/worker.py:211;src/orchestration/worker.py:931,config.temporal.web_real_agent_enabled;valid config; agent.mode=single; selected channel,HIGH
PROOF:src/application/conversation.py,src/application/conversation.py,R1,src/application/conversation.py::ConversationService,DEPLOY:hpagent -> src/entrypoint.sh -> src/main.py::main -> src/main.py::main_async -> src/orchestration/worker.py::start_worker -> src/application/conversation.py::ConversationService,src/Dockerfile:51;docker-compose.yaml:410;src/entrypoint.sh:5;src/main.py:75;src/main.py:80;src/orchestration/worker.py:971,valid config; agent.mode=single; selected channel,HIGH
PROOF:src/application/identity_commands.py,src/application/identity_commands.py,R1,src/application/identity_commands.py::IdentityCommandService,DEPLOY:hpagent -> src/entrypoint.sh -> src/main.py::main -> src/main.py::main_async -> src/orchestration/worker.py::start_worker -> src/application/identity_commands.py::IdentityCommandService,src/Dockerfile:51;docker-compose.yaml:410;src/entrypoint.sh:5;src/main.py:75;src/main.py:80;src/orchestration/worker.py:988,valid config; agent.mode=single; selected channel,HIGH
PROOF:src/application/ingress.py,src/application/ingress.py,R1,src/application/ingress.py::MessageIngressService,DEPLOY:hpagent -> src/entrypoint.sh -> src/main.py::main -> src/main.py::main_async -> src/orchestration/worker.py::start_worker -> src/application/ingress.py::MessageIngressService,src/Dockerfile:51;docker-compose.yaml:410;src/entrypoint.sh:5;src/main.py:75;src/main.py:80;src/orchestration/worker.py:984,valid config; agent.mode=single; selected channel,HIGH
PROOF:src/application/memory.py,src/application/memory.py,R1,src/application/memory.py::TurnMemoryService.archive_events,DEPLOY:hpagent -> src/entrypoint.sh -> src/main.py::main -> src/main.py::main_async -> src/orchestration/worker.py::start_worker -> src/harness/activities.py::archive_session_activity -> src/application/session_archive.py::SessionArchiveService.archive -> src/application/memory.py::TurnMemoryService.archive_events,src/Dockerfile:51;docker-compose.yaml:410;src/application/session_archive.py:43;src/bootstrap/qq.py:80;src/entrypoint.sh:5;src/harness/activities.py:72;src/main.py:75;src/main.py:80;src/orchestration/worker.py:917,injected concrete service; request/config branch;valid config; agent.mode=single; selected channel,HIGH
PROOF:src/application/memory_reflection.py,src/application/memory_reflection.py,R1,src/application/memory_reflection.py::MemoryReflectionService.reflect,DEPLOY:hpagent -> src/entrypoint.sh -> src/main.py::main -> src/main.py::main_async -> src/orchestration/worker.py::start_worker -> src/harness/activities.py::reflect_activity -> src/application/memory_reflection.py::MemoryReflectionService.reflect,src/Dockerfile:51;docker-compose.yaml:410;src/entrypoint.sh:5;src/harness/activities.py:83;src/main.py:75;src/main.py:80;src/orchestration/worker.py:918,valid config; agent.mode=single; selected channel,HIGH
PROOF:src/application/memory_retention.py,src/application/memory_retention.py,R1,src/application/memory_retention.py::MemoryRetentionService,DEPLOY:hpagent -> src/entrypoint.sh -> src/main.py::main -> src/main.py::main_async -> src/orchestration/worker.py::start_worker -> src/orchestration/worker.py::compose_web_workers -> src/application/memory_retention.py::MemoryRetentionService,src/Dockerfile:51;docker-compose.yaml:410;src/entrypoint.sh:5;src/main.py:75;src/main.py:80;src/orchestration/worker.py:378;src/orchestration/worker.py:931,config.temporal.web_real_agent_enabled;deps.hindsight_client is not None;valid config; agent.mode=single; selected channel,HIGH
PROOF:src/application/metrics.py,src/application/metrics.py,R1,src/application/metrics.py::MetricsSnapshotService.snapshot,DEPLOY:hpagent -> src/entrypoint.sh -> src/main.py::main -> src/main.py::main_async -> src/orchestration/worker.py::start_worker -> src/harness/activities.py::metrics_report_activity -> src/application/metrics.py::MetricsSnapshotService.snapshot,src/Dockerfile:51;docker-compose.yaml:410;src/entrypoint.sh:5;src/harness/activities.py:95;src/main.py:75;src/main.py:80;src/orchestration/worker.py:920,valid config; agent.mode=single; selected channel,HIGH
PROOF:src/application/reply.py,src/application/reply.py,R1,src/application/reply.py::ReplyService,DEPLOY:hpagent -> src/entrypoint.sh -> src/main.py::main -> src/main.py::main_async -> src/orchestration/worker.py::start_worker -> src/orchestration/worker.py::init_dependencies -> src/bootstrap/qq.py::build_qq_runtime -> src/application/reply.py::ReplyService,src/Dockerfile:51;docker-compose.yaml:410;src/bootstrap/qq.py:82;src/entrypoint.sh:5;src/main.py:75;src/main.py:80;src/orchestration/worker.py:810;src/orchestration/worker.py:855,valid config; agent.mode=single; selected channel,HIGH
PROOF:src/application/session_archive.py,src/application/session_archive.py,R1,src/application/session_archive.py::SessionArchiveService.archive,DEPLOY:hpagent -> src/entrypoint.sh -> src/main.py::main -> src/main.py::main_async -> src/orchestration/worker.py::start_worker -> src/harness/activities.py::archive_session_activity -> src/application/session_archive.py::SessionArchiveService.archive,src/Dockerfile:51;docker-compose.yaml:410;src/entrypoint.sh:5;src/harness/activities.py:72;src/main.py:75;src/main.py:80;src/orchestration/worker.py:917,valid config; agent.mode=single; selected channel,HIGH
PROOF:src/bootstrap/qq.py,src/bootstrap/qq.py,R1,src/bootstrap/qq.py::build_qq_runtime,DEPLOY:hpagent -> src/entrypoint.sh -> src/main.py::main -> src/main.py::main_async -> src/orchestration/worker.py::start_worker -> src/orchestration/worker.py::init_dependencies -> src/bootstrap/qq.py::build_qq_runtime,src/Dockerfile:51;docker-compose.yaml:410;src/entrypoint.sh:5;src/main.py:75;src/main.py:80;src/orchestration/worker.py:810;src/orchestration/worker.py:855,valid config; agent.mode=single; selected channel,HIGH
PROOF:src/brain/engine.py,src/brain/engine.py,R1,src/brain/engine.py::BrainEngine,DEPLOY:hpagent -> src/entrypoint.sh -> src/main.py::main -> src/main.py::main_async -> src/orchestration/worker.py::start_worker -> src/orchestration/worker.py::init_dependencies -> src/bootstrap/qq.py::build_qq_runtime -> src/brain/engine.py::BrainEngine,src/Dockerfile:51;docker-compose.yaml:410;src/bootstrap/qq.py:81;src/entrypoint.sh:5;src/main.py:75;src/main.py:80;src/orchestration/worker.py:810;src/orchestration/worker.py:855,valid config; agent.mode=single; selected channel,HIGH
PROOF:src/channels/napcat.py,src/channels/napcat.py,R1,src/channels/napcat.py::NapCatChannel,DEPLOY:hpagent -> src/entrypoint.sh -> src/main.py::main -> src/main.py::main_async -> src/orchestration/worker.py::start_worker -> src/channels/napcat.py::NapCatChannel,src/Dockerfile:51;docker-compose.yaml:410;src/entrypoint.sh:5;src/main.py:75;src/main.py:80;src/orchestration/worker.py:947,channels.enabled contains napcat;valid config; agent.mode=single; selected channel,HIGH
PROOF:src/channels/official_qq.py,src/channels/official_qq.py,R1,src/channels/official_qq.py::OfficialQQChannel,DEPLOY:hpagent -> src/entrypoint.sh -> src/main.py::main -> src/main.py::main_async -> src/orchestration/worker.py::start_worker -> src/channels/official_qq.py::OfficialQQChannel,src/Dockerfile:51;docker-compose.yaml:410;src/entrypoint.sh:5;src/main.py:75;src/main.py:80;src/orchestration/worker.py:948,channels.enabled contains official_qq;valid config; agent.mode=single; selected channel,HIGH
PROOF:src/channels/router.py,src/channels/router.py,R1,src/channels/router.py::ChannelRouter,DEPLOY:hpagent -> src/entrypoint.sh -> src/main.py::main -> src/main.py::main_async -> src/orchestration/worker.py::start_worker -> src/orchestration/worker.py::init_dependencies -> src/channels/router.py::ChannelRouter,src/Dockerfile:51;docker-compose.yaml:410;src/entrypoint.sh:5;src/main.py:75;src/main.py:80;src/orchestration/worker.py:802;src/orchestration/worker.py:855,valid config; agent.mode=single; selected channel,HIGH
PROOF:src/common/errors.py,src/common/errors.py,R1,src/common/errors.py::ModelAPIError,DEPLOY:hpagent -> src/entrypoint.sh -> src/main.py::main -> src/main.py::main_async -> src/orchestration/worker.py::start_worker -> src/orchestration/worker.py::compose_web_workers -> src/agent_activities/runtime.py::DurableAgentActivities.context_bootstrap -> src/brain/engine.py::BrainEngine.rewrite_recall_query -> src/resources/resource_pool.py::ResourcePool.generate -> src/common/errors.py::ModelAPIError,src/Dockerfile:51;docker-compose.yaml:410;src/agent_activities/runtime.py:311;src/orchestration/worker.py:293;src/brain/engine.py:64;src/orchestration/worker.py:650;src/entrypoint.sh:5;src/main.py:75;src/main.py:80;src/orchestration/worker.py:345;src/orchestration/worker.py:931;src/resources/resource_pool.py:272,config.temporal.web_real_agent_enabled;injected concrete service; request/config branch;valid config; agent.mode=single; selected channel,HIGH
PROOF:src/common/logging.py,src/common/logging.py,R2,src/common/logging.py::setup_logging,DEPLOY:hpagent-api -> src/web_api/__main__.py::main -> src/common/logging.py::setup_logging,src/Dockerfile.web-api:10;docker-compose.yaml:635;src/web_api/__main__.py:15,valid WebSettings / database,HIGH
PROOF:src/common/model_usage.py,src/common/model_usage.py,R1,src/common/model_usage.py::canonical_model_usage,DEPLOY:hpagent -> src/entrypoint.sh -> src/main.py::main -> src/main.py::main_async -> src/orchestration/worker.py::start_worker -> src/orchestration/worker.py::compose_web_workers -> src/agent_activities/runtime.py::DurableAgentActivities.context_bootstrap -> src/brain/engine.py::BrainEngine.rewrite_recall_query -> src/resources/resource_pool.py::ResourcePool.generate -> src/common/model_usage.py::canonical_model_usage,src/Dockerfile:51;docker-compose.yaml:410;src/agent_activities/runtime.py:311;src/orchestration/worker.py:293;src/brain/engine.py:64;src/orchestration/worker.py:650;src/entrypoint.sh:5;src/main.py:75;src/main.py:80;src/orchestration/worker.py:345;src/orchestration/worker.py:931;src/resources/resource_pool.py:190,config.temporal.web_real_agent_enabled;injected concrete service; request/config branch;should_settle and reservation is not None;valid config; agent.mode=single; selected channel,HIGH
PROOF:src/common/token_counter.py,src/common/token_counter.py,R1,src/common/token_counter.py::estimate_messages_tokens,DEPLOY:hpagent -> src/entrypoint.sh -> src/main.py::main -> src/main.py::main_async -> src/orchestration/worker.py::start_worker -> src/orchestration/worker.py::compose_web_workers -> src/agent_activities/runtime.py::DurableAgentActivities.context_bootstrap -> src/brain/engine.py::BrainEngine.rewrite_recall_query -> src/resources/resource_pool.py::ResourcePool.generate -> src/common/token_counter.py::estimate_messages_tokens,src/Dockerfile:51;docker-compose.yaml:410;src/agent_activities/runtime.py:311;src/orchestration/worker.py:293;src/brain/engine.py:64;src/orchestration/worker.py:650;src/entrypoint.sh:5;src/main.py:75;src/main.py:80;src/orchestration/worker.py:345;src/orchestration/worker.py:931;src/resources/resource_pool.py:159,budget_context is not None and budget_context.service is not None;config.temporal.web_real_agent_enabled;injected concrete service; request/config branch;valid config; agent.mode=single; selected channel,HIGH
PROOF:src/common/types.py,src/common/types.py,R1,src/common/types.py::ChannelType,DEPLOY:hpagent -> src/entrypoint.sh -> src/main.py::main -> src/main.py::main_async -> src/orchestration/worker.py::start_worker -> src/common/types.py::ChannelType,src/Dockerfile:51;docker-compose.yaml:410;src/entrypoint.sh:5;src/main.py:75;src/main.py:80;src/orchestration/worker.py:954,valid config; agent.mode=single; selected channel,HIGH
PROOF:src/document_activities/runtime.py,src/document_activities/runtime.py,R6,src/document_activities/runtime.py::DocumentActivities,DEPLOY:hpagent-document-worker -> src/orchestration/document_worker.py::main -> src/orchestration/document_worker.py::main_async -> src/document_activities/runtime.py::DocumentActivities,src/Dockerfile.document:20;docker-compose.yaml:584;src/orchestration/document_worker.py:39;src/orchestration/document_worker.py:52,database / Temporal / document image; heavy-normalization request,HIGH
PROOF:src/entrypoint.sh,src/entrypoint.sh,R1,src/entrypoint.sh,DEPLOY:hpagent -> src/entrypoint.sh,src/Dockerfile:51;docker-compose.yaml:410,valid config; agent.mode=single; selected channel,HIGH
PROOF:src/file_adapters/docling.py,src/file_adapters/docling.py,R6,src/file_adapters/docling.py::DoclingStructuredDocumentProvider,DEPLOY:hpagent-document-worker -> src/orchestration/document_worker.py::main -> src/orchestration/document_worker.py::main_async -> src/file_adapters/docling.py::DoclingStructuredDocumentProvider,src/Dockerfile.document:20;docker-compose.yaml:584;src/orchestration/document_worker.py:40;src/orchestration/document_worker.py:52,database / Temporal / document image; heavy-normalization request,HIGH
PROOF:src/file_adapters/docx.py,src/file_adapters/docx.py,R1,src/file_adapters/docx.py::DocxAdapter,DEPLOY:hpagent -> src/entrypoint.sh -> src/main.py::main -> src/main.py::main_async -> src/orchestration/worker.py::start_worker -> src/orchestration/worker.py::compose_web_workers -> src/orchestration/web_activities.py::execute_agent_activity -> src/agent_execution/web_host.py::WebExecutionHost.execute -> src/workspace/isolation.py::SessionResourceRecoveryService.lease_for_run -> src/sandbox/sandbox_manager.py::SandboxManager.create_session_sandbox -> src/sandbox/tools/local/file_read.py::create_file_read_tools -> src/sandbox/tools/local/file_read.py::default_file_adapter_registry -> src/file_adapters/docx.py::DocxAdapter,src/Dockerfile:51;docker-compose.yaml:410;src/agent_execution/web_host.py:123;src/entrypoint.sh:5;src/main.py:75;src/main.py:80;src/orchestration/web_activities.py:127;src/orchestration/worker.py:344;src/orchestration/worker.py:931;src/sandbox/sandbox_manager.py:187;src/sandbox/tools/local/file_read.py:126;src/sandbox/tools/local/file_read.py:75;src/workspace/isolation.py:289,config.temporal.web_real_agent_enabled;resource_prep injected;self._file_tools_enabled and ctx.get('channel_type') == 'web';valid config; agent.mode=single; selected channel,HIGH
PROOF:src/file_adapters/gotenberg.py,src/file_adapters/gotenberg.py,R1,src/file_adapters/gotenberg.py::GotenbergConversionProvider,DEPLOY:hpagent -> src/entrypoint.sh -> src/main.py::main -> src/main.py::main_async -> src/orchestration/worker.py::start_worker -> src/orchestration/worker.py::init_dependencies -> src/file_adapters/gotenberg.py::GotenbergConversionProvider,src/Dockerfile:51;docker-compose.yaml:410;src/entrypoint.sh:5;src/main.py:75;src/main.py:80;src/orchestration/worker.py:746;src/orchestration/worker.py:855,file_capability.upload_enabled && file_capability.transform_enabled;valid config; agent.mode=single; selected channel,HIGH
PROOF:src/file_adapters/markitdown.py,src/file_adapters/markitdown.py,R1,src/file_adapters/markitdown.py::MarkItDownFastTextViewProvider,DEPLOY:hpagent -> src/entrypoint.sh -> src/main.py::main -> src/main.py::main_async -> src/orchestration/worker.py::start_worker -> src/orchestration/worker.py::compose_web_workers -> src/orchestration/web_activities.py::execute_agent_activity -> src/agent_execution/web_host.py::WebExecutionHost.execute -> src/workspace/isolation.py::SessionResourceRecoveryService.lease_for_run -> src/sandbox/sandbox_manager.py::SandboxManager.create_session_sandbox -> src/sandbox/tools/local/file_read.py::create_file_read_tools -> src/sandbox/tools/local/file_read.py::default_file_adapter_registry -> src/file_adapters/markitdown.py::MarkItDownFastTextViewProvider,src/Dockerfile:51;docker-compose.yaml:410;src/agent_execution/web_host.py:123;src/entrypoint.sh:5;src/main.py:75;src/main.py:80;src/orchestration/web_activities.py:127;src/orchestration/worker.py:344;src/orchestration/worker.py:931;src/sandbox/sandbox_manager.py:187;src/sandbox/tools/local/file_read.py:126;src/sandbox/tools/local/file_read.py:70;src/workspace/isolation.py:289,config.temporal.web_real_agent_enabled;resource_prep injected;self._file_tools_enabled and ctx.get('channel_type') == 'web';valid config; agent.mode=single; selected channel,HIGH
PROOF:src/file_adapters/pdf.py,src/file_adapters/pdf.py,R1,src/file_adapters/pdf.py::PdfAdapter,DEPLOY:hpagent -> src/entrypoint.sh -> src/main.py::main -> src/main.py::main_async -> src/orchestration/worker.py::start_worker -> src/orchestration/worker.py::compose_web_workers -> src/orchestration/web_activities.py::execute_agent_activity -> src/agent_execution/web_host.py::WebExecutionHost.execute -> src/workspace/isolation.py::SessionResourceRecoveryService.lease_for_run -> src/sandbox/sandbox_manager.py::SandboxManager.create_session_sandbox -> src/sandbox/tools/local/file_read.py::create_file_read_tools -> src/sandbox/tools/local/file_read.py::default_file_adapter_registry -> src/file_adapters/pdf.py::PdfAdapter,src/Dockerfile:51;docker-compose.yaml:410;src/agent_execution/web_host.py:123;src/entrypoint.sh:5;src/main.py:75;src/main.py:80;src/orchestration/web_activities.py:127;src/orchestration/worker.py:344;src/orchestration/worker.py:931;src/sandbox/sandbox_manager.py:187;src/sandbox/tools/local/file_read.py:126;src/sandbox/tools/local/file_read.py:73;src/workspace/isolation.py:289,config.temporal.web_real_agent_enabled;resource_prep injected;self._file_tools_enabled and ctx.get('channel_type') == 'web';valid config; agent.mode=single; selected channel,HIGH
PROOF:src/file_adapters/pptx.py,src/file_adapters/pptx.py,R1,src/file_adapters/pptx.py::PptxAdapter,DEPLOY:hpagent -> src/entrypoint.sh -> src/main.py::main -> src/main.py::main_async -> src/orchestration/worker.py::start_worker -> src/orchestration/worker.py::compose_web_workers -> src/orchestration/web_activities.py::execute_agent_activity -> src/agent_execution/web_host.py::WebExecutionHost.execute -> src/workspace/isolation.py::SessionResourceRecoveryService.lease_for_run -> src/sandbox/sandbox_manager.py::SandboxManager.create_session_sandbox -> src/sandbox/tools/local/file_read.py::create_file_read_tools -> src/sandbox/tools/local/file_read.py::default_file_adapter_registry -> src/file_adapters/pptx.py::PptxAdapter,src/Dockerfile:51;docker-compose.yaml:410;src/agent_execution/web_host.py:123;src/entrypoint.sh:5;src/main.py:75;src/main.py:80;src/orchestration/web_activities.py:127;src/orchestration/worker.py:344;src/orchestration/worker.py:931;src/sandbox/sandbox_manager.py:187;src/sandbox/tools/local/file_read.py:126;src/sandbox/tools/local/file_read.py:85;src/workspace/isolation.py:289,config.temporal.web_real_agent_enabled;resource_prep injected;self._file_tools_enabled and ctx.get('channel_type') == 'web';valid config; agent.mode=single; selected channel,HIGH
PROOF:src/file_adapters/writers.py,src/file_adapters/writers.py,R1,src/file_adapters/writers.py::DocxWriter,DEPLOY:hpagent -> src/entrypoint.sh -> src/main.py::main -> src/main.py::main_async -> src/orchestration/worker.py::start_worker -> src/orchestration/worker.py::compose_web_workers -> src/orchestration/web_activities.py::execute_agent_activity -> src/agent_execution/web_host.py::WebExecutionHost.execute -> src/workspace/isolation.py::SessionResourceRecoveryService.lease_for_run -> src/sandbox/sandbox_manager.py::SandboxManager.create_session_sandbox -> src/sandbox/tools/local/file_write.py::create_file_write_tools -> src/sandbox/tools/local/file_write.py::create_file_write_tools.create_docx -> src/file_adapters/writers.py::DocxWriter,src/Dockerfile:51;docker-compose.yaml:410;src/agent_execution/web_host.py:123;src/entrypoint.sh:5;src/main.py:75;src/main.py:80;src/orchestration/web_activities.py:127;src/orchestration/worker.py:344;src/orchestration/worker.py:931;src/sandbox/sandbox_manager.py:195;src/sandbox/tools/local/file_write.py:140;src/sandbox/tools/local/file_write.py:302;src/workspace/isolation.py:289,Web file tools enabled; selected tool=create_docx;config.temporal.web_real_agent_enabled;resource_prep injected;self._file_tools_enabled and ctx.get('channel_type') == 'web' && self._file_output_publisher is not None;valid config; agent.mode=single; selected channel,HIGH
PROOF:src/file_adapters/xlsx.py,src/file_adapters/xlsx.py,R1,src/file_adapters/xlsx.py::XlsxAdapter,DEPLOY:hpagent -> src/entrypoint.sh -> src/main.py::main -> src/main.py::main_async -> src/orchestration/worker.py::start_worker -> src/orchestration/worker.py::compose_web_workers -> src/orchestration/web_activities.py::execute_agent_activity -> src/agent_execution/web_host.py::WebExecutionHost.execute -> src/workspace/isolation.py::SessionResourceRecoveryService.lease_for_run -> src/sandbox/sandbox_manager.py::SandboxManager.create_session_sandbox -> src/sandbox/tools/local/file_read.py::create_file_read_tools -> src/sandbox/tools/local/file_read.py::default_file_adapter_registry -> src/file_adapters/xlsx.py::XlsxAdapter,src/Dockerfile:51;docker-compose.yaml:410;src/agent_execution/web_host.py:123;src/entrypoint.sh:5;src/main.py:75;src/main.py:80;src/orchestration/web_activities.py:127;src/orchestration/worker.py:344;src/orchestration/worker.py:931;src/sandbox/sandbox_manager.py:187;src/sandbox/tools/local/file_read.py:126;src/sandbox/tools/local/file_read.py:80;src/workspace/isolation.py:289,config.temporal.web_real_agent_enabled;resource_prep injected;self._file_tools_enabled and ctx.get('channel_type') == 'web';valid config; agent.mode=single; selected channel,HIGH
PROOF:src/file_domain/approvals.py,src/file_domain/approvals.py,R2,src/file_domain/approvals.py::FileActionApprovalService,DEPLOY:hpagent-api -> src/web_api/__main__.py::main -> src/web_api/app.py::create_app -> src/web_api/app.py::create_app.lifespan -> src/file_domain/approvals.py::FileActionApprovalService,src/Dockerfile.web-api:10;docker-compose.yaml:635;src/web_api/__main__.py:21;src/web_api/app.py:300;src/web_api/app.py:370,ASGI application startup;valid WebSettings / database,HIGH
PROOF:src/file_domain/models.py,src/file_domain/models.py,R6,src/file_domain/models.py::FileResource,DEPLOY:hpagent-document-worker -> src/orchestration/document_worker.py::main -> src/orchestration/document_worker.py::main_async -> src/orchestration/document_worker.py::build_document_worker -> src/document_activities/runtime.py::DocumentActivities.normalize_document -> src/document_activities/runtime.py::DocumentActivities._normalize -> src/file_runtime/resolver.py::FileResourceResolver.resolve -> src/file_domain/models.py::FileResource,src/Dockerfile.document:20;docker-compose.yaml:584;src/document_activities/runtime.py:160;src/document_activities/runtime.py:73;src/file_runtime/resolver.py:41;src/orchestration/document_worker.py:24;src/orchestration/document_worker.py:43;src/orchestration/document_worker.py:52,caller branch holds;database / Temporal / document image; heavy-normalization request,MEDIUM
PROOF:src/file_domain/persistence.py,src/file_domain/persistence.py,R6,src/file_domain/persistence.py::NormalizedDocumentRepository,DEPLOY:hpagent-document-worker -> src/orchestration/document_worker.py::main -> src/orchestration/document_worker.py::main_async -> src/document_activities/runtime.py::DocumentActivities -> src/document_activities/runtime.py::DocumentActivities.__init__ -> src/file_domain/persistence.py::NormalizedDocumentRepository,src/Dockerfile.document:20;docker-compose.yaml:584;src/document_activities/runtime.py:22;src/document_activities/runtime.py:27;src/orchestration/document_worker.py:39;src/orchestration/document_worker.py:52,database / Temporal / document image; heavy-normalization request,HIGH
PROOF:src/file_domain/persistent.py,src/file_domain/persistent.py,R2,src/file_domain/persistent.py::PersistentFileRepository,DEPLOY:hpagent-api -> src/web_api/__main__.py::main -> src/web_api/app.py::create_app -> src/web_api/app.py::create_app.lifespan -> src/file_domain/persistent.py::PersistentFileRepository,src/Dockerfile.web-api:10;docker-compose.yaml:635;src/web_api/__main__.py:21;src/web_api/app.py:301;src/web_api/app.py:370,ASGI application startup;valid WebSettings / database,HIGH
PROOF:src/file_domain/serialization.py,src/file_domain/serialization.py,R6,src/file_domain/serialization.py::normalized_document_to_dict,DEPLOY:hpagent-document-worker -> src/orchestration/document_worker.py::main -> src/orchestration/document_worker.py::main_async -> src/orchestration/document_worker.py::build_document_worker -> src/document_activities/runtime.py::DocumentActivities.normalize_document -> src/document_activities/runtime.py::DocumentActivities._normalize -> src/file_domain/serialization.py::normalized_document_to_dict,src/Dockerfile.document:20;docker-compose.yaml:584;src/document_activities/runtime.py:160;src/document_activities/runtime.py:75;src/orchestration/document_worker.py:24;src/orchestration/document_worker.py:43;src/orchestration/document_worker.py:52,database / Temporal / document image; heavy-normalization request,MEDIUM
PROOF:src/file_runtime/output.py,src/file_runtime/output.py,R1,src/file_runtime/output.py::OutputPublisher,DEPLOY:hpagent -> src/entrypoint.sh -> src/main.py::main -> src/main.py::main_async -> src/orchestration/worker.py::start_worker -> src/orchestration/worker.py::init_dependencies -> src/file_runtime/output.py::OutputPublisher,src/Dockerfile:51;docker-compose.yaml:410;src/entrypoint.sh:5;src/main.py:75;src/main.py:80;src/orchestration/worker.py:737;src/orchestration/worker.py:855,file_capability.upload_enabled;valid config; agent.mode=single; selected channel,HIGH
PROOF:src/file_runtime/registry.py,src/file_runtime/registry.py,R1,src/file_runtime/registry.py::FileAdapterRegistry,DEPLOY:hpagent -> src/entrypoint.sh -> src/main.py::main -> src/main.py::main_async -> src/orchestration/worker.py::start_worker -> src/orchestration/worker.py::compose_web_workers -> src/orchestration/web_activities.py::execute_agent_activity -> src/agent_execution/web_host.py::WebExecutionHost.execute -> src/workspace/isolation.py::SessionResourceRecoveryService.lease_for_run -> src/sandbox/sandbox_manager.py::SandboxManager.create_session_sandbox -> src/sandbox/tools/local/file_read.py::create_file_read_tools -> src/sandbox/tools/local/file_read.py::default_file_adapter_registry -> src/file_runtime/registry.py::FileAdapterRegistry,src/Dockerfile:51;docker-compose.yaml:410;src/agent_execution/web_host.py:123;src/entrypoint.sh:5;src/main.py:75;src/main.py:80;src/orchestration/web_activities.py:127;src/orchestration/worker.py:344;src/orchestration/worker.py:931;src/sandbox/sandbox_manager.py:187;src/sandbox/tools/local/file_read.py:126;src/sandbox/tools/local/file_read.py:68;src/workspace/isolation.py:289,config.temporal.web_real_agent_enabled;resource_prep injected;self._file_tools_enabled and ctx.get('channel_type') == 'web';valid config; agent.mode=single; selected channel,HIGH
PROOF:src/file_runtime/research_output.py,src/file_runtime/research_output.py,R1,src/file_runtime/research_output.py::ResearchMarkdownPublisher,DEPLOY:hpagent -> src/entrypoint.sh -> src/main.py::main -> src/main.py::main_async -> src/orchestration/worker.py::start_worker -> src/orchestration/worker.py::compose_web_workers -> src/file_runtime/research_output.py::ResearchMarkdownPublisher,src/Dockerfile:51;docker-compose.yaml:410;src/entrypoint.sh:5;src/main.py:75;src/main.py:80;src/orchestration/worker.py:286;src/orchestration/worker.py:931,config.temporal.web_real_agent_enabled;valid config; agent.mode=single; selected channel,HIGH
PROOF:src/file_runtime/resolver.py,src/file_runtime/resolver.py,R6,src/file_runtime/resolver.py::FileResourceResolver,DEPLOY:hpagent-document-worker -> src/orchestration/document_worker.py::main -> src/orchestration/document_worker.py::main_async -> src/orchestration/document_worker.py::build_document_worker -> src/document_activities/runtime.py::DocumentActivities.normalize_document -> src/document_activities/runtime.py::DocumentActivities._normalize -> src/file_runtime/resolver.py::FileResourceResolver,src/Dockerfile.document:20;docker-compose.yaml:584;src/document_activities/runtime.py:160;src/document_activities/runtime.py:73;src/orchestration/document_worker.py:24;src/orchestration/document_worker.py:43;src/orchestration/document_worker.py:52,database / Temporal / document image; heavy-normalization request,MEDIUM
PROOF:src/file_runtime/routing.py,src/file_runtime/routing.py,R1,src/file_runtime/routing.py::TemporalDocumentRouter,DEPLOY:hpagent -> src/entrypoint.sh -> src/main.py::main -> src/main.py::main_async -> src/orchestration/worker.py::start_worker -> src/orchestration/worker.py::compose_web_workers -> src/file_runtime/routing.py::TemporalDocumentRouter,src/Dockerfile:51;docker-compose.yaml:410;src/entrypoint.sh:5;src/main.py:75;src/main.py:80;src/orchestration/worker.py:195;src/orchestration/worker.py:931,config.temporal.web_real_agent_enabled;valid config; agent.mode=single; selected channel,HIGH
PROOF:src/harness/activities.py,src/harness/activities.py,R1,src/harness/activities.py::inject_services,DEPLOY:hpagent -> src/entrypoint.sh -> src/main.py::main -> src/main.py::main_async -> src/orchestration/worker.py::start_worker -> src/harness/activities.py::inject_services,src/Dockerfile:51;docker-compose.yaml:410;src/entrypoint.sh:5;src/main.py:75;src/main.py:80;src/orchestration/worker.py:857,valid config; agent.mode=single; selected channel,HIGH
PROOF:src/harness/context_builder.py,src/harness/context_builder.py,R1,src/harness/context_builder.py::HarnessContextBuilder,DEPLOY:hpagent -> src/entrypoint.sh -> src/main.py::main -> src/main.py::main_async -> src/orchestration/worker.py::start_worker -> src/orchestration/worker.py::init_dependencies -> src/harness/context_builder.py::HarnessContextBuilder,src/Dockerfile:51;docker-compose.yaml:410;src/entrypoint.sh:5;src/main.py:75;src/main.py:80;src/orchestration/worker.py:796;src/orchestration/worker.py:855,valid config; agent.mode=single; selected channel,HIGH
PROOF:src/harness/prompts.py,src/harness/prompts.py,R1,src/harness/prompts.py::PromptLoader,DEPLOY:hpagent -> src/entrypoint.sh -> src/main.py::main -> src/main.py::main_async -> src/orchestration/worker.py::start_worker -> src/orchestration/worker.py::init_dependencies -> src/harness/prompts.py::PromptLoader,src/Dockerfile:51;docker-compose.yaml:410;src/entrypoint.sh:5;src/main.py:75;src/main.py:80;src/orchestration/worker.py:774;src/orchestration/worker.py:855,valid config; agent.mode=single; selected channel,HIGH
PROOF:src/main.py,src/main.py,R1,src/main.py::main,DEPLOY:hpagent -> src/entrypoint.sh -> src/main.py::main,src/Dockerfile:51;docker-compose.yaml:410;src/entrypoint.sh:5,valid config; agent.mode=single; selected channel,HIGH
PROOF:src/memory/group_context.py,src/memory/group_context.py,R1,src/memory/group_context.py::GroupContextStore,DEPLOY:hpagent -> src/entrypoint.sh -> src/main.py::main -> src/main.py::main_async -> src/orchestration/worker.py::start_worker -> src/orchestration/worker.py::init_dependencies -> src/memory/group_context.py::GroupContextStore,src/Dockerfile:51;docker-compose.yaml:410;src/entrypoint.sh:5;src/main.py:75;src/main.py:80;src/orchestration/worker.py:680;src/orchestration/worker.py:855,redis_client;valid config; agent.mode=single; selected channel,HIGH
PROOF:src/memory/hindsight_client.py,src/memory/hindsight_client.py,R1,src/memory/hindsight_client.py::HindsightClient,DEPLOY:hpagent -> src/entrypoint.sh -> src/main.py::main -> src/main.py::main_async -> src/orchestration/worker.py::start_worker -> src/orchestration/worker.py::init_dependencies -> src/memory/hindsight_client.py::HindsightClient,src/Dockerfile:51;docker-compose.yaml:410;src/entrypoint.sh:5;src/main.py:75;src/main.py:80;src/orchestration/worker.py:781;src/orchestration/worker.py:855,config.hindsight.enabled;valid config; agent.mode=single; selected channel,HIGH
PROOF:src/orchestration/artifact_activities.py,src/orchestration/artifact_activities.py,R1,src/orchestration/artifact_activities.py::inject_artifact_build_service,DEPLOY:hpagent -> src/entrypoint.sh -> src/main.py::main -> src/main.py::main_async -> src/orchestration/worker.py::start_worker -> src/orchestration/worker.py::compose_web_workers -> src/orchestration/artifact_activities.py::inject_artifact_build_service,src/Dockerfile:51;docker-compose.yaml:410;src/entrypoint.sh:5;src/main.py:75;src/main.py:80;src/orchestration/worker.py:315;src/orchestration/worker.py:931,config.temporal.web_real_agent_enabled;valid config; agent.mode=single; selected channel,HIGH
PROOF:src/orchestration/artifact_dispatcher.py,src/orchestration/artifact_dispatcher.py,R1,src/orchestration/artifact_dispatcher.py::ArtifactOutboxDispatcher,DEPLOY:hpagent -> src/entrypoint.sh -> src/main.py::main -> src/main.py::main_async -> src/orchestration/worker.py::start_worker -> src/orchestration/worker.py::compose_web_workers -> src/orchestration/artifact_dispatcher.py::ArtifactOutboxDispatcher,src/Dockerfile:51;docker-compose.yaml:410;src/entrypoint.sh:5;src/main.py:75;src/main.py:80;src/orchestration/worker.py:382;src/orchestration/worker.py:931,config.temporal.web_real_agent_enabled;valid config; agent.mode=single; selected channel,HIGH
PROOF:src/orchestration/artifact_workflow.py,src/orchestration/artifact_workflow.py,R1,src/orchestration/artifact_workflow.py::ArtifactBuildWorkflow,DEPLOY:hpagent -> src/entrypoint.sh -> src/main.py::main -> src/main.py::main_async -> src/orchestration/worker.py::start_worker -> ROOT:WEB_LIFECYCLE -> src/orchestration/artifact_workflow.py::ArtifactBuildWorkflow,src/Dockerfile:51;docker-compose.yaml:410;src/entrypoint.sh:5;src/main.py:75;src/main.py:80;src/orchestration/web_workers.py:175;src/orchestration/worker.py:930,WEB_REAL_AGENT_ENABLED;WEB_REAL_AGENT_ENABLED; definitions independent of durable start flag;valid config; agent.mode=single; selected channel,HIGH
PROOF:src/orchestration/config.py,src/orchestration/config.py,R1,src/orchestration/config.py::AppConfig.from_yaml,DEPLOY:hpagent -> src/entrypoint.sh -> src/main.py::main -> src/main.py::main_async -> src/orchestration/config.py::AppConfig.from_yaml,src/Dockerfile:51;docker-compose.yaml:410;src/entrypoint.sh:5;src/main.py:60;src/main.py:80,valid config; agent.mode=single; selected channel,MEDIUM
PROOF:src/orchestration/document_worker.py,src/orchestration/document_worker.py,R6,src/orchestration/document_worker.py::main,DEPLOY:hpagent-document-worker -> src/orchestration/document_worker.py::main,src/Dockerfile.document:20;docker-compose.yaml:584,database / Temporal / document image; heavy-normalization request,HIGH
PROOF:src/orchestration/document_workflow.py,src/orchestration/document_workflow.py,R1,src/orchestration/document_workflow.py::NormalizeDocumentWorkflow,DEPLOY:hpagent -> src/entrypoint.sh -> src/main.py::main -> src/main.py::main_async -> src/orchestration/worker.py::start_worker -> ROOT:WEB_LIFECYCLE -> src/orchestration/document_workflow.py::NormalizeDocumentWorkflow,src/Dockerfile:51;docker-compose.yaml:410;src/entrypoint.sh:5;src/main.py:75;src/main.py:80;src/orchestration/web_workers.py:176;src/orchestration/worker.py:930,WEB_REAL_AGENT_ENABLED;WEB_REAL_AGENT_ENABLED; definitions independent of durable start flag;valid config; agent.mode=single; selected channel,HIGH
PROOF:src/orchestration/durable_web_workflow.py,src/orchestration/durable_web_workflow.py,R1,src/orchestration/durable_web_workflow.py::DurableWebRunWorkflow,DEPLOY:hpagent -> src/entrypoint.sh -> src/main.py::main -> src/main.py::main_async -> src/orchestration/worker.py::start_worker -> ROOT:WEB_LIFECYCLE -> src/orchestration/durable_web_workflow.py::DurableWebRunWorkflow,src/Dockerfile:51;docker-compose.yaml:410;src/entrypoint.sh:5;src/main.py:75;src/main.py:80;src/orchestration/web_workers.py:172;src/orchestration/worker.py:930,WEB_REAL_AGENT_ENABLED;WEB_REAL_AGENT_ENABLED; definitions independent of durable start flag;valid config; agent.mode=single; selected channel,HIGH
PROOF:src/orchestration/memory_retention_worker.py,src/orchestration/memory_retention_worker.py,R1,src/orchestration/memory_retention_worker.py::run_memory_retention_loop,DEPLOY:hpagent -> src/entrypoint.sh -> src/main.py::main -> src/main.py::main_async -> src/orchestration/worker.py::start_worker -> src/orchestration/worker.py::_build_web_background_tasks -> src/orchestration/memory_retention_worker.py::run_memory_retention_loop,src/Dockerfile:51;docker-compose.yaml:410;src/entrypoint.sh:5;src/main.py:75;src/main.py:80;src/orchestration/worker.py:1047;src/orchestration/worker.py:440,valid config; agent.mode=single; selected channel;web_memory_retention is not None;web_workers is not None and web_dispatcher is not None and (web_reconciler is not None),HIGH
PROOF:src/orchestration/research_schedule.py,src/orchestration/research_schedule.py,R1,src/orchestration/research_schedule.py::ResearchScheduleManager,DEPLOY:hpagent -> src/entrypoint.sh -> src/main.py::main -> src/main.py::main_async -> src/orchestration/worker.py::start_worker -> src/orchestration/research_schedule.py::ResearchScheduleManager,src/Dockerfile:51;docker-compose.yaml:410;src/entrypoint.sh:5;src/main.py:75;src/main.py:80;src/orchestration/worker.py:941,config.temporal.web_real_agent_enabled;valid config; agent.mode=single; selected channel,HIGH
PROOF:src/orchestration/research_workflow.py,src/orchestration/research_workflow.py,R1,src/orchestration/research_workflow.py::ResearchReportWorkflow,DEPLOY:hpagent -> src/entrypoint.sh -> src/main.py::main -> src/main.py::main_async -> src/orchestration/worker.py::start_worker -> ROOT:WEB_LIFECYCLE -> src/orchestration/research_workflow.py::ResearchReportWorkflow,src/Dockerfile:51;docker-compose.yaml:410;src/entrypoint.sh:5;src/main.py:75;src/main.py:80;src/orchestration/web_workers.py:173;src/orchestration/worker.py:930,WEB_REAL_AGENT_ENABLED;WEB_REAL_AGENT_ENABLED; definitions independent of durable start flag;valid config; agent.mode=single; selected channel,HIGH
PROOF:src/orchestration/scheduler.py,src/orchestration/scheduler.py,R1,src/orchestration/scheduler.py::TaskScheduler,DEPLOY:hpagent -> src/entrypoint.sh -> src/main.py::main -> src/main.py::main_async -> src/orchestration/worker.py::start_worker -> src/orchestration/worker.py::init_dependencies -> src/orchestration/scheduler.py::TaskScheduler,src/Dockerfile:51;docker-compose.yaml:410;src/entrypoint.sh:5;src/main.py:75;src/main.py:80;src/orchestration/worker.py:751;src/orchestration/worker.py:855,valid config; agent.mode=single; selected channel,HIGH
PROOF:src/orchestration/web_activities.py,src/orchestration/web_activities.py,R1,src/orchestration/web_activities.py::inject_web_lifecycle,DEPLOY:hpagent -> src/entrypoint.sh -> src/main.py::main -> src/main.py::main_async -> src/orchestration/worker.py::start_worker -> src/orchestration/worker.py::compose_web_workers -> src/orchestration/web_activities.py::inject_web_lifecycle,src/Dockerfile:51;docker-compose.yaml:410;src/entrypoint.sh:5;src/main.py:75;src/main.py:80;src/orchestration/worker.py:251;src/orchestration/worker.py:931,config.temporal.web_real_agent_enabled;valid config; agent.mode=single; selected channel,HIGH
PROOF:src/orchestration/web_dispatcher.py,src/orchestration/web_dispatcher.py,R1,src/orchestration/web_dispatcher.py::WebOutboxDispatcher,DEPLOY:hpagent -> src/entrypoint.sh -> src/main.py::main -> src/main.py::main_async -> src/orchestration/worker.py::start_worker -> src/orchestration/worker.py::compose_web_workers -> src/orchestration/web_dispatcher.py::WebOutboxDispatcher,src/Dockerfile:51;docker-compose.yaml:410;src/entrypoint.sh:5;src/main.py:75;src/main.py:80;src/orchestration/worker.py:355;src/orchestration/worker.py:931,config.temporal.web_real_agent_enabled;valid config; agent.mode=single; selected channel,HIGH
PROOF:src/orchestration/web_reconcile_adapters.py,src/orchestration/web_reconcile_adapters.py,R1,src/orchestration/web_reconcile_adapters.py::LifecycleReconcileStore,DEPLOY:hpagent -> src/entrypoint.sh -> src/main.py::main -> src/main.py::main_async -> src/orchestration/worker.py::start_worker -> src/orchestration/worker.py::compose_web_workers -> src/orchestration/web_reconcile_adapters.py::LifecycleReconcileStore,src/Dockerfile:51;docker-compose.yaml:410;src/entrypoint.sh:5;src/main.py:75;src/main.py:80;src/orchestration/worker.py:368;src/orchestration/worker.py:931,config.temporal.web_real_agent_enabled;valid config; agent.mode=single; selected channel,HIGH
PROOF:src/orchestration/web_reconciler.py,src/orchestration/web_reconciler.py,R1,src/orchestration/web_reconciler.py::WebRunReconciler,DEPLOY:hpagent -> src/entrypoint.sh -> src/main.py::main -> src/main.py::main_async -> src/orchestration/worker.py::start_worker -> src/orchestration/worker.py::compose_web_workers -> src/orchestration/web_reconciler.py::WebRunReconciler,src/Dockerfile:51;docker-compose.yaml:410;src/entrypoint.sh:5;src/main.py:75;src/main.py:80;src/orchestration/worker.py:367;src/orchestration/worker.py:931,config.temporal.web_real_agent_enabled;valid config; agent.mode=single; selected channel,HIGH
PROOF:src/orchestration/web_worker.py,src/orchestration/web_worker.py,R5,src/orchestration/web_worker.py::main,src/orchestration/web_worker.py::main,,,HIGH
PROOF:src/orchestration/web_workers.py,src/orchestration/web_workers.py,R1,src/orchestration/web_workers.py::validate_web_worker_startup,DEPLOY:hpagent -> src/entrypoint.sh -> src/main.py::main -> src/main.py::main_async -> src/orchestration/worker.py::start_worker -> src/orchestration/worker.py::compose_web_workers -> src/orchestration/web_workers.py::validate_web_worker_startup,src/Dockerfile:51;docker-compose.yaml:410;src/entrypoint.sh:5;src/main.py:75;src/main.py:80;src/orchestration/worker.py:189;src/orchestration/worker.py:931,config.temporal.web_real_agent_enabled;valid config; agent.mode=single; selected channel,HIGH
PROOF:src/orchestration/web_workflow.py,src/orchestration/web_workflow.py,R1,src/orchestration/web_workflow.py::WebRunWorkflow,DEPLOY:hpagent -> src/entrypoint.sh -> src/main.py::main -> src/main.py::main_async -> src/orchestration/worker.py::start_worker -> ROOT:WEB_LIFECYCLE -> src/orchestration/web_workflow.py::WebRunWorkflow,src/Dockerfile:51;docker-compose.yaml:410;src/entrypoint.sh:5;src/main.py:75;src/main.py:80;src/orchestration/web_workers.py:171;src/orchestration/worker.py:930,WEB_REAL_AGENT_ENABLED;WEB_REAL_AGENT_ENABLED; definitions independent of durable start flag;valid config; agent.mode=single; selected channel,HIGH
PROOF:src/orchestration/worker.py,src/orchestration/worker.py,R1,src/orchestration/worker.py::start_worker,DEPLOY:hpagent -> src/entrypoint.sh -> src/main.py::main -> src/main.py::main_async -> src/orchestration/worker.py::start_worker,src/Dockerfile:51;docker-compose.yaml:410;src/entrypoint.sh:5;src/main.py:75;src/main.py:80,valid config; agent.mode=single; selected channel,HIGH
PROOF:src/orchestration/workflow.py,src/orchestration/workflow.py,R1,src/orchestration/workflow.py::OrchestrationWorkflow,DEPLOY:hpagent -> src/entrypoint.sh -> src/main.py::main -> src/main.py::main_async -> src/orchestration/worker.py::start_worker -> src/orchestration/workflow.py::OrchestrationWorkflow,src/Dockerfile:51;docker-compose.yaml:410;src/entrypoint.sh:5;src/main.py:75;src/main.py:80;src/orchestration/worker.py:913,valid config; agent.mode=single; selected channel,HIGH
PROOF:src/persistence/migrate.py,src/persistence/migrate.py,R8,src/persistence/migrate.py::main,DEPLOY:hpagent-migrate -> src/persistence/migrate.py::main,src/Dockerfile.migrate:17;docker-compose.yaml:353,MIGRATE_DATABASE_URL,HIGH
PROOF:src/persistence/repositories.py,src/persistence/repositories.py,R2,src/persistence/repositories.py::RunBudgetRepository.create_snapshot,DEPLOY:hpagent-api -> src/web_api/__main__.py::main -> src/web_api/app.py::create_app -> src/web_api/app.py::create_app.trigger_research_task -> src/research_domain/services.py::ResearchTaskCommandService.trigger_task -> src/persistence/repositories.py::RunBudgetRepository.create_snapshot,src/Dockerfile.web-api:10;docker-compose.yaml:635;src/research_domain/services.py:170;src/web_api/__main__.py:21;src/web_api/app.py:690;src/web_api/app.py:699,request POST /api/v1/tasks/{task_id}/runs;valid WebSettings / database,MEDIUM
PROOF:src/persistence/uow.py,src/persistence/uow.py,R2,src/persistence/uow.py::UnitOfWork,DEPLOY:hpagent-api -> src/web_api/__main__.py::main -> src/web_api/app.py::create_app -> src/web_api/app.py::create_app.ready -> src/persistence/uow.py::UnitOfWork,src/Dockerfile.web-api:10;docker-compose.yaml:635;src/web_api/__main__.py:21;src/web_api/app.py:487;src/web_api/app.py:489,request GET /health/ready;valid WebSettings / database,HIGH
PROOF:src/research_activities/runtime.py,src/research_activities/runtime.py,R1,src/research_activities/runtime.py::ResearchActivities,DEPLOY:hpagent -> src/entrypoint.sh -> src/main.py::main -> src/main.py::main_async -> src/orchestration/worker.py::start_worker -> src/orchestration/worker.py::compose_web_workers -> src/research_activities/runtime.py::ResearchActivities,src/Dockerfile:51;docker-compose.yaml:410;src/entrypoint.sh:5;src/main.py:75;src/main.py:80;src/orchestration/worker.py:260;src/orchestration/worker.py:931,config.temporal.web_real_agent_enabled;valid config; agent.mode=single; selected channel,HIGH
PROOF:src/research_adapters/discovery.py,src/research_adapters/discovery.py,R1,src/research_adapters/discovery.py::CompositeSourceDiscoveryProvider,DEPLOY:hpagent -> src/entrypoint.sh -> src/main.py::main -> src/main.py::main_async -> src/orchestration/worker.py::start_worker -> src/orchestration/worker.py::compose_web_workers -> src/research_adapters/discovery.py::CompositeSourceDiscoveryProvider,src/Dockerfile:51;docker-compose.yaml:410;src/entrypoint.sh:5;src/main.py:75;src/main.py:80;src/orchestration/worker.py:262;src/orchestration/worker.py:931,config.temporal.web_real_agent_enabled;valid config; agent.mode=single; selected channel,HIGH
PROOF:src/research_adapters/synthesis.py,src/research_adapters/synthesis.py,R1,src/research_adapters/synthesis.py::ResourcePoolResearchSynthesizer,DEPLOY:hpagent -> src/entrypoint.sh -> src/main.py::main -> src/main.py::main_async -> src/orchestration/worker.py::start_worker -> src/orchestration/worker.py::compose_web_workers -> src/research_adapters/synthesis.py::ResourcePoolResearchSynthesizer,src/Dockerfile:51;docker-compose.yaml:410;src/entrypoint.sh:5;src/main.py:75;src/main.py:80;src/orchestration/worker.py:279;src/orchestration/worker.py:931,config.temporal.web_real_agent_enabled;valid config; agent.mode=single; selected channel,HIGH
PROOF:src/research_adapters/web.py,src/research_adapters/web.py,R1,src/research_adapters/web.py::W3libSourceCanonicalizer,DEPLOY:hpagent -> src/entrypoint.sh -> src/main.py::main -> src/main.py::main_async -> src/orchestration/worker.py::start_worker -> src/orchestration/worker.py::compose_web_workers -> src/research_adapters/web.py::W3libSourceCanonicalizer,src/Dockerfile:51;docker-compose.yaml:410;src/entrypoint.sh:5;src/main.py:75;src/main.py:80;src/orchestration/worker.py:259;src/orchestration/worker.py:931,config.temporal.web_real_agent_enabled;valid config; agent.mode=single; selected channel,HIGH
PROOF:src/research_domain/models.py,src/research_domain/models.py,R2,src/research_domain/models.py::SourceStrategy.from_dict,DEPLOY:hpagent-api -> src/web_api/__main__.py::main -> src/web_api/app.py::create_app -> src/web_api/app.py::create_app.create_research_task -> src/research_domain/models.py::SourceStrategy.from_dict,src/Dockerfile.web-api:10;docker-compose.yaml:635;src/web_api/__main__.py:21;src/web_api/app.py:672;src/web_api/app.py:679,request POST /api/v1/tasks;valid WebSettings / database,MEDIUM
PROOF:src/research_domain/persistence.py,src/research_domain/persistence.py,R2,src/research_domain/persistence.py::TaskRepository.lock_active,DEPLOY:hpagent-api -> src/web_api/__main__.py::main -> src/web_api/app.py::create_app -> src/web_api/app.py::create_app.trigger_research_task -> src/research_domain/services.py::ResearchTaskCommandService.trigger_task -> src/research_domain/persistence.py::TaskRepository.lock_active,src/Dockerfile.web-api:10;docker-compose.yaml:635;src/research_domain/services.py:109;src/web_api/__main__.py:21;src/web_api/app.py:690;src/web_api/app.py:699,request POST /api/v1/tasks/{task_id}/runs;valid WebSettings / database,MEDIUM
PROOF:src/research_domain/providers.py,src/research_domain/providers.py,R1,src/research_domain/providers.py::BrowserFetchProvider.fetch_html,DEPLOY:hpagent -> src/entrypoint.sh -> src/main.py::main -> src/main.py::main_async -> src/orchestration/worker.py::start_worker -> src/orchestration/worker.py::compose_web_workers -> src/research_activities/runtime.py::ResearchActivities.fetch_research_sources_activity -> src/research_activities/runtime.py::ResearchActivities._fetch -> src/research_adapters/web.py::StaticWebContentProvider.fetch -> src/research_domain/providers.py::BrowserFetchProvider.fetch_html,src/Dockerfile:51;docker-compose.yaml:410;src/entrypoint.sh:5;src/main.py:75;src/main.py:80;src/orchestration/worker.py:331;src/orchestration/worker.py:931;src/research_activities/runtime.py:377;src/research_activities/runtime.py:414;src/orchestration/worker.py:260;src/research_adapters/web.py:195,config.temporal.web_real_agent_enabled;injected concrete service; request/config branch;len(text) < self.min_content_chars and self.browser is not None and (not used_browser);valid config; agent.mode=single; selected channel,MEDIUM
PROOF:src/research_domain/services.py,src/research_domain/services.py,R2,src/research_domain/services.py::ResearchTaskCommandService.trigger_task,DEPLOY:hpagent-api -> src/web_api/__main__.py::main -> src/web_api/app.py::create_app -> src/web_api/app.py::create_app.trigger_research_task -> src/research_domain/services.py::ResearchTaskCommandService.trigger_task,src/Dockerfile.web-api:10;docker-compose.yaml:635;src/web_api/__main__.py:21;src/web_api/app.py:690;src/web_api/app.py:699,request POST /api/v1/tasks/{task_id}/runs;valid WebSettings / database,MEDIUM
PROOF:src/resources/credentials.py,src/resources/credentials.py,R1,src/resources/credentials.py::CredentialManager,DEPLOY:hpagent -> src/entrypoint.sh -> src/main.py::main -> src/main.py::main_async -> src/orchestration/worker.py::start_worker -> src/orchestration/worker.py::init_dependencies -> src/resources/credentials.py::CredentialManager,src/Dockerfile:51;docker-compose.yaml:410;src/entrypoint.sh:5;src/main.py:75;src/main.py:80;src/orchestration/worker.py:627;src/orchestration/worker.py:855,valid config; agent.mode=single; selected channel,HIGH
PROOF:src/resources/embedding.py,src/resources/embedding.py,R1,src/resources/embedding.py::create_embedding_client,DEPLOY:hpagent -> src/entrypoint.sh -> src/main.py::main -> src/main.py::main_async -> src/orchestration/worker.py::start_worker -> src/orchestration/worker.py::init_dependencies -> src/orchestration/worker.py::setup_tools -> src/resources/embedding.py::create_embedding_client,src/Dockerfile:51;docker-compose.yaml:410;src/entrypoint.sh:5;src/main.py:75;src/main.py:80;src/orchestration/worker.py:524;src/orchestration/worker.py:710;src/orchestration/worker.py:855,config.models.tool_rag.enabled;valid config; agent.mode=single; selected channel,HIGH
PROOF:src/resources/model_client.py,src/resources/model_client.py,R1,src/resources/model_client.py::ModelClient,DEPLOY:hpagent -> src/entrypoint.sh -> src/main.py::main -> src/main.py::main_async -> src/orchestration/worker.py::start_worker -> src/orchestration/worker.py::init_dependencies -> src/resources/resource_pool.py::ResourcePool.initialize_models -> src/resources/model_client.py::ModelClient,src/Dockerfile:51;docker-compose.yaml:410;src/entrypoint.sh:5;src/main.py:75;src/main.py:80;src/orchestration/worker.py:651;src/orchestration/worker.py:855;src/resources/resource_pool.py:79,valid config; agent.mode=single; selected channel,MEDIUM
PROOF:src/resources/reranker.py,src/resources/reranker.py,R1,src/resources/reranker.py::create_reranker_client,DEPLOY:hpagent -> src/entrypoint.sh -> src/main.py::main -> src/main.py::main_async -> src/orchestration/worker.py::start_worker -> src/orchestration/worker.py::init_dependencies -> src/orchestration/worker.py::setup_tools -> src/resources/reranker.py::create_reranker_client,src/Dockerfile:51;docker-compose.yaml:410;src/entrypoint.sh:5;src/main.py:75;src/main.py:80;src/orchestration/worker.py:525;src/orchestration/worker.py:710;src/orchestration/worker.py:855,config.models.tool_rag.enabled;valid config; agent.mode=single; selected channel,HIGH
PROOF:src/resources/resource_pool.py,src/resources/resource_pool.py,R1,src/resources/resource_pool.py::ResourcePool,DEPLOY:hpagent -> src/entrypoint.sh -> src/main.py::main -> src/main.py::main_async -> src/orchestration/worker.py::start_worker -> src/orchestration/worker.py::init_dependencies -> src/resources/resource_pool.py::ResourcePool,src/Dockerfile:51;docker-compose.yaml:410;src/entrypoint.sh:5;src/main.py:75;src/main.py:80;src/orchestration/worker.py:650;src/orchestration/worker.py:855,valid config; agent.mode=single; selected channel,HIGH
PROOF:src/sandbox/git_repo.py,src/sandbox/git_repo.py,R1,src/sandbox/git_repo.py::GitRepoManager,DEPLOY:hpagent -> src/entrypoint.sh -> src/main.py::main -> src/main.py::main_async -> src/orchestration/worker.py::start_worker -> src/orchestration/worker.py::init_dependencies -> src/sandbox/git_repo.py::GitRepoManager,src/Dockerfile:51;docker-compose.yaml:410;src/entrypoint.sh:5;src/main.py:75;src/main.py:80;src/orchestration/worker.py:807;src/orchestration/worker.py:855,valid config; agent.mode=single; selected channel,HIGH
PROOF:src/sandbox/nsjail.py,src/sandbox/nsjail.py,R1,src/sandbox/nsjail.py::NsjailConfig,DEPLOY:hpagent -> src/entrypoint.sh -> src/main.py::main -> src/main.py::main_async -> src/orchestration/worker.py::start_worker -> src/orchestration/worker.py::init_dependencies -> src/orchestration/worker.py::_build_nsjail_config -> src/sandbox/nsjail.py::NsjailConfig,src/Dockerfile:51;docker-compose.yaml:410;src/entrypoint.sh:5;src/main.py:75;src/main.py:80;src/orchestration/worker.py:595;src/orchestration/worker.py:696;src/orchestration/worker.py:855,config.sandbox.nsjail_enabled;valid config; agent.mode=single; selected channel,HIGH
PROOF:src/sandbox/sandbox.py,src/sandbox/sandbox.py,R1,src/sandbox/sandbox.py::Sandbox.select_tools,DEPLOY:hpagent -> src/entrypoint.sh -> src/main.py::main -> src/main.py::main_async -> src/orchestration/worker.py::start_worker -> src/orchestration/worker.py::compose_web_workers -> src/agent_activities/runtime.py::DurableAgentActivities.model_decision -> src/actions/runtime.py::ActionRuntime.select_tools -> src/sandbox/sandbox.py::Sandbox.select_tools,src/Dockerfile:51;docker-compose.yaml:410;src/actions/runtime.py:101;src/agent_activities/runtime.py:498;src/orchestration/worker.py:293;src/entrypoint.sh:5;src/main.py:75;src/main.py:80;src/orchestration/worker.py:346;src/orchestration/worker.py:931,config.temporal.web_real_agent_enabled;injected concrete service; request/config branch;valid config; agent.mode=single; selected channel,HIGH
PROOF:src/sandbox/sandbox_manager.py,src/sandbox/sandbox_manager.py,R1,src/sandbox/sandbox_manager.py::SandboxManager,DEPLOY:hpagent -> src/entrypoint.sh -> src/main.py::main -> src/main.py::main_async -> src/orchestration/worker.py::start_worker -> src/orchestration/worker.py::init_dependencies -> src/sandbox/sandbox_manager.py::SandboxManager,src/Dockerfile:51;docker-compose.yaml:410;src/entrypoint.sh:5;src/main.py:75;src/main.py:80;src/orchestration/worker.py:756;src/orchestration/worker.py:855,valid config; agent.mode=single; selected channel,HIGH
PROOF:src/sandbox/tools/adapters/mcp.py,src/sandbox/tools/adapters/mcp.py,R1,src/sandbox/tools/adapters/mcp.py::MCPToolManager,DEPLOY:hpagent -> src/entrypoint.sh -> src/main.py::main -> src/main.py::main_async -> src/orchestration/worker.py::start_worker -> src/orchestration/worker.py::init_dependencies -> src/orchestration/worker.py::setup_tools -> src/sandbox/tools/adapters/mcp.py::MCPToolManager,src/Dockerfile:51;docker-compose.yaml:410;src/entrypoint.sh:5;src/main.py:75;src/main.py:80;src/orchestration/worker.py:539;src/orchestration/worker.py:710;src/orchestration/worker.py:855,config.models.mcp.auto_connect;valid config; agent.mode=single; selected channel,HIGH
PROOF:src/sandbox/tools/local/_path_utils.py,src/sandbox/tools/local/_path_utils.py,R1,src/sandbox/tools/local/_path_utils.py::safe_resolve,DEPLOY:hpagent -> src/entrypoint.sh -> src/main.py::main -> src/main.py::main_async -> src/orchestration/worker.py::start_worker -> src/orchestration/worker.py::compose_web_workers -> src/orchestration/web_activities.py::execute_agent_activity -> src/agent_execution/web_host.py::WebExecutionHost.execute -> src/workspace/isolation.py::SessionResourceRecoveryService.lease_for_run -> src/sandbox/sandbox_manager.py::SandboxManager.create_session_sandbox -> src/sandbox/tools/local/fs_read.py::create_fs_read_tool -> src/sandbox/tools/local/fs_read.py::create_fs_read_tool.fs_read -> src/sandbox/tools/local/_path_utils.py::safe_resolve,src/Dockerfile:51;docker-compose.yaml:410;src/agent_execution/web_host.py:123;src/entrypoint.sh:5;src/main.py:75;src/main.py:80;src/orchestration/web_activities.py:127;src/orchestration/worker.py:344;src/orchestration/worker.py:931;src/sandbox/tools/local/__init__.py:1;src/sandbox/tools/local/fs_read.py:17;src/sandbox/tools/local/fs_read.py:63;src/workspace/isolation.py:289,config.temporal.web_real_agent_enabled;reminder always registered; other native tools require native_tools_enabled; Bash additionally host_bash_enabled;resource_prep injected;selected registered tool;valid config; agent.mode=single; selected channel,HIGH
PROOF:src/sandbox/tools/local/bash.py,src/sandbox/tools/local/bash.py,R1,src/sandbox/tools/local/bash.py::create_bash_tool,DEPLOY:hpagent -> src/entrypoint.sh -> src/main.py::main -> src/main.py::main_async -> src/orchestration/worker.py::start_worker -> src/orchestration/worker.py::compose_web_workers -> src/orchestration/web_activities.py::execute_agent_activity -> src/agent_execution/web_host.py::WebExecutionHost.execute -> src/workspace/isolation.py::SessionResourceRecoveryService.lease_for_run -> src/sandbox/sandbox_manager.py::SandboxManager.create_session_sandbox -> src/sandbox/tools/local/bash.py::create_bash_tool,src/Dockerfile:51;docker-compose.yaml:410;src/agent_execution/web_host.py:123;src/entrypoint.sh:5;src/main.py:75;src/main.py:80;src/orchestration/web_activities.py:127;src/orchestration/worker.py:344;src/orchestration/worker.py:931;src/sandbox/tools/local/__init__.py:6;src/workspace/isolation.py:289,config.temporal.web_real_agent_enabled;reminder always registered; other native tools require native_tools_enabled; Bash additionally host_bash_enabled;resource_prep injected;valid config; agent.mode=single; selected channel,HIGH
PROOF:src/sandbox/tools/local/file_analysis.py,src/sandbox/tools/local/file_analysis.py,R1,src/sandbox/tools/local/file_analysis.py::create_file_analysis_tools,DEPLOY:hpagent -> src/entrypoint.sh -> src/main.py::main -> src/main.py::main_async -> src/orchestration/worker.py::start_worker -> src/orchestration/worker.py::compose_web_workers -> src/orchestration/web_activities.py::execute_agent_activity -> src/agent_execution/web_host.py::WebExecutionHost.execute -> src/workspace/isolation.py::SessionResourceRecoveryService.lease_for_run -> src/sandbox/sandbox_manager.py::SandboxManager.create_session_sandbox -> src/sandbox/tools/local/file_analysis.py::create_file_analysis_tools,src/Dockerfile:51;docker-compose.yaml:410;src/agent_execution/web_host.py:123;src/entrypoint.sh:5;src/main.py:75;src/main.py:80;src/orchestration/web_activities.py:127;src/orchestration/worker.py:344;src/orchestration/worker.py:931;src/sandbox/sandbox_manager.py:186;src/workspace/isolation.py:289,config.temporal.web_real_agent_enabled;resource_prep injected;self._file_tools_enabled and ctx.get('channel_type') == 'web';valid config; agent.mode=single; selected channel,HIGH
PROOF:src/sandbox/tools/local/file_read.py,src/sandbox/tools/local/file_read.py,R1,src/sandbox/tools/local/file_read.py::create_file_read_tools,DEPLOY:hpagent -> src/entrypoint.sh -> src/main.py::main -> src/main.py::main_async -> src/orchestration/worker.py::start_worker -> src/orchestration/worker.py::compose_web_workers -> src/orchestration/web_activities.py::execute_agent_activity -> src/agent_execution/web_host.py::WebExecutionHost.execute -> src/workspace/isolation.py::SessionResourceRecoveryService.lease_for_run -> src/sandbox/sandbox_manager.py::SandboxManager.create_session_sandbox -> src/sandbox/tools/local/file_read.py::create_file_read_tools,src/Dockerfile:51;docker-compose.yaml:410;src/agent_execution/web_host.py:123;src/entrypoint.sh:5;src/main.py:75;src/main.py:80;src/orchestration/web_activities.py:127;src/orchestration/worker.py:344;src/orchestration/worker.py:931;src/sandbox/sandbox_manager.py:187;src/workspace/isolation.py:289,config.temporal.web_real_agent_enabled;resource_prep injected;self._file_tools_enabled and ctx.get('channel_type') == 'web';valid config; agent.mode=single; selected channel,HIGH
PROOF:src/sandbox/tools/local/file_write.py,src/sandbox/tools/local/file_write.py,R1,src/sandbox/tools/local/file_write.py::create_file_write_tools,DEPLOY:hpagent -> src/entrypoint.sh -> src/main.py::main -> src/main.py::main_async -> src/orchestration/worker.py::start_worker -> src/orchestration/worker.py::compose_web_workers -> src/orchestration/web_activities.py::execute_agent_activity -> src/agent_execution/web_host.py::WebExecutionHost.execute -> src/workspace/isolation.py::SessionResourceRecoveryService.lease_for_run -> src/sandbox/sandbox_manager.py::SandboxManager.create_session_sandbox -> src/sandbox/tools/local/file_write.py::create_file_write_tools,src/Dockerfile:51;docker-compose.yaml:410;src/agent_execution/web_host.py:123;src/entrypoint.sh:5;src/main.py:75;src/main.py:80;src/orchestration/web_activities.py:127;src/orchestration/worker.py:344;src/orchestration/worker.py:931;src/sandbox/sandbox_manager.py:195;src/workspace/isolation.py:289,config.temporal.web_real_agent_enabled;resource_prep injected;self._file_tools_enabled and ctx.get('channel_type') == 'web' && self._file_output_publisher is not None;valid config; agent.mode=single; selected channel,HIGH
PROOF:src/sandbox/tools/local/fs_edit.py,src/sandbox/tools/local/fs_edit.py,R1,src/sandbox/tools/local/fs_edit.py::create_fs_edit_tool,DEPLOY:hpagent -> src/entrypoint.sh -> src/main.py::main -> src/main.py::main_async -> src/orchestration/worker.py::start_worker -> src/orchestration/worker.py::compose_web_workers -> src/orchestration/web_activities.py::execute_agent_activity -> src/agent_execution/web_host.py::WebExecutionHost.execute -> src/workspace/isolation.py::SessionResourceRecoveryService.lease_for_run -> src/sandbox/sandbox_manager.py::SandboxManager.create_session_sandbox -> src/sandbox/tools/local/fs_edit.py::create_fs_edit_tool,src/Dockerfile:51;docker-compose.yaml:410;src/agent_execution/web_host.py:123;src/entrypoint.sh:5;src/main.py:75;src/main.py:80;src/orchestration/web_activities.py:127;src/orchestration/worker.py:344;src/orchestration/worker.py:931;src/sandbox/tools/local/__init__.py:3;src/workspace/isolation.py:289,config.temporal.web_real_agent_enabled;reminder always registered; other native tools require native_tools_enabled; Bash additionally host_bash_enabled;resource_prep injected;valid config; agent.mode=single; selected channel,HIGH
PROOF:src/sandbox/tools/local/fs_read.py,src/sandbox/tools/local/fs_read.py,R1,src/sandbox/tools/local/fs_read.py::create_fs_read_tool,DEPLOY:hpagent -> src/entrypoint.sh -> src/main.py::main -> src/main.py::main_async -> src/orchestration/worker.py::start_worker -> src/orchestration/worker.py::compose_web_workers -> src/orchestration/web_activities.py::execute_agent_activity -> src/agent_execution/web_host.py::WebExecutionHost.execute -> src/workspace/isolation.py::SessionResourceRecoveryService.lease_for_run -> src/sandbox/sandbox_manager.py::SandboxManager.create_session_sandbox -> src/sandbox/tools/local/fs_read.py::create_fs_read_tool,src/Dockerfile:51;docker-compose.yaml:410;src/agent_execution/web_host.py:123;src/entrypoint.sh:5;src/main.py:75;src/main.py:80;src/orchestration/web_activities.py:127;src/orchestration/worker.py:344;src/orchestration/worker.py:931;src/sandbox/tools/local/__init__.py:1;src/workspace/isolation.py:289,config.temporal.web_real_agent_enabled;reminder always registered; other native tools require native_tools_enabled; Bash additionally host_bash_enabled;resource_prep injected;valid config; agent.mode=single; selected channel,HIGH
PROOF:src/sandbox/tools/local/fs_write.py,src/sandbox/tools/local/fs_write.py,R1,src/sandbox/tools/local/fs_write.py::create_fs_write_tool,DEPLOY:hpagent -> src/entrypoint.sh -> src/main.py::main -> src/main.py::main_async -> src/orchestration/worker.py::start_worker -> src/orchestration/worker.py::compose_web_workers -> src/orchestration/web_activities.py::execute_agent_activity -> src/agent_execution/web_host.py::WebExecutionHost.execute -> src/workspace/isolation.py::SessionResourceRecoveryService.lease_for_run -> src/sandbox/sandbox_manager.py::SandboxManager.create_session_sandbox -> src/sandbox/tools/local/fs_write.py::create_fs_write_tool,src/Dockerfile:51;docker-compose.yaml:410;src/agent_execution/web_host.py:123;src/entrypoint.sh:5;src/main.py:75;src/main.py:80;src/orchestration/web_activities.py:127;src/orchestration/worker.py:344;src/orchestration/worker.py:931;src/sandbox/tools/local/__init__.py:2;src/workspace/isolation.py:289,config.temporal.web_real_agent_enabled;reminder always registered; other native tools require native_tools_enabled; Bash additionally host_bash_enabled;resource_prep injected;valid config; agent.mode=single; selected channel,HIGH
PROOF:src/sandbox/tools/local/glob_.py,src/sandbox/tools/local/glob_.py,R1,src/sandbox/tools/local/glob_.py::create_glob_tool,DEPLOY:hpagent -> src/entrypoint.sh -> src/main.py::main -> src/main.py::main_async -> src/orchestration/worker.py::start_worker -> src/orchestration/worker.py::compose_web_workers -> src/orchestration/web_activities.py::execute_agent_activity -> src/agent_execution/web_host.py::WebExecutionHost.execute -> src/workspace/isolation.py::SessionResourceRecoveryService.lease_for_run -> src/sandbox/sandbox_manager.py::SandboxManager.create_session_sandbox -> src/sandbox/tools/local/glob_.py::create_glob_tool,src/Dockerfile:51;docker-compose.yaml:410;src/agent_execution/web_host.py:123;src/entrypoint.sh:5;src/main.py:75;src/main.py:80;src/orchestration/web_activities.py:127;src/orchestration/worker.py:344;src/orchestration/worker.py:931;src/sandbox/tools/local/__init__.py:4;src/workspace/isolation.py:289,config.temporal.web_real_agent_enabled;reminder always registered; other native tools require native_tools_enabled; Bash additionally host_bash_enabled;resource_prep injected;valid config; agent.mode=single; selected channel,HIGH
PROOF:src/sandbox/tools/local/grep.py,src/sandbox/tools/local/grep.py,R1,src/sandbox/tools/local/grep.py::create_grep_tool,DEPLOY:hpagent -> src/entrypoint.sh -> src/main.py::main -> src/main.py::main_async -> src/orchestration/worker.py::start_worker -> src/orchestration/worker.py::compose_web_workers -> src/orchestration/web_activities.py::execute_agent_activity -> src/agent_execution/web_host.py::WebExecutionHost.execute -> src/workspace/isolation.py::SessionResourceRecoveryService.lease_for_run -> src/sandbox/sandbox_manager.py::SandboxManager.create_session_sandbox -> src/sandbox/tools/local/grep.py::create_grep_tool,src/Dockerfile:51;docker-compose.yaml:410;src/agent_execution/web_host.py:123;src/entrypoint.sh:5;src/main.py:75;src/main.py:80;src/orchestration/web_activities.py:127;src/orchestration/worker.py:344;src/orchestration/worker.py:931;src/sandbox/tools/local/__init__.py:5;src/workspace/isolation.py:289,config.temporal.web_real_agent_enabled;reminder always registered; other native tools require native_tools_enabled; Bash additionally host_bash_enabled;resource_prep injected;valid config; agent.mode=single; selected channel,HIGH
PROOF:src/sandbox/tools/local/reminder.py,src/sandbox/tools/local/reminder.py,R1,src/sandbox/tools/local/reminder.py::inject_scheduler,DEPLOY:hpagent -> src/entrypoint.sh -> src/main.py::main -> src/main.py::main_async -> src/orchestration/worker.py::start_worker -> src/sandbox/tools/local/reminder.py::inject_scheduler,src/Dockerfile:51;docker-compose.yaml:410;src/entrypoint.sh:5;src/main.py:75;src/main.py:80;src/orchestration/worker.py:898,config.scheduler.enabled;valid config; agent.mode=single; selected channel,HIGH
PROOF:src/sandbox/tools/registry.py,src/sandbox/tools/registry.py,R1,src/sandbox/tools/registry.py::ToolRegistry,DEPLOY:hpagent -> src/entrypoint.sh -> src/main.py::main -> src/main.py::main_async -> src/orchestration/worker.py::start_worker -> src/orchestration/worker.py::compose_web_workers -> src/orchestration/web_activities.py::execute_agent_activity -> src/agent_execution/web_host.py::WebExecutionHost.execute -> src/workspace/isolation.py::SessionResourceRecoveryService.lease_for_run -> src/sandbox/sandbox_manager.py::SandboxManager.create_session_sandbox -> src/sandbox/tools/registry.py::ToolRegistry,src/Dockerfile:51;docker-compose.yaml:410;src/agent_execution/web_host.py:123;src/entrypoint.sh:5;src/main.py:75;src/main.py:80;src/orchestration/web_activities.py:127;src/orchestration/worker.py:344;src/orchestration/worker.py:931;src/sandbox/sandbox_manager.py:148;src/workspace/isolation.py:289,config.temporal.web_real_agent_enabled;resource_prep injected;valid config; agent.mode=single; selected channel,HIGH
PROOF:src/sandbox/tools/retriever.py,src/sandbox/tools/retriever.py,R1,src/sandbox/tools/retriever.py::ToolVectorStore,DEPLOY:hpagent -> src/entrypoint.sh -> src/main.py::main -> src/main.py::main_async -> src/orchestration/worker.py::start_worker -> src/orchestration/worker.py::init_dependencies -> src/orchestration/worker.py::setup_tools -> src/sandbox/tools/retriever.py::ToolVectorStore,src/Dockerfile:51;docker-compose.yaml:410;src/entrypoint.sh:5;src/main.py:75;src/main.py:80;src/orchestration/worker.py:526;src/orchestration/worker.py:710;src/orchestration/worker.py:855,config.models.tool_rag.enabled;valid config; agent.mode=single; selected channel,HIGH
PROOF:src/sandbox/tools/routing/capability.py,src/sandbox/tools/routing/capability.py,R1,src/sandbox/tools/routing/capability.py::CapabilityMatcher,DEPLOY:hpagent -> src/entrypoint.sh -> src/main.py::main -> src/main.py::main_async -> src/orchestration/worker.py::start_worker -> src/orchestration/worker.py::compose_web_workers -> src/orchestration/web_activities.py::execute_agent_activity -> src/agent_execution/web_host.py::WebExecutionHost.execute -> src/workspace/isolation.py::SessionResourceRecoveryService.lease_for_run -> src/sandbox/sandbox_manager.py::SandboxManager.create_session_sandbox -> src/sandbox/tools/routing/router.py::ToolRouter -> src/sandbox/tools/routing/router.py::ToolRouter.__init__ -> src/sandbox/tools/routing/capability.py::CapabilityMatcher,src/Dockerfile:51;docker-compose.yaml:410;src/agent_execution/web_host.py:123;src/entrypoint.sh:5;src/main.py:75;src/main.py:80;src/orchestration/web_activities.py:127;src/orchestration/worker.py:344;src/orchestration/worker.py:931;src/sandbox/sandbox_manager.py:245;src/sandbox/tools/routing/router.py:16;src/sandbox/tools/routing/router.py:9;src/workspace/isolation.py:289,config.temporal.web_real_agent_enabled;resource_prep injected;valid config; agent.mode=single; selected channel,HIGH
PROOF:src/sandbox/tools/routing/context.py,src/sandbox/tools/routing/context.py,R1,src/sandbox/tools/routing/context.py::ToolSelectionContextBuilder,DEPLOY:hpagent -> src/entrypoint.sh -> src/main.py::main -> src/main.py::main_async -> src/orchestration/worker.py::start_worker -> src/orchestration/worker.py::compose_web_workers -> src/orchestration/web_activities.py::execute_agent_activity -> src/agent_execution/web_host.py::WebExecutionHost.execute -> src/workspace/isolation.py::SessionResourceRecoveryService.lease_for_run -> src/sandbox/sandbox_manager.py::SandboxManager.create_session_sandbox -> src/sandbox/tools/routing/context.py::ToolSelectionContextBuilder,src/Dockerfile:51;docker-compose.yaml:410;src/agent_execution/web_host.py:123;src/entrypoint.sh:5;src/main.py:75;src/main.py:80;src/orchestration/web_activities.py:127;src/orchestration/worker.py:344;src/orchestration/worker.py:931;src/sandbox/sandbox_manager.py:237;src/workspace/isolation.py:289,config.temporal.web_real_agent_enabled;resource_prep injected;valid config; agent.mode=single; selected channel,HIGH
PROOF:src/sandbox/tools/routing/contracts.py,src/sandbox/tools/routing/contracts.py,R1,src/sandbox/tools/routing/contracts.py::routing_for,DEPLOY:hpagent -> src/entrypoint.sh -> src/main.py::main -> src/main.py::main_async -> src/orchestration/worker.py::start_worker -> src/orchestration/worker.py::compose_web_workers -> src/orchestration/web_activities.py::execute_agent_activity -> src/agent_execution/web_host.py::WebExecutionHost.execute -> src/workspace/isolation.py::SessionResourceRecoveryService.lease_for_run -> src/sandbox/sandbox_manager.py::SandboxManager.create_session_sandbox -> src/sandbox/tools/routing/contracts.py::routing_for,src/Dockerfile:51;docker-compose.yaml:410;src/agent_execution/web_host.py:123;src/entrypoint.sh:5;src/main.py:75;src/main.py:80;src/orchestration/web_activities.py:127;src/orchestration/worker.py:344;src/orchestration/worker.py:931;src/sandbox/sandbox_manager.py:164;src/workspace/isolation.py:289,config.temporal.web_real_agent_enabled;resource_prep injected;valid config; agent.mode=single; selected channel,HIGH
PROOF:src/sandbox/tools/routing/models.py,src/sandbox/tools/routing/models.py,R1,src/sandbox/tools/routing/models.py::RegisteredTool,DEPLOY:hpagent -> src/entrypoint.sh -> src/main.py::main -> src/main.py::main_async -> src/orchestration/worker.py::start_worker -> src/orchestration/worker.py::compose_web_workers -> src/orchestration/web_activities.py::execute_agent_activity -> src/agent_execution/web_host.py::WebExecutionHost.execute -> src/workspace/isolation.py::SessionResourceRecoveryService.lease_for_run -> src/sandbox/sandbox_manager.py::SandboxManager.create_session_sandbox -> src/sandbox/tools/registry.py::ToolRegistry.register -> src/sandbox/tools/routing/models.py::RegisteredTool,src/Dockerfile:51;docker-compose.yaml:410;src/agent_execution/web_host.py:123;src/entrypoint.sh:5;src/main.py:75;src/main.py:80;src/orchestration/web_activities.py:127;src/orchestration/worker.py:344;src/orchestration/worker.py:931;src/sandbox/sandbox_manager.py:164;src/sandbox/tools/registry.py:36;src/workspace/isolation.py:289,config.temporal.web_real_agent_enabled;resource_prep injected;valid config; agent.mode=single; selected channel,MEDIUM
PROOF:src/sandbox/tools/routing/policy.py,src/sandbox/tools/routing/policy.py,R1,src/sandbox/tools/routing/policy.py::CandidatePolicy,DEPLOY:hpagent -> src/entrypoint.sh -> src/main.py::main -> src/main.py::main_async -> src/orchestration/worker.py::start_worker -> src/orchestration/worker.py::compose_web_workers -> src/orchestration/web_activities.py::execute_agent_activity -> src/agent_execution/web_host.py::WebExecutionHost.execute -> src/workspace/isolation.py::SessionResourceRecoveryService.lease_for_run -> src/sandbox/sandbox_manager.py::SandboxManager.create_session_sandbox -> src/sandbox/tools/routing/router.py::ToolRouter -> src/sandbox/tools/routing/router.py::ToolRouter.__init__ -> src/sandbox/tools/routing/policy.py::CandidatePolicy,src/Dockerfile:51;docker-compose.yaml:410;src/agent_execution/web_host.py:123;src/entrypoint.sh:5;src/main.py:75;src/main.py:80;src/orchestration/web_activities.py:127;src/orchestration/worker.py:344;src/orchestration/worker.py:931;src/sandbox/sandbox_manager.py:245;src/sandbox/tools/routing/router.py:17;src/sandbox/tools/routing/router.py:9;src/workspace/isolation.py:289,config.temporal.web_real_agent_enabled;resource_prep injected;valid config; agent.mode=single; selected channel,HIGH
PROOF:src/sandbox/tools/routing/projector.py,src/sandbox/tools/routing/projector.py,R1,src/sandbox/tools/routing/projector.py::ToolSchemaProjector,DEPLOY:hpagent -> src/entrypoint.sh -> src/main.py::main -> src/main.py::main_async -> src/orchestration/worker.py::start_worker -> src/orchestration/worker.py::compose_web_workers -> src/orchestration/web_activities.py::execute_agent_activity -> src/agent_execution/web_host.py::WebExecutionHost.execute -> src/workspace/isolation.py::SessionResourceRecoveryService.lease_for_run -> src/sandbox/sandbox_manager.py::SandboxManager.create_session_sandbox -> src/sandbox/tools/routing/router.py::ToolRouter -> src/sandbox/tools/routing/router.py::ToolRouter.__init__ -> src/sandbox/tools/routing/projector.py::ToolSchemaProjector,src/Dockerfile:51;docker-compose.yaml:410;src/agent_execution/web_host.py:123;src/entrypoint.sh:5;src/main.py:75;src/main.py:80;src/orchestration/web_activities.py:127;src/orchestration/worker.py:344;src/orchestration/worker.py:931;src/sandbox/sandbox_manager.py:245;src/sandbox/tools/routing/router.py:18;src/sandbox/tools/routing/router.py:9;src/workspace/isolation.py:289,config.temporal.web_real_agent_enabled;resource_prep injected;valid config; agent.mode=single; selected channel,HIGH
PROOF:src/sandbox/tools/routing/router.py,src/sandbox/tools/routing/router.py,R1,src/sandbox/tools/routing/router.py::ToolRouter,DEPLOY:hpagent -> src/entrypoint.sh -> src/main.py::main -> src/main.py::main_async -> src/orchestration/worker.py::start_worker -> src/orchestration/worker.py::compose_web_workers -> src/orchestration/web_activities.py::execute_agent_activity -> src/agent_execution/web_host.py::WebExecutionHost.execute -> src/workspace/isolation.py::SessionResourceRecoveryService.lease_for_run -> src/sandbox/sandbox_manager.py::SandboxManager.create_session_sandbox -> src/sandbox/tools/routing/router.py::ToolRouter,src/Dockerfile:51;docker-compose.yaml:410;src/agent_execution/web_host.py:123;src/entrypoint.sh:5;src/main.py:75;src/main.py:80;src/orchestration/web_activities.py:127;src/orchestration/worker.py:344;src/orchestration/worker.py:931;src/sandbox/sandbox_manager.py:245;src/workspace/isolation.py:289,config.temporal.web_real_agent_enabled;resource_prep injected;valid config; agent.mode=single; selected channel,HIGH
PROOF:src/sandbox/tools/skills/engine.py,src/sandbox/tools/skills/engine.py,R1,src/sandbox/tools/skills/engine.py::build_skill_tool_from_definition,DEPLOY:hpagent -> src/entrypoint.sh -> src/main.py::main -> src/main.py::main_async -> src/orchestration/worker.py::start_worker -> src/orchestration/worker.py::compose_web_workers -> src/orchestration/web_activities.py::execute_agent_activity -> src/agent_execution/web_host.py::WebExecutionHost.execute -> src/workspace/isolation.py::SessionResourceRecoveryService.lease_for_run -> src/sandbox/sandbox_manager.py::SandboxManager.create_session_sandbox -> src/sandbox/tools/skills/engine.py::build_skill_tool_from_definition,src/Dockerfile:51;docker-compose.yaml:410;src/agent_execution/web_host.py:123;src/entrypoint.sh:5;src/main.py:75;src/main.py:80;src/orchestration/web_activities.py:127;src/orchestration/worker.py:344;src/orchestration/worker.py:931;src/sandbox/sandbox_manager.py:211;src/workspace/isolation.py:289,config.temporal.web_real_agent_enabled;resource_prep injected;self._skill_definitions;valid config; agent.mode=single; selected channel,HIGH
PROOF:src/sandbox/tools/skills/skillmd.py,src/sandbox/tools/skills/skillmd.py,R1,src/sandbox/tools/skills/skillmd.py::parse_skillmd,DEPLOY:hpagent -> src/entrypoint.sh -> src/main.py::main -> src/main.py::main_async -> src/orchestration/worker.py::start_worker -> src/orchestration/worker.py::init_dependencies -> src/orchestration/worker.py::setup_tools -> src/sandbox/tools/skills/skillmd.py::parse_skillmd,src/Dockerfile:51;docker-compose.yaml:410;src/entrypoint.sh:5;src/main.py:75;src/main.py:80;src/orchestration/worker.py:571;src/orchestration/worker.py:710;src/orchestration/worker.py:855,config.models.skills.enabled;valid config; agent.mode=single; selected channel,HIGH
PROOF:src/sandbox/tools/types.py,src/sandbox/tools/types.py,R1,src/sandbox/tools/types.py::ToolResult,DEPLOY:hpagent -> src/entrypoint.sh -> src/main.py::main -> src/main.py::main_async -> src/orchestration/worker.py::start_worker -> src/orchestration/worker.py::compose_web_workers -> src/agent_activities/runtime.py::DurableAgentActivities.tool_execution -> src/actions/runtime.py::ActionRuntime.execute_request -> src/actions/runtime.py::ActionRuntime.execute -> src/sandbox/sandbox.py::Sandbox.execute -> src/sandbox/tools/types.py::ToolResult,src/Dockerfile:51;docker-compose.yaml:410;src/actions/runtime.py:148;src/actions/runtime.py:198;src/agent_activities/runtime.py:894;src/orchestration/worker.py:293;src/entrypoint.sh:5;src/main.py:75;src/main.py:80;src/orchestration/worker.py:347;src/orchestration/worker.py:931;src/sandbox/sandbox.py:107,category == 'native' and self._nsjail and (tool_name == 'Bash');config.temporal.web_real_agent_enabled;injected concrete service; request/config branch;valid config; agent.mode=single; selected channel,MEDIUM
PROOF:src/session/db.py,src/session/db.py,R1,src/session/db.py::WorkspaceDB,DEPLOY:hpagent -> src/entrypoint.sh -> src/main.py::main -> src/main.py::main_async -> src/orchestration/worker.py::start_worker -> src/orchestration/worker.py::init_dependencies -> src/session/db.py::WorkspaceDB,src/Dockerfile:51;docker-compose.yaml:410;src/entrypoint.sh:5;src/main.py:75;src/main.py:80;src/orchestration/worker.py:715;src/orchestration/worker.py:855,valid config; agent.mode=single; selected channel,HIGH
PROOF:src/session/models.py,src/session/models.py,R1,src/session/models.py::Session.from_dict,DEPLOY:hpagent -> src/entrypoint.sh -> src/main.py::main -> src/main.py::main_async -> src/orchestration/worker.py::start_worker -> src/harness/activities.py::process_turn_activity -> src/agent_execution/qq_host.py::QQExecutionHost.execute -> src/agent_execution/qq_host.py::QQLegacyRequestLoader.load -> src/application/memory.py::TurnMemoryService.ensure_session -> src/session/store.py::SessionStore.get_session -> src/session/models.py::Session.from_dict,src/Dockerfile:51;docker-compose.yaml:410;src/agent_execution/qq_host.py:195;src/bootstrap/qq.py:80;src/agent_execution/qq_host.py:303;src/application/memory.py:28;src/entrypoint.sh:5;src/harness/activities.py:54;src/main.py:75;src/main.py:80;src/orchestration/worker.py:916;src/session/store.py:140,injected concrete service; request/config branch;self._cache && data;valid config; agent.mode=single; selected channel,MEDIUM
PROOF:src/session/store.py,src/session/store.py,R1,src/session/store.py::SessionStore,DEPLOY:hpagent -> src/entrypoint.sh -> src/main.py::main -> src/main.py::main_async -> src/orchestration/worker.py::start_worker -> src/orchestration/worker.py::init_dependencies -> src/bootstrap/qq.py::build_qq_runtime -> src/session/store.py::SessionStore,src/Dockerfile:51;docker-compose.yaml:410;src/bootstrap/qq.py:65;src/entrypoint.sh:5;src/main.py:75;src/main.py:80;src/orchestration/worker.py:810;src/orchestration/worker.py:855,valid config; agent.mode=single; selected channel,HIGH
PROOF:src/session/workspace.py,src/session/workspace.py,R1,src/session/workspace.py::write_history_jsonl,DEPLOY:hpagent -> src/entrypoint.sh -> src/main.py::main -> src/main.py::main_async -> src/orchestration/worker.py::start_worker -> src/harness/activities.py::archive_session_activity -> src/application/session_archive.py::SessionArchiveService.archive -> src/session/workspace.py::write_history_jsonl,src/Dockerfile:51;docker-compose.yaml:410;src/application/session_archive.py:79;src/entrypoint.sh:5;src/harness/activities.py:72;src/main.py:75;src/main.py:80;src/orchestration/worker.py:917,valid config; agent.mode=single; selected channel,HIGH
PROOF:src/storage/file_store.py,src/storage/file_store.py,R1,src/storage/file_store.py::LocalFileStore,DEPLOY:hpagent -> src/entrypoint.sh -> src/main.py::main -> src/main.py::main_async -> src/orchestration/worker.py::start_worker -> src/orchestration/worker.py::init_dependencies -> src/storage/file_store.py::LocalFileStore,src/Dockerfile:51;docker-compose.yaml:410;src/entrypoint.sh:5;src/main.py:75;src/main.py:80;src/orchestration/worker.py:714;src/orchestration/worker.py:855,valid config; agent.mode=single; selected channel,HIGH
PROOF:src/storage/redis.py,src/storage/redis.py,R1,src/storage/redis.py::RedisCache,DEPLOY:hpagent -> src/entrypoint.sh -> src/main.py::main -> src/main.py::main_async -> src/orchestration/worker.py::start_worker -> src/orchestration/worker.py::init_dependencies -> src/storage/redis.py::RedisCache,src/Dockerfile:51;docker-compose.yaml:410;src/entrypoint.sh:5;src/main.py:75;src/main.py:80;src/orchestration/worker.py:671;src/orchestration/worker.py:855,redis_url;valid config; agent.mode=single; selected channel,HIGH
PROOF:src/storage/tenant_file_store.py,src/storage/tenant_file_store.py,R6,src/storage/tenant_file_store.py::TenantFileReader,DEPLOY:hpagent-document-worker -> src/orchestration/document_worker.py::main -> src/orchestration/document_worker.py::main_async -> src/storage/tenant_file_store.py::TenantFileReader,src/Dockerfile.document:20;docker-compose.yaml:584;src/orchestration/document_worker.py:31;src/orchestration/document_worker.py:52,database / Temporal / document image; heavy-normalization request,HIGH
PROOF:src/web_api/__main__.py,src/web_api/__main__.py,R2,src/web_api/__main__.py::main,DEPLOY:hpagent-api -> src/web_api/__main__.py::main,src/Dockerfile.web-api:10;docker-compose.yaml:635,valid WebSettings / database,HIGH
PROOF:src/web_api/app.py,src/web_api/app.py,R2,src/web_api/app.py::create_app,DEPLOY:hpagent-api -> src/web_api/__main__.py::main -> src/web_api/app.py::create_app,src/Dockerfile.web-api:10;docker-compose.yaml:635;src/web_api/__main__.py:21,valid WebSettings / database,HIGH
PROOF:src/web_api/auth.py,src/web_api/auth.py,R2,src/web_api/auth.py::AuthService.login,DEPLOY:hpagent-api -> src/web_api/__main__.py::main -> src/web_api/app.py::create_app -> src/web_api/app.py::create_app.login -> src/web_api/auth.py::AuthService.login,src/Dockerfile.web-api:10;docker-compose.yaml:635;src/web_api/__main__.py:21;src/web_api/app.py:493;src/web_api/app.py:496,request POST /auth/login;valid WebSettings / database,MEDIUM
PROOF:src/web_api/config.py,src/web_api/config.py,R2,src/web_api/config.py::WebApiSettings.from_env,DEPLOY:hpagent-api -> src/web_api/__main__.py::main -> src/web_api/app.py::create_app -> src/web_api/config.py::WebApiSettings.from_env,src/Dockerfile.web-api:10;docker-compose.yaml:635;src/web_api/__main__.py:21;src/web_api/app.py:256,valid WebSettings / database,MEDIUM
PROOF:src/web_api/fake_executor.py,src/web_api/fake_executor.py,R2,src/web_api/fake_executor.py::FakeRunExecutor,DEPLOY:hpagent-api -> src/web_api/__main__.py::main -> src/web_api/app.py::create_app -> src/web_api/app.py::create_app.lifespan -> src/web_api/fake_executor.py::FakeRunExecutor,src/Dockerfile.web-api:10;docker-compose.yaml:635;src/web_api/__main__.py:21;src/web_api/app.py:349;src/web_api/app.py:370,ASGI application startup;settings.fake_executor_enabled;valid WebSettings / database,HIGH
PROOF:src/web_api/models.py,src/web_api/models.py,R2,src/web_api/models.py::LoginRequest,DEPLOY:hpagent-api -> src/web_api/__main__.py::main -> src/web_api/app.py::create_app -> src/web_api/app.py::create_app.login -> src/web_api/models.py::LoginRequest,src/Dockerfile.web-api:10;docker-compose.yaml:635;src/web_api/__main__.py:21;src/web_api/app.py:493;src/web_api/app.py:494,FastAPI typed input contract;request POST /auth/login;valid WebSettings / database,HIGH
PROOF:src/web_api/queries.py,src/web_api/queries.py,R2,src/web_api/queries.py::QueryService.list_conversations,DEPLOY:hpagent-api -> src/web_api/__main__.py::main -> src/web_api/app.py::create_app -> src/web_api/app.py::create_app.list_conversations -> src/web_api/queries.py::QueryService.list_conversations,src/Dockerfile.web-api:10;docker-compose.yaml:635;src/web_api/__main__.py:21;src/web_api/app.py:899;src/web_api/app.py:901,request GET /api/v1/conversations;valid WebSettings / database,MEDIUM
PROOF:src/web_api/security.py,src/web_api/security.py,R2,src/web_api/security.py::CursorCodec,DEPLOY:hpagent-api -> src/web_api/__main__.py::main -> src/web_api/app.py::create_app -> src/web_api/app.py::create_app.lifespan -> src/web_api/security.py::CursorCodec,src/Dockerfile.web-api:10;docker-compose.yaml:635;src/web_api/__main__.py:21;src/web_api/app.py:315;src/web_api/app.py:370,ASGI application startup;valid WebSettings / database,HIGH
PROOF:src/web_api/sse.py,src/web_api/sse.py,R2,src/web_api/sse.py::SSEGateway.stream,DEPLOY:hpagent-api -> src/web_api/__main__.py::main -> src/web_api/app.py::create_app -> src/web_api/app.py::create_app.run_events -> src/web_api/sse.py::SSEGateway.stream,src/Dockerfile.web-api:10;docker-compose.yaml:635;src/web_api/__main__.py:21;src/web_api/app.py:1057;src/web_api/app.py:1097,request GET /api/v1/runs/{run_id}/events;valid WebSettings / database,MEDIUM
PROOF:src/web_api/terminal_publisher.py,src/web_api/terminal_publisher.py,R2,src/web_api/terminal_publisher.py::TerminalEventPublisher,DEPLOY:hpagent-api -> src/web_api/__main__.py::main -> src/web_api/app.py::create_app -> src/web_api/app.py::create_app.lifespan -> src/web_api/terminal_publisher.py::TerminalEventPublisher,src/Dockerfile.web-api:10;docker-compose.yaml:635;src/web_api/__main__.py:21;src/web_api/app.py:334;src/web_api/app.py:370,ASGI application startup;redis_client is not None;valid WebSettings / database,HIGH
PROOF:src/web_artifacts/build.py,src/web_artifacts/build.py,R2,src/web_artifacts/build.py::ArtifactBuildService,DEPLOY:hpagent-api -> src/web_api/__main__.py::main -> src/web_api/app.py::create_app -> src/web_api/app.py::create_app.lifespan -> src/web_api/fake_executor.py::FakeArtifactExecutor -> src/web_api/fake_executor.py::FakeArtifactExecutor.__init__ -> src/web_artifacts/build.py::ArtifactBuildService,src/Dockerfile.web-api:10;docker-compose.yaml:635;src/web_api/__main__.py:21;src/web_api/app.py:351;src/web_api/app.py:370;src/web_api/fake_executor.py:152;src/web_api/fake_executor.py:159,ASGI application startup;settings.fake_executor_enabled;valid WebSettings / database,HIGH
PROOF:src/web_artifacts/generator.py,src/web_artifacts/generator.py,R2,src/web_artifacts/generator.py::WebArtifactGenerator,DEPLOY:hpagent-api -> src/web_api/__main__.py::main -> src/web_api/app.py::create_app -> src/web_api/app.py::create_app.lifespan -> src/web_api/fake_executor.py::FakeArtifactExecutor -> src/web_api/fake_executor.py::FakeArtifactExecutor.__init__ -> src/web_artifacts/generator.py::WebArtifactGenerator,src/Dockerfile.web-api:10;docker-compose.yaml:635;src/web_api/__main__.py:21;src/web_api/app.py:351;src/web_api/app.py:370;src/web_api/fake_executor.py:152;src/web_api/fake_executor.py:159,ASGI application startup;settings.fake_executor_enabled;valid WebSettings / database,HIGH
PROOF:src/web_artifacts/models.py,src/web_artifacts/models.py,R1,src/web_artifacts/models.py::ArtifactBuildInput.validate,DEPLOY:hpagent -> src/entrypoint.sh -> src/main.py::main -> src/main.py::main_async -> src/orchestration/worker.py::start_worker -> src/orchestration/worker.py::compose_web_workers -> src/orchestration/artifact_activities.py::execute_artifact_build_activity -> src/web_artifacts/models.py::ArtifactBuildInput.validate,src/Dockerfile:51;docker-compose.yaml:410;src/entrypoint.sh:5;src/main.py:75;src/main.py:80;src/orchestration/artifact_activities.py:20;src/orchestration/worker.py:325;src/orchestration/worker.py:931,config.temporal.web_real_agent_enabled;valid config; agent.mode=single; selected channel,MEDIUM
PROOF:src/web_artifacts/outbox.py,src/web_artifacts/outbox.py,R2,src/web_artifacts/outbox.py::ArtifactOutboxService,DEPLOY:hpagent-api -> src/web_api/__main__.py::main -> src/web_api/app.py::create_app -> src/web_api/app.py::create_app.lifespan -> src/web_api/fake_executor.py::FakeArtifactExecutor -> src/web_api/fake_executor.py::FakeArtifactExecutor.__init__ -> src/web_artifacts/outbox.py::ArtifactOutboxService,src/Dockerfile.web-api:10;docker-compose.yaml:635;src/web_api/__main__.py:21;src/web_api/app.py:351;src/web_api/app.py:370;src/web_api/fake_executor.py:152;src/web_api/fake_executor.py:158,ASGI application startup;settings.fake_executor_enabled;valid WebSettings / database,HIGH
PROOF:src/web_artifacts/services.py,src/web_artifacts/services.py,R2,src/web_artifacts/services.py::ArtifactService.create_artifact,DEPLOY:hpagent-api -> src/web_api/__main__.py::main -> src/web_api/app.py::create_app -> src/web_api/app.py::create_app.create_artifact -> src/web_artifacts/services.py::ArtifactService.create_artifact,src/Dockerfile.web-api:10;docker-compose.yaml:635;src/web_api/__main__.py:21;src/web_api/app.py:990;src/web_api/app.py:995,request POST /api/v1/messages/{message_id}/artifacts;valid WebSettings / database,MEDIUM
PROOF:src/web_domain/errors.py,src/web_domain/errors.py,R2,src/web_domain/errors.py::ResourceNotFound,DEPLOY:hpagent-api -> src/web_api/__main__.py::main -> src/web_api/app.py::create_app -> src/web_api/app.py::create_app.get_persistent_file -> src/web_domain/errors.py::ResourceNotFound,src/Dockerfile.web-api:10;docker-compose.yaml:635;src/web_api/__main__.py:21;src/web_api/app.py:800;src/web_api/app.py:809,destination is None;request GET /api/v1/persistent-files/{logical_path:path};valid WebSettings / database,HIGH
PROOF:src/web_domain/failures.py,src/web_domain/failures.py,R2,src/web_domain/failures.py::is_failure_retryable,DEPLOY:hpagent-api -> src/web_api/__main__.py::main -> src/web_api/app.py::create_app -> src/web_api/app.py::create_app.retry_run -> src/web_domain/services.py::CommandService.retry_run -> src/web_domain/failures.py::is_failure_retryable,src/Dockerfile.web-api:10;docker-compose.yaml:635;src/web_api/__main__.py:21;src/web_api/app.py:1122;src/web_api/app.py:1124;src/web_domain/services.py:298,not is_failure_retryable(failure_code);request POST /api/v1/runs/{run_id}/retry;valid WebSettings / database,MEDIUM
PROOF:src/web_domain/file_cleanup.py,src/web_domain/file_cleanup.py,R1,src/web_domain/file_cleanup.py::FileCleanupService,DEPLOY:hpagent -> src/entrypoint.sh -> src/main.py::main -> src/main.py::main_async -> src/orchestration/worker.py::start_worker -> src/web_domain/file_cleanup.py::FileCleanupService,src/Dockerfile:51;docker-compose.yaml:410;src/entrypoint.sh:5;src/main.py:75;src/main.py:80;src/orchestration/worker.py:1013,deps.run_file_workspace is not None;valid config; agent.mode=single; selected channel,HIGH
PROOF:src/web_domain/file_services.py,src/web_domain/file_services.py,R2,src/web_domain/file_services.py::FileService,DEPLOY:hpagent-api -> src/web_api/__main__.py::main -> src/web_api/app.py::create_app -> src/web_api/app.py::create_app.create_upload -> src/web_domain/file_services.py::FileService,src/Dockerfile.web-api:10;docker-compose.yaml:635;src/web_api/__main__.py:21;src/web_api/app.py:760;src/web_api/app.py:767,FastAPI typed input contract;request POST /api/v1/conversations/{conversation_id}/uploads;valid WebSettings / database,HIGH
PROOF:src/web_domain/lifecycle.py,src/web_domain/lifecycle.py,R1,src/web_domain/lifecycle.py::WebRunLifecycleService,DEPLOY:hpagent -> src/entrypoint.sh -> src/main.py::main -> src/main.py::main_async -> src/orchestration/worker.py::start_worker -> src/orchestration/worker.py::compose_web_workers -> src/web_domain/lifecycle.py::WebRunLifecycleService,src/Dockerfile:51;docker-compose.yaml:410;src/entrypoint.sh:5;src/main.py:75;src/main.py:80;src/orchestration/worker.py:207;src/orchestration/worker.py:931,config.temporal.web_real_agent_enabled;valid config; agent.mode=single; selected channel,HIGH
PROOF:src/web_domain/outbox.py,src/web_domain/outbox.py,R2,src/web_domain/outbox.py::OutboxService,DEPLOY:hpagent-api -> src/web_api/__main__.py::main -> src/web_api/app.py::create_app -> src/web_api/app.py::create_app.lifespan -> src/web_api/terminal_publisher.py::TerminalEventPublisher -> src/web_api/terminal_publisher.py::TerminalEventPublisher.__init__ -> src/web_domain/outbox.py::OutboxService,src/Dockerfile.web-api:10;docker-compose.yaml:635;src/web_api/__main__.py:21;src/web_api/app.py:334;src/web_api/app.py:370;src/web_api/terminal_publisher.py:41;src/web_api/terminal_publisher.py:53,ASGI application startup;redis_client is not None;valid WebSettings / database,HIGH
PROOF:src/web_domain/run_usage_projection.py,src/web_domain/run_usage_projection.py,R2,src/web_domain/run_usage_projection.py::load_run_budget_projection,DEPLOY:hpagent-api -> src/web_api/__main__.py::main -> src/web_api/app.py::create_app -> src/web_api/app.py::create_app.run_events -> src/web_api/sse.py::load_run_snapshot -> src/web_domain/run_usage_projection.py::load_run_budget_projection,src/Dockerfile.web-api:10;docker-compose.yaml:635;src/web_api/__main__.py:21;src/web_api/app.py:1057;src/web_api/app.py:1082;src/web_api/sse.py:87,request GET /api/v1/runs/{run_id}/events;valid WebSettings / database,MEDIUM
PROOF:src/web_domain/services.py,src/web_domain/services.py,R2,src/web_domain/services.py::CommandService,DEPLOY:hpagent-api -> src/web_api/__main__.py::main -> src/web_api/app.py::create_app -> src/web_api/app.py::create_app.lifespan -> src/web_domain/services.py::CommandService,src/Dockerfile.web-api:10;docker-compose.yaml:635;src/web_api/__main__.py:21;src/web_api/app.py:292;src/web_api/app.py:370,ASGI application startup;valid WebSettings / database,HIGH
PROOF:src/web_domain/sessions.py,src/web_domain/sessions.py,R2,src/web_domain/sessions.py::ConversationSessionService.get_or_create_in_locked_conversation,DEPLOY:hpagent-api -> src/web_api/__main__.py::main -> src/web_api/app.py::create_app -> src/web_api/app.py::create_app.send_message -> src/web_domain/services.py::CommandService.send_message -> src/web_domain/sessions.py::ConversationSessionService.get_or_create_in_locked_conversation,src/Dockerfile.web-api:10;docker-compose.yaml:635;src/web_api/__main__.py:21;src/web_api/app.py:930;src/web_api/app.py:953;src/web_domain/services.py:183,request POST /api/v1/conversations/{conversation_id}/messages;valid WebSettings / database,MEDIUM
PROOF:src/web_domain/workflow_execution.py,src/web_domain/workflow_execution.py,R1,src/web_domain/workflow_execution.py::PostgresWorkflowExecutionStore,DEPLOY:hpagent -> src/entrypoint.sh -> src/main.py::main -> src/main.py::main_async -> src/orchestration/worker.py::start_worker -> src/orchestration/worker.py::compose_web_workers -> src/web_domain/workflow_execution.py::PostgresWorkflowExecutionStore,src/Dockerfile:51;docker-compose.yaml:410;src/entrypoint.sh:5;src/main.py:75;src/main.py:80;src/orchestration/worker.py:354;src/orchestration/worker.py:931,config.temporal.web_real_agent_enabled;valid config; agent.mode=single; selected channel,HIGH
PROOF:src/workspace/file_capability_config.py,src/workspace/file_capability_config.py,R1,src/workspace/file_capability_config.py::FileCapabilityConfig.from_environment,DEPLOY:hpagent -> src/entrypoint.sh -> src/main.py::main -> src/main.py::main_async -> src/orchestration/worker.py::start_worker -> src/orchestration/worker.py::init_dependencies -> src/workspace/file_capability_config.py::FileCapabilityConfig.from_environment,src/Dockerfile:51;docker-compose.yaml:410;src/entrypoint.sh:5;src/main.py:75;src/main.py:80;src/orchestration/worker.py:720;src/orchestration/worker.py:855,valid config; agent.mode=single; selected channel,MEDIUM
PROOF:src/workspace/file_scope.py,src/workspace/file_scope.py,R6,src/workspace/file_scope.py::RunFileWorkspace,DEPLOY:hpagent-document-worker -> src/orchestration/document_worker.py::main -> src/orchestration/document_worker.py::main_async -> src/workspace/file_scope.py::RunFileWorkspace,src/Dockerfile.document:20;docker-compose.yaml:584;src/orchestration/document_worker.py:34;src/orchestration/document_worker.py:52,database / Temporal / document image; heavy-normalization request,HIGH
PROOF:src/workspace/isolation.py,src/workspace/isolation.py,R1,src/workspace/isolation.py::WorkspaceIsolationRuntime,DEPLOY:hpagent -> src/entrypoint.sh -> src/main.py::main -> src/main.py::main_async -> src/orchestration/worker.py::start_worker -> src/orchestration/worker.py::init_dependencies -> src/workspace/isolation.py::WorkspaceIsolationRuntime,src/Dockerfile:51;docker-compose.yaml:410;src/entrypoint.sh:5;src/main.py:75;src/main.py:80;src/orchestration/worker.py:616;src/orchestration/worker.py:855,valid config; agent.mode=single; selected channel,HIGH
PROOF:test/test_document_temporal_integration.py,test/test_document_temporal_integration.py,R1,test/test_document_temporal_integration.py::normalize_document,DEPLOY:hpagent -> src/entrypoint.sh -> src/main.py::main -> src/main.py::main_async -> src/orchestration/worker.py::start_worker -> ROOT:WEB_LIFECYCLE -> src/orchestration/document_workflow.py::NormalizeDocumentWorkflow -> src/orchestration/document_workflow.py::NormalizeDocumentWorkflow.run -> test/test_document_temporal_integration.py::normalize_document,src/Dockerfile:51;docker-compose.yaml:410;src/entrypoint.sh:5;src/main.py:75;src/main.py:80;src/orchestration/document_workflow.py:17;src/orchestration/document_workflow.py:18;src/orchestration/web_workers.py:176;src/orchestration/worker.py:930,WEB_REAL_AGENT_ENABLED;WEB_REAL_AGENT_ENABLED; definitions independent of durable start flag;valid config; agent.mode=single; selected channel,HIGH
PROOF:test/test_durable_agent_temporal_integration.py,test/test_durable_agent_temporal_integration.py,R1,test/test_durable_agent_temporal_integration.py::fake_model,DEPLOY:hpagent -> src/entrypoint.sh -> src/main.py::main -> src/main.py::main_async -> src/orchestration/worker.py::start_worker -> ROOT:WEB_AGENT -> src/agent_workflows/react.py::ReactAgentWorkflow -> src/agent_workflows/react.py::ReactAgentWorkflow.run -> test/test_durable_agent_temporal_integration.py::fake_model,src/Dockerfile:51;docker-compose.yaml:410;src/agent_workflows/react.py:163;src/agent_workflows/react.py:75;src/entrypoint.sh:5;src/main.py:75;src/main.py:80;src/orchestration/web_workers.py:185;src/orchestration/worker.py:930,WEB_REAL_AGENT_ENABLED;WEB_REAL_AGENT_ENABLED; definitions independent of durable start flag;valid config; agent.mode=single; selected channel,HIGH
PROOF:test/test_research_temporal_integration.py,test/test_research_temporal_integration.py,R1,test/test_research_temporal_integration.py::gaps,DEPLOY:hpagent -> src/entrypoint.sh -> src/main.py::main -> src/main.py::main_async -> src/orchestration/worker.py::start_worker -> ROOT:WEB_LIFECYCLE -> src/orchestration/research_workflow.py::ResearchReportWorkflow -> src/orchestration/research_workflow.py::ResearchReportWorkflow.run -> test/test_research_temporal_integration.py::gaps,src/Dockerfile:51;docker-compose.yaml:410;src/entrypoint.sh:5;src/main.py:75;src/main.py:80;src/orchestration/research_workflow.py:110;src/orchestration/research_workflow.py:152;src/orchestration/web_workers.py:173;src/orchestration/worker.py:930,WEB_REAL_AGENT_ENABLED;WEB_REAL_AGENT_ENABLED; definitions independent of durable start flag;valid config; agent.mode=single; selected channel,HIGH
PROOF:test/test_web_temporal_integration.py,test/test_web_temporal_integration.py,R1,test/test_web_temporal_integration.py::integration_finalize_failed,DEPLOY:hpagent -> src/entrypoint.sh -> src/main.py::main -> src/main.py::main_async -> src/orchestration/worker.py::start_worker -> ROOT:WEB_LIFECYCLE -> src/orchestration/web_workflow.py::WebRunWorkflow -> src/orchestration/web_workflow.py::WebRunWorkflow.run -> test/test_web_temporal_integration.py::integration_finalize_failed,src/Dockerfile:51;docker-compose.yaml:410;src/entrypoint.sh:5;src/main.py:75;src/main.py:80;src/orchestration/web_workers.py:171;src/orchestration/web_workflow.py:188;src/orchestration/web_workflow.py:95;src/orchestration/worker.py:930,WEB_REAL_AGENT_ENABLED;WEB_REAL_AGENT_ENABLED; definitions independent of durable start flag;valid config; agent.mode=single; selected channel,HIGH
PROOF:test/web_persistence/test_f4_2_approval_temporal.py,test/web_persistence/test_f4_2_approval_temporal.py,R1,test/web_persistence/test_f4_2_approval_temporal.py::pending_tool,DEPLOY:hpagent -> src/entrypoint.sh -> src/main.py::main -> src/main.py::main_async -> src/orchestration/worker.py::start_worker -> ROOT:WEB_AGENT -> src/agent_workflows/tool_execution.py::ToolExecutionWorkflow -> src/agent_workflows/tool_execution.py::ToolExecutionWorkflow.run -> test/web_persistence/test_f4_2_approval_temporal.py::pending_tool,src/Dockerfile:51;docker-compose.yaml:410;src/agent_workflows/tool_execution.py:47;src/agent_workflows/tool_execution.py:48;src/entrypoint.sh:5;src/main.py:75;src/main.py:80;src/orchestration/web_workers.py:188;src/orchestration/worker.py:930,WEB_REAL_AGENT_ENABLED;WEB_REAL_AGENT_ENABLED; definitions independent of durable start flag;valid config; agent.mode=single; selected channel,HIGH
PROOF:test/web_persistence/test_research_schedule_temporal_integration.py,test/web_persistence/test_research_schedule_temporal_integration.py,R1,test/web_persistence/test_research_schedule_temporal_integration.py::test_real_schedule_fires_through_task_command_budget_and_outbox.trigger,DEPLOY:hpagent -> src/entrypoint.sh -> src/main.py::main -> src/main.py::main_async -> src/orchestration/worker.py::start_worker -> ROOT:WEB_LIFECYCLE -> src/orchestration/research_workflow.py::ResearchTaskScheduleWorkflow -> src/orchestration/research_workflow.py::ResearchTaskScheduleWorkflow.run -> test/web_persistence/test_research_schedule_temporal_integration.py::test_real_schedule_fires_through_task_command_budget_and_outbox.trigger,src/Dockerfile:51;docker-compose.yaml:410;src/entrypoint.sh:5;src/main.py:75;src/main.py:80;src/orchestration/research_workflow.py:86;src/orchestration/research_workflow.py:88;src/orchestration/web_workers.py:174;src/orchestration/worker.py:930,WEB_REAL_AGENT_ENABLED;WEB_REAL_AGENT_ENABLED; definitions independent of durable start flag;valid config; agent.mode=single; selected channel,HIGH
PROOF:web/src/App.tsx,web/src/App.tsx,R7,web/src/App.tsx,DEPLOY:web-gateway -> web/src/main.tsx -> web/src/App.tsx,web/index.html:10;web/Dockerfile:23;docker-compose.yaml:801;web/src/main.tsx:16,UI render/event/state branch; file-level value use;web-gateway web-prod; web-dev development,HIGH
PROOF:web/src/adapters/assistant-ui/HpThread.tsx,web/src/adapters/assistant-ui/HpThread.tsx,R7,web/src/adapters/assistant-ui/HpThread.tsx,DEPLOY:web-gateway -> web/src/main.tsx -> web/src/App.tsx -> web/src/components/ChatPane.tsx -> web/src/adapters/assistant-ui/HpThread.tsx,web/index.html:10;web/Dockerfile:23;docker-compose.yaml:801;web/src/App.tsx:128;web/src/components/ChatPane.tsx:161;web/src/main.tsx:16,UI render/event/state branch; file-level value use;web-gateway web-prod; web-dev development,HIGH
PROOF:web/src/adapters/assistant-ui/runtime.ts,web/src/adapters/assistant-ui/runtime.ts,R7,web/src/adapters/assistant-ui/runtime.ts,DEPLOY:web-gateway -> web/src/main.tsx -> web/src/App.tsx -> web/src/components/ChatPane.tsx -> web/src/adapters/assistant-ui/HpThread.tsx -> web/src/adapters/assistant-ui/runtime.ts,web/index.html:10;web/Dockerfile:23;docker-compose.yaml:801;web/src/App.tsx:128;web/src/adapters/assistant-ui/HpThread.tsx:121;web/src/components/ChatPane.tsx:161;web/src/main.tsx:16,UI render/event/state branch; file-level value use;web-gateway web-prod; web-dev development,HIGH
PROOF:web/src/adapters/assistant-ui/types.ts,web/src/adapters/assistant-ui/types.ts,R7,web/src/adapters/assistant-ui/types.ts,DEPLOY:web-gateway -> web/src/main.tsx -> web/src/App.tsx -> web/src/components/ChatPane.tsx -> web/src/adapters/assistant-ui/HpThread.tsx -> web/src/adapters/assistant-ui/runtime.ts -> web/src/adapters/assistant-ui/types.ts,web/index.html:10;web/Dockerfile:23;docker-compose.yaml:801;web/src/App.tsx:128;web/src/adapters/assistant-ui/HpThread.tsx:121;web/src/adapters/assistant-ui/runtime.ts:51;web/src/components/ChatPane.tsx:161;web/src/main.tsx:16,UI render/event/state branch; file-level value use;web-gateway web-prod; web-dev development,HIGH
PROOF:web/src/api/client.ts,web/src/api/client.ts,R7,web/src/api/client.ts,DEPLOY:web-gateway -> web/src/main.tsx -> web/src/App.tsx -> web/src/store/auth.ts -> web/src/api/client.ts,web/index.html:10;web/Dockerfile:23;docker-compose.yaml:801;web/src/App.tsx:20;web/src/main.tsx:16;web/src/store/auth.ts:35,UI render/event/state branch; file-level value use;web-gateway web-prod; web-dev development,HIGH
PROOF:web/src/api/resources.ts,web/src/api/resources.ts,R7,web/src/api/resources.ts,DEPLOY:web-gateway -> web/src/main.tsx -> web/src/App.tsx -> web/src/store/artifacts.ts -> web/src/api/resources.ts,web/index.html:10;web/Dockerfile:23;docker-compose.yaml:801;web/src/App.tsx:23;web/src/main.tsx:16;web/src/store/artifacts.ts:61,UI render/event/state branch; file-level value use;web-gateway web-prod; web-dev development,HIGH
PROOF:web/src/api/types.ts,web/src/api/types.ts,R7,web/src/api/types.ts,DEPLOY:web-gateway -> web/src/main.tsx -> web/src/App.tsx -> web/src/store/artifacts.ts -> web/src/api/types.ts,web/index.html:10;web/Dockerfile:23;docker-compose.yaml:801;web/src/App.tsx:23;web/src/main.tsx:16;web/src/store/artifacts.ts:89,UI render/event/state branch; file-level value use;web-gateway web-prod; web-dev development,HIGH
PROOF:web/src/components/ApprovalCard.tsx,web/src/components/ApprovalCard.tsx,R7,web/src/components/ApprovalCard.tsx,DEPLOY:web-gateway -> web/src/main.tsx -> web/src/App.tsx -> web/src/components/ChatPane.tsx -> web/src/components/ApprovalCard.tsx,web/index.html:10;web/Dockerfile:23;docker-compose.yaml:801;web/src/App.tsx:128;web/src/components/ChatPane.tsx:112;web/src/main.tsx:16,UI render/event/state branch; file-level value use;web-gateway web-prod; web-dev development,HIGH
PROOF:web/src/components/ArtifactPanel.tsx,web/src/components/ArtifactPanel.tsx,R7,web/src/components/ArtifactPanel.tsx,DEPLOY:web-gateway -> web/src/main.tsx -> web/src/App.tsx -> web/src/components/ArtifactPanel.tsx,web/index.html:10;web/Dockerfile:23;docker-compose.yaml:801;web/src/App.tsx:131;web/src/main.tsx:16,UI render/event/state branch; file-level value use;web-gateway web-prod; web-dev development,HIGH
PROOF:web/src/components/ArtifactPreview.tsx,web/src/components/ArtifactPreview.tsx,R7,web/src/components/ArtifactPreview.tsx,DEPLOY:web-gateway -> web/src/main.tsx -> web/src/App.tsx -> web/src/components/ArtifactPanel.tsx -> web/src/components/ArtifactPreview.tsx,web/index.html:10;web/Dockerfile:23;docker-compose.yaml:801;web/src/App.tsx:131;web/src/components/ArtifactPanel.tsx:70;web/src/main.tsx:16,UI render/event/state branch; file-level value use;web-gateway web-prod; web-dev development,HIGH
PROOF:web/src/components/ChatPane.tsx,web/src/components/ChatPane.tsx,R7,web/src/components/ChatPane.tsx,DEPLOY:web-gateway -> web/src/main.tsx -> web/src/App.tsx -> web/src/components/ChatPane.tsx,web/index.html:10;web/Dockerfile:23;docker-compose.yaml:801;web/src/App.tsx:128;web/src/main.tsx:16,UI render/event/state branch; file-level value use;web-gateway web-prod; web-dev development,HIGH
PROOF:web/src/components/ConversationSidebar.tsx,web/src/components/ConversationSidebar.tsx,R7,web/src/components/ConversationSidebar.tsx,DEPLOY:web-gateway -> web/src/main.tsx -> web/src/App.tsx -> web/src/components/ConversationSidebar.tsx,web/index.html:10;web/Dockerfile:23;docker-compose.yaml:801;web/src/App.tsx:105;web/src/main.tsx:16,UI render/event/state branch; file-level value use;web-gateway web-prod; web-dev development,HIGH
PROOF:web/src/components/LoginForm.tsx,web/src/components/LoginForm.tsx,R7,web/src/components/LoginForm.tsx,DEPLOY:web-gateway -> web/src/main.tsx -> web/src/App.tsx -> web/src/components/LoginForm.tsx,web/index.html:10;web/Dockerfile:23;docker-compose.yaml:801;web/src/App.tsx:47;web/src/main.tsx:16,UI render/event/state branch; file-level value use;web-gateway web-prod; web-dev development,HIGH
PROOF:web/src/components/QQBindingPanel.tsx,web/src/components/QQBindingPanel.tsx,R7,web/src/components/QQBindingPanel.tsx,DEPLOY:web-gateway -> web/src/main.tsx -> web/src/App.tsx -> web/src/components/ConversationSidebar.tsx -> web/src/components/QQBindingPanel.tsx,web/index.html:10;web/Dockerfile:23;docker-compose.yaml:801;web/src/App.tsx:105;web/src/components/ConversationSidebar.tsx:93;web/src/main.tsx:16,UI render/event/state branch; file-level value use;web-gateway web-prod; web-dev development,HIGH
PROOF:web/src/components/RegistrationQqGate.tsx,web/src/components/RegistrationQqGate.tsx,R7,web/src/components/RegistrationQqGate.tsx,DEPLOY:web-gateway -> web/src/main.tsx -> web/src/App.tsx -> web/src/components/RegistrationQqGate.tsx,web/index.html:10;web/Dockerfile:23;docker-compose.yaml:801;web/src/App.tsx:96;web/src/main.tsx:16,UI render/event/state branch; file-level value use;web-gateway web-prod; web-dev development,HIGH
PROOF:web/src/components/RunStatus.tsx,web/src/components/RunStatus.tsx,R7,web/src/components/RunStatus.tsx,DEPLOY:web-gateway -> web/src/main.tsx -> web/src/App.tsx -> web/src/components/ChatPane.tsx -> web/src/components/RunStatus.tsx,web/index.html:10;web/Dockerfile:23;docker-compose.yaml:801;web/src/App.tsx:128;web/src/components/ChatPane.tsx:103;web/src/main.tsx:16,UI render/event/state branch; file-level value use;web-gateway web-prod; web-dev development,HIGH
PROOF:web/src/components/progressLabels.ts,web/src/components/progressLabels.ts,R7,web/src/components/progressLabels.ts,DEPLOY:web-gateway -> web/src/main.tsx -> web/src/App.tsx -> web/src/components/ChatPane.tsx -> web/src/components/RunStatus.tsx -> web/src/components/progressLabels.ts,web/index.html:10;web/Dockerfile:23;docker-compose.yaml:801;web/src/App.tsx:128;web/src/components/ChatPane.tsx:103;web/src/components/RunStatus.tsx:78;web/src/main.tsx:16,UI render/event/state branch; file-level value use;web-gateway web-prod; web-dev development,HIGH
PROOF:web/src/components/trace/TraceDetail.tsx,web/src/components/trace/TraceDetail.tsx,R7,web/src/components/trace/TraceDetail.tsx,DEPLOY:web-gateway -> web/src/main.tsx -> web/src/App.tsx -> web/src/components/trace/TracePanel.tsx -> web/src/components/trace/TraceDetail.tsx,web/index.html:10;web/Dockerfile:23;docker-compose.yaml:801;web/src/App.tsx:130;web/src/components/trace/TracePanel.tsx:72;web/src/main.tsx:16,UI render/event/state branch; file-level value use;web-gateway web-prod; web-dev development,HIGH
PROOF:web/src/components/trace/TracePanel.tsx,web/src/components/trace/TracePanel.tsx,R7,web/src/components/trace/TracePanel.tsx,DEPLOY:web-gateway -> web/src/main.tsx -> web/src/App.tsx -> web/src/components/trace/TracePanel.tsx,web/index.html:10;web/Dockerfile:23;docker-compose.yaml:801;web/src/App.tsx:130;web/src/main.tsx:16,UI render/event/state branch; file-level value use;web-gateway web-prod; web-dev development,HIGH
PROOF:web/src/components/trace/TraceTree.tsx,web/src/components/trace/TraceTree.tsx,R7,web/src/components/trace/TraceTree.tsx,DEPLOY:web-gateway -> web/src/main.tsx -> web/src/App.tsx -> web/src/components/trace/TracePanel.tsx -> web/src/components/trace/TraceTree.tsx,web/index.html:10;web/Dockerfile:23;docker-compose.yaml:801;web/src/App.tsx:130;web/src/components/trace/TracePanel.tsx:63;web/src/main.tsx:16,UI render/event/state branch; file-level value use;web-gateway web-prod; web-dev development,HIGH
PROOF:web/src/components/trace/traceStore.ts,web/src/components/trace/traceStore.ts,R7,web/src/components/trace/traceStore.ts,DEPLOY:web-gateway -> web/src/main.tsx -> web/src/App.tsx -> web/src/components/trace/traceStore.ts,web/index.html:10;web/Dockerfile:23;docker-compose.yaml:801;web/src/App.tsx:24;web/src/main.tsx:16,UI render/event/state branch; file-level value use;web-gateway web-prod; web-dev development,HIGH
PROOF:web/src/main.tsx,web/src/main.tsx,R7,web/src/main.tsx,DEPLOY:web-gateway -> web/src/main.tsx,web/index.html:10;web/Dockerfile:23;docker-compose.yaml:801,web-gateway web-prod; web-dev development,HIGH
PROOF:web/src/sse/runFeed.ts,web/src/sse/runFeed.ts,R7,web/src/sse/runFeed.ts,DEPLOY:web-gateway -> web/src/main.tsx -> web/src/App.tsx -> web/src/store/workbench.ts -> web/src/sse/runFeed.ts,web/index.html:10;web/Dockerfile:23;docker-compose.yaml:801;web/src/App.tsx:61;web/src/main.tsx:16;web/src/store/workbench.ts:329,UI render/event/state branch; file-level value use;web-gateway web-prod; web-dev development,HIGH
PROOF:web/src/sse/sseClient.ts,web/src/sse/sseClient.ts,R7,web/src/sse/sseClient.ts,DEPLOY:web-gateway -> web/src/main.tsx -> web/src/App.tsx -> web/src/store/workbench.ts -> web/src/sse/runFeed.ts -> web/src/sse/sseClient.ts,web/index.html:10;web/Dockerfile:23;docker-compose.yaml:801;web/src/App.tsx:61;web/src/main.tsx:16;web/src/sse/runFeed.ts:345;web/src/store/workbench.ts:329,UI render/event/state branch; file-level value use;web-gateway web-prod; web-dev development,HIGH
PROOF:web/src/store/artifacts.ts,web/src/store/artifacts.ts,R7,web/src/store/artifacts.ts,DEPLOY:web-gateway -> web/src/main.tsx -> web/src/App.tsx -> web/src/store/artifacts.ts,web/index.html:10;web/Dockerfile:23;docker-compose.yaml:801;web/src/App.tsx:23;web/src/main.tsx:16,UI render/event/state branch; file-level value use;web-gateway web-prod; web-dev development,HIGH
PROOF:web/src/store/auth.ts,web/src/store/auth.ts,R7,web/src/store/auth.ts,DEPLOY:web-gateway -> web/src/main.tsx -> web/src/App.tsx -> web/src/store/auth.ts,web/index.html:10;web/Dockerfile:23;docker-compose.yaml:801;web/src/App.tsx:20;web/src/main.tsx:16,UI render/event/state branch; file-level value use;web-gateway web-prod; web-dev development,HIGH
PROOF:web/src/store/workbench.ts,web/src/store/workbench.ts,R7,web/src/store/workbench.ts,DEPLOY:web-gateway -> web/src/main.tsx -> web/src/App.tsx -> web/src/store/workbench.ts,web/index.html:10;web/Dockerfile:23;docker-compose.yaml:801;web/src/App.tsx:61;web/src/main.tsx:16,UI render/event/state branch; file-level value use;web-gateway web-prod; web-dev development,HIGH
PROOF:web/src/utils/idempotency.ts,web/src/utils/idempotency.ts,R7,web/src/utils/idempotency.ts,DEPLOY:web-gateway -> web/src/main.tsx -> web/src/App.tsx -> web/src/store/artifacts.ts -> web/src/utils/idempotency.ts,web/index.html:10;web/Dockerfile:23;docker-compose.yaml:801;web/src/App.tsx:23;web/src/main.tsx:16;web/src/store/artifacts.ts:36,UI render/event/state branch; file-level value use;web-gateway web-prod; web-dev development,HIGH
PROOF:web/src/utils/tokenUsage.ts,web/src/utils/tokenUsage.ts,R7,web/src/utils/tokenUsage.ts,DEPLOY:web-gateway -> web/src/main.tsx -> web/src/App.tsx -> web/src/components/ChatPane.tsx -> web/src/components/RunStatus.tsx -> web/src/utils/tokenUsage.ts,web/index.html:10;web/Dockerfile:23;docker-compose.yaml:801;web/src/App.tsx:128;web/src/components/ChatPane.tsx:103;web/src/components/RunStatus.tsx:83;web/src/main.tsx:16,UI render/event/state branch; file-level value use;web-gateway web-prod; web-dev development,HIGH
