path,asset_class,language,bytes,loc,tracked,dependency_graph_included
.env.example,development_asset,example,2382,75,True,False
.github/workflows/ci.yml,deployment_configuration,yml,14101,351,True,False
.gitignore,development_asset,text,606,54,True,False
Makefile,deployment_configuration,text,2038,70,True,False
README.md,docs,md,6657,145,True,False
artifacts/benchmarks/README.md,historical_evidence,md,1862,44,True,False
artifacts/benchmarks/agent_strategy/README.md,historical_evidence,md,2140,42,True,False
artifacts/benchmarks/agent_strategy/environment_check.json,historical_evidence,json,1472,50,True,False
artifacts/benchmarks/agent_strategy/pilots/gate_20260818T174815Z.jsonl,historical_evidence,jsonl,3024,2,True,False
artifacts/benchmarks/agent_strategy/pilots/gate_20260818T180628Z.jsonl,historical_evidence,jsonl,3055,2,True,False
artifacts/benchmarks/agent_strategy/pilots/gate_20260818T181418Z.jsonl,historical_evidence,jsonl,2991,2,True,False
artifacts/benchmarks/agent_strategy/pilots/gate_20260818T184345Z.jsonl,historical_evidence,jsonl,2811,2,True,False
artifacts/benchmarks/agent_strategy/pilots/gate_20260818T190632Z.jsonl,historical_evidence,jsonl,3035,2,True,False
artifacts/benchmarks/agent_strategy/pilots/gate_20260818T194610Z.jsonl,historical_evidence,jsonl,3063,2,True,False
artifacts/benchmarks/agent_strategy/pilots/gate_20260819T034137Z.jsonl,historical_evidence,jsonl,3040,2,True,False
artifacts/benchmarks/agent_strategy/pilots/latency_report.md,historical_evidence,md,2682,54,True,False
artifacts/benchmarks/agent_strategy/pilots/pilot.jsonl,historical_evidence,jsonl,2805,2,True,False
artifacts/benchmarks/agent_strategy/pilots/pilot_v2.jsonl,historical_evidence,jsonl,3069,2,True,False
artifacts/benchmarks/agent_strategy/pilots/plan_logging_bug.md,historical_evidence,md,1437,32,True,False
artifacts/benchmarks/agent_strategy/report.md,historical_evidence,md,1693,35,True,False
artifacts/benchmarks/agent_strategy/summary.json,historical_evidence,json,6255,238,True,False
artifacts/benchmarks/agent_strategy/trials.csv,historical_evidence,csv,27293,165,True,False
artifacts/benchmarks/agent_strategy/trials.jsonl,historical_evidence,jsonl,97777,61,True,False
artifacts/benchmarks/outbox/README.md,historical_evidence,md,1447,35,True,False
artifacts/benchmarks/outbox/report.md,historical_evidence,md,2600,61,True,False
artifacts/benchmarks/outbox/summary.json,historical_evidence,json,1846,44,True,False
artifacts/benchmarks/outbox/trials.csv,historical_evidence,csv,9539,31,True,False
artifacts/benchmarks/summary/FINAL_ANALYSIS.md,historical_evidence,md,7519,126,True,False
artifacts/benchmarks/summary/FINAL_SUMMARY.json,historical_evidence,json,1757,59,True,False
artifacts/benchmarks/summary/HpAgent_resume_benchmark_report.md,historical_evidence,md,5274,93,True,False
artifacts/benchmarks/temporal/README.md,historical_evidence,md,2345,55,True,False
artifacts/benchmarks/temporal/activity_worker/report.md,historical_evidence,md,2369,66,True,False
artifacts/benchmarks/temporal/activity_worker/runs/a1-01-542c3881/activity-1.ready,historical_evidence,ready,0,0,True,False
artifacts/benchmarks/temporal/activity_worker/runs/a1-01-542c3881/activity-2.ready,historical_evidence,ready,0,0,True,False
artifacts/benchmarks/temporal/activity_worker/runs/a1-01-542c3881/activity-before-side-effect.boundary,historical_evidence,boundary,0,0,True,False
artifacts/benchmarks/temporal/activity_worker/runs/a1-01-542c3881/activity_recovery.sqlite,historical_evidence,sqlite,12288,4,True,False
artifacts/benchmarks/temporal/activity_worker/runs/a1-01-542c3881/workflow.ready,historical_evidence,ready,0,0,True,False
artifacts/benchmarks/temporal/activity_worker/runs/a1-02-104b0526/activity-1.ready,historical_evidence,ready,0,0,True,False
artifacts/benchmarks/temporal/activity_worker/runs/a1-02-104b0526/activity-2.ready,historical_evidence,ready,0,0,True,False
artifacts/benchmarks/temporal/activity_worker/runs/a1-02-104b0526/activity-before-side-effect.boundary,historical_evidence,boundary,0,0,True,False
artifacts/benchmarks/temporal/activity_worker/runs/a1-02-104b0526/activity_recovery.sqlite,historical_evidence,sqlite,12288,4,True,False
artifacts/benchmarks/temporal/activity_worker/runs/a1-02-104b0526/workflow.ready,historical_evidence,ready,0,0,True,False
artifacts/benchmarks/temporal/activity_worker/runs/a1-03-5ec3b1bb/activity-1.ready,historical_evidence,ready,0,0,True,False
artifacts/benchmarks/temporal/activity_worker/runs/a1-03-5ec3b1bb/activity-2.ready,historical_evidence,ready,0,0,True,False
artifacts/benchmarks/temporal/activity_worker/runs/a1-03-5ec3b1bb/activity-before-side-effect.boundary,historical_evidence,boundary,0,0,True,False
artifacts/benchmarks/temporal/activity_worker/runs/a1-03-5ec3b1bb/activity_recovery.sqlite,historical_evidence,sqlite,12288,4,True,False
artifacts/benchmarks/temporal/activity_worker/runs/a1-03-5ec3b1bb/workflow.ready,historical_evidence,ready,0,0,True,False
artifacts/benchmarks/temporal/activity_worker/runs/a1-04-3beab9a1/activity-1.ready,historical_evidence,ready,0,0,True,False
artifacts/benchmarks/temporal/activity_worker/runs/a1-04-3beab9a1/activity-2.ready,historical_evidence,ready,0,0,True,False
artifacts/benchmarks/temporal/activity_worker/runs/a1-04-3beab9a1/activity-before-side-effect.boundary,historical_evidence,boundary,0,0,True,False
artifacts/benchmarks/temporal/activity_worker/runs/a1-04-3beab9a1/activity_recovery.sqlite,historical_evidence,sqlite,12288,4,True,False
artifacts/benchmarks/temporal/activity_worker/runs/a1-04-3beab9a1/workflow.ready,historical_evidence,ready,0,0,True,False
artifacts/benchmarks/temporal/activity_worker/runs/a1-05-5b9c36b0/activity-1.ready,historical_evidence,ready,0,0,True,False
artifacts/benchmarks/temporal/activity_worker/runs/a1-05-5b9c36b0/activity-2.ready,historical_evidence,ready,0,0,True,False
artifacts/benchmarks/temporal/activity_worker/runs/a1-05-5b9c36b0/activity-before-side-effect.boundary,historical_evidence,boundary,0,0,True,False
artifacts/benchmarks/temporal/activity_worker/runs/a1-05-5b9c36b0/activity_recovery.sqlite,historical_evidence,sqlite,12288,4,True,False
artifacts/benchmarks/temporal/activity_worker/runs/a1-05-5b9c36b0/workflow.ready,historical_evidence,ready,0,0,True,False
artifacts/benchmarks/temporal/activity_worker/runs/a2-01-fa1e21e0/activity-1.ready,historical_evidence,ready,0,0,True,False
artifacts/benchmarks/temporal/activity_worker/runs/a2-01-fa1e21e0/activity-2.ready,historical_evidence,ready,0,0,True,False
artifacts/benchmarks/temporal/activity_worker/runs/a2-01-fa1e21e0/activity-idempotent-effect-succeeded-before-ack.boundary,historical_evidence,boundary,0,0,True,False
artifacts/benchmarks/temporal/activity_worker/runs/a2-01-fa1e21e0/activity_recovery.sqlite,historical_evidence,sqlite,24576,11,True,False
artifacts/benchmarks/temporal/activity_worker/runs/a2-01-fa1e21e0/workflow.ready,historical_evidence,ready,0,0,True,False
artifacts/benchmarks/temporal/activity_worker/runs/a2-02-754509c9/activity-1.ready,historical_evidence,ready,0,0,True,False
artifacts/benchmarks/temporal/activity_worker/runs/a2-02-754509c9/activity-2.ready,historical_evidence,ready,0,0,True,False
artifacts/benchmarks/temporal/activity_worker/runs/a2-02-754509c9/activity-idempotent-effect-succeeded-before-ack.boundary,historical_evidence,boundary,0,0,True,False
artifacts/benchmarks/temporal/activity_worker/runs/a2-02-754509c9/activity_recovery.sqlite,historical_evidence,sqlite,24576,11,True,False
artifacts/benchmarks/temporal/activity_worker/runs/a2-02-754509c9/workflow.ready,historical_evidence,ready,0,0,True,False
artifacts/benchmarks/temporal/activity_worker/runs/a2-03-66d5a9db/activity-1.ready,historical_evidence,ready,0,0,True,False
artifacts/benchmarks/temporal/activity_worker/runs/a2-03-66d5a9db/activity-2.ready,historical_evidence,ready,0,0,True,False
artifacts/benchmarks/temporal/activity_worker/runs/a2-03-66d5a9db/activity-idempotent-effect-succeeded-before-ack.boundary,historical_evidence,boundary,0,0,True,False
artifacts/benchmarks/temporal/activity_worker/runs/a2-03-66d5a9db/activity_recovery.sqlite,historical_evidence,sqlite,24576,11,True,False
artifacts/benchmarks/temporal/activity_worker/runs/a2-03-66d5a9db/workflow.ready,historical_evidence,ready,0,0,True,False
artifacts/benchmarks/temporal/activity_worker/runs/a2-04-2db15685/activity-1.ready,historical_evidence,ready,0,0,True,False
artifacts/benchmarks/temporal/activity_worker/runs/a2-04-2db15685/activity-2.ready,historical_evidence,ready,0,0,True,False
artifacts/benchmarks/temporal/activity_worker/runs/a2-04-2db15685/activity-idempotent-effect-succeeded-before-ack.boundary,historical_evidence,boundary,0,0,True,False
artifacts/benchmarks/temporal/activity_worker/runs/a2-04-2db15685/activity_recovery.sqlite,historical_evidence,sqlite,24576,11,True,False
artifacts/benchmarks/temporal/activity_worker/runs/a2-04-2db15685/workflow.ready,historical_evidence,ready,0,0,True,False
artifacts/benchmarks/temporal/activity_worker/runs/a2-05-1bb5d591/activity-1.ready,historical_evidence,ready,0,0,True,False
artifacts/benchmarks/temporal/activity_worker/runs/a2-05-1bb5d591/activity-2.ready,historical_evidence,ready,0,0,True,False
artifacts/benchmarks/temporal/activity_worker/runs/a2-05-1bb5d591/activity-idempotent-effect-succeeded-before-ack.boundary,historical_evidence,boundary,0,0,True,False
artifacts/benchmarks/temporal/activity_worker/runs/a2-05-1bb5d591/activity_recovery.sqlite,historical_evidence,sqlite,24576,11,True,False
artifacts/benchmarks/temporal/activity_worker/runs/a2-05-1bb5d591/workflow.ready,historical_evidence,ready,0,0,True,False
artifacts/benchmarks/temporal/activity_worker/runs/a3-01-b98f857a/activity-1.ready,historical_evidence,ready,0,0,True,False
artifacts/benchmarks/temporal/activity_worker/runs/a3-01-b98f857a/activity-2.ready,historical_evidence,ready,0,0,True,False
artifacts/benchmarks/temporal/activity_worker/runs/a3-01-b98f857a/activity-side-effect-succeeded-before-ack.boundary,historical_evidence,boundary,0,0,True,False
artifacts/benchmarks/temporal/activity_worker/runs/a3-01-b98f857a/activity-side-effect.boundary,historical_evidence,boundary,0,0,True,False
artifacts/benchmarks/temporal/activity_worker/runs/a3-01-b98f857a/external.sqlite,historical_evidence,sqlite,12288,5,True,False
artifacts/benchmarks/temporal/activity_worker/runs/a3-01-b98f857a/workflow.ready,historical_evidence,ready,0,0,True,False
artifacts/benchmarks/temporal/activity_worker/runs/a3-02-22e492bb/activity-1.ready,historical_evidence,ready,0,0,True,False
artifacts/benchmarks/temporal/activity_worker/runs/a3-02-22e492bb/activity-2.ready,historical_evidence,ready,0,0,True,False
artifacts/benchmarks/temporal/activity_worker/runs/a3-02-22e492bb/activity-side-effect-succeeded-before-ack.boundary,historical_evidence,boundary,0,0,True,False
artifacts/benchmarks/temporal/activity_worker/runs/a3-02-22e492bb/activity-side-effect.boundary,historical_evidence,boundary,0,0,True,False
artifacts/benchmarks/temporal/activity_worker/runs/a3-02-22e492bb/external.sqlite,historical_evidence,sqlite,12288,5,True,False
artifacts/benchmarks/temporal/activity_worker/runs/a3-02-22e492bb/workflow.ready,historical_evidence,ready,0,0,True,False
artifacts/benchmarks/temporal/activity_worker/runs/a3-03-8459d9b3/activity-1.ready,historical_evidence,ready,0,0,True,False
artifacts/benchmarks/temporal/activity_worker/runs/a3-03-8459d9b3/activity-2.ready,historical_evidence,ready,0,0,True,False
artifacts/benchmarks/temporal/activity_worker/runs/a3-03-8459d9b3/activity-side-effect-succeeded-before-ack.boundary,historical_evidence,boundary,0,0,True,False
artifacts/benchmarks/temporal/activity_worker/runs/a3-03-8459d9b3/activity-side-effect.boundary,historical_evidence,boundary,0,0,True,False
artifacts/benchmarks/temporal/activity_worker/runs/a3-03-8459d9b3/external.sqlite,historical_evidence,sqlite,12288,5,True,False
artifacts/benchmarks/temporal/activity_worker/runs/a3-03-8459d9b3/workflow.ready,historical_evidence,ready,0,0,True,False
artifacts/benchmarks/temporal/activity_worker/runs/a3-04-36d47c5a/activity-1.ready,historical_evidence,ready,0,0,True,False
artifacts/benchmarks/temporal/activity_worker/runs/a3-04-36d47c5a/activity-2.ready,historical_evidence,ready,0,0,True,False
artifacts/benchmarks/temporal/activity_worker/runs/a3-04-36d47c5a/activity-side-effect-succeeded-before-ack.boundary,historical_evidence,boundary,0,0,True,False
artifacts/benchmarks/temporal/activity_worker/runs/a3-04-36d47c5a/activity-side-effect.boundary,historical_evidence,boundary,0,0,True,False
artifacts/benchmarks/temporal/activity_worker/runs/a3-04-36d47c5a/external.sqlite,historical_evidence,sqlite,12288,5,True,False
artifacts/benchmarks/temporal/activity_worker/runs/a3-04-36d47c5a/workflow.ready,historical_evidence,ready,0,0,True,False
artifacts/benchmarks/temporal/activity_worker/runs/a3-05-aee411ae/activity-1.ready,historical_evidence,ready,0,0,True,False
artifacts/benchmarks/temporal/activity_worker/runs/a3-05-aee411ae/activity-2.ready,historical_evidence,ready,0,0,True,False
artifacts/benchmarks/temporal/activity_worker/runs/a3-05-aee411ae/activity-side-effect-succeeded-before-ack.boundary,historical_evidence,boundary,0,0,True,False
artifacts/benchmarks/temporal/activity_worker/runs/a3-05-aee411ae/activity-side-effect.boundary,historical_evidence,boundary,0,0,True,False
artifacts/benchmarks/temporal/activity_worker/runs/a3-05-aee411ae/external.sqlite,historical_evidence,sqlite,12288,5,True,False
artifacts/benchmarks/temporal/activity_worker/runs/a3-05-aee411ae/workflow.ready,historical_evidence,ready,0,0,True,False
artifacts/benchmarks/temporal/activity_worker/runs/a3-06-0b7d8fc5/activity-1.ready,historical_evidence,ready,0,0,True,False
artifacts/benchmarks/temporal/activity_worker/runs/a3-06-0b7d8fc5/activity-2.ready,historical_evidence,ready,0,0,True,False
artifacts/benchmarks/temporal/activity_worker/runs/a3-06-0b7d8fc5/activity-side-effect-succeeded-before-ack.boundary,historical_evidence,boundary,0,0,True,False
artifacts/benchmarks/temporal/activity_worker/runs/a3-06-0b7d8fc5/activity-side-effect.boundary,historical_evidence,boundary,0,0,True,False
artifacts/benchmarks/temporal/activity_worker/runs/a3-06-0b7d8fc5/external.sqlite,historical_evidence,sqlite,12288,5,True,False
artifacts/benchmarks/temporal/activity_worker/runs/a3-06-0b7d8fc5/workflow.ready,historical_evidence,ready,0,0,True,False
artifacts/benchmarks/temporal/activity_worker/runs/a3-07-d04add2f/activity-1.ready,historical_evidence,ready,0,0,True,False
artifacts/benchmarks/temporal/activity_worker/runs/a3-07-d04add2f/activity-2.ready,historical_evidence,ready,0,0,True,False
artifacts/benchmarks/temporal/activity_worker/runs/a3-07-d04add2f/activity-side-effect-succeeded-before-ack.boundary,historical_evidence,boundary,0,0,True,False
artifacts/benchmarks/temporal/activity_worker/runs/a3-07-d04add2f/activity-side-effect.boundary,historical_evidence,boundary,0,0,True,False
artifacts/benchmarks/temporal/activity_worker/runs/a3-07-d04add2f/external.sqlite,historical_evidence,sqlite,12288,5,True,False
artifacts/benchmarks/temporal/activity_worker/runs/a3-07-d04add2f/workflow.ready,historical_evidence,ready,0,0,True,False
artifacts/benchmarks/temporal/activity_worker/runs/a3-08-3ef06287/activity-1.ready,historical_evidence,ready,0,0,True,False
artifacts/benchmarks/temporal/activity_worker/runs/a3-08-3ef06287/activity-2.ready,historical_evidence,ready,0,0,True,False
artifacts/benchmarks/temporal/activity_worker/runs/a3-08-3ef06287/activity-side-effect-succeeded-before-ack.boundary,historical_evidence,boundary,0,0,True,False
artifacts/benchmarks/temporal/activity_worker/runs/a3-08-3ef06287/activity-side-effect.boundary,historical_evidence,boundary,0,0,True,False
artifacts/benchmarks/temporal/activity_worker/runs/a3-08-3ef06287/external.sqlite,historical_evidence,sqlite,12288,5,True,False
artifacts/benchmarks/temporal/activity_worker/runs/a3-08-3ef06287/workflow.ready,historical_evidence,ready,0,0,True,False
artifacts/benchmarks/temporal/activity_worker/runs/a3-09-e037808d/activity-1.ready,historical_evidence,ready,0,0,True,False
artifacts/benchmarks/temporal/activity_worker/runs/a3-09-e037808d/activity-2.ready,historical_evidence,ready,0,0,True,False
artifacts/benchmarks/temporal/activity_worker/runs/a3-09-e037808d/activity-side-effect-succeeded-before-ack.boundary,historical_evidence,boundary,0,0,True,False
artifacts/benchmarks/temporal/activity_worker/runs/a3-09-e037808d/activity-side-effect.boundary,historical_evidence,boundary,0,0,True,False
artifacts/benchmarks/temporal/activity_worker/runs/a3-09-e037808d/external.sqlite,historical_evidence,sqlite,12288,5,True,False
artifacts/benchmarks/temporal/activity_worker/runs/a3-09-e037808d/workflow.ready,historical_evidence,ready,0,0,True,False
artifacts/benchmarks/temporal/activity_worker/runs/a3-10-4c24fa4e/activity-1.ready,historical_evidence,ready,0,0,True,False
artifacts/benchmarks/temporal/activity_worker/runs/a3-10-4c24fa4e/activity-2.ready,historical_evidence,ready,0,0,True,False
artifacts/benchmarks/temporal/activity_worker/runs/a3-10-4c24fa4e/activity-side-effect-succeeded-before-ack.boundary,historical_evidence,boundary,0,0,True,False
artifacts/benchmarks/temporal/activity_worker/runs/a3-10-4c24fa4e/activity-side-effect.boundary,historical_evidence,boundary,0,0,True,False
artifacts/benchmarks/temporal/activity_worker/runs/a3-10-4c24fa4e/external.sqlite,historical_evidence,sqlite,12288,5,True,False
artifacts/benchmarks/temporal/activity_worker/runs/a3-10-4c24fa4e/workflow.ready,historical_evidence,ready,0,0,True,False
artifacts/benchmarks/temporal/activity_worker/summary.json,historical_evidence,json,2308,72,True,False
artifacts/benchmarks/temporal/activity_worker/trials.csv,historical_evidence,csv,8998,21,True,False
artifacts/benchmarks/temporal/workflow_worker/report.md,historical_evidence,md,2721,61,True,False
artifacts/benchmarks/temporal/workflow_worker/runs/t1-01-1d90daae/activity.ready,historical_evidence,ready,0,0,True,False
artifacts/benchmarks/temporal/workflow_worker/runs/t1-01-1d90daae/operations.sqlite,historical_evidence,sqlite,24576,9,True,False
artifacts/benchmarks/temporal/workflow_worker/runs/t1-01-1d90daae/react-model-decision.boundary,historical_evidence,boundary,0,0,True,False
artifacts/benchmarks/temporal/workflow_worker/runs/t1-01-1d90daae/react-model-decision.release,historical_evidence,release,0,0,True,False
artifacts/benchmarks/temporal/workflow_worker/runs/t1-01-1d90daae/workflow-1.ready,historical_evidence,ready,0,0,True,False
artifacts/benchmarks/temporal/workflow_worker/runs/t1-01-1d90daae/workflow-2.ready,historical_evidence,ready,0,0,True,False
artifacts/benchmarks/temporal/workflow_worker/runs/t1-02-ab3689bd/activity.ready,historical_evidence,ready,0,0,True,False
artifacts/benchmarks/temporal/workflow_worker/runs/t1-02-ab3689bd/operations.sqlite,historical_evidence,sqlite,24576,9,True,False
artifacts/benchmarks/temporal/workflow_worker/runs/t1-02-ab3689bd/react-model-decision.boundary,historical_evidence,boundary,0,0,True,False
artifacts/benchmarks/temporal/workflow_worker/runs/t1-02-ab3689bd/react-model-decision.release,historical_evidence,release,0,0,True,False
artifacts/benchmarks/temporal/workflow_worker/runs/t1-02-ab3689bd/workflow-1.ready,historical_evidence,ready,0,0,True,False
artifacts/benchmarks/temporal/workflow_worker/runs/t1-02-ab3689bd/workflow-2.ready,historical_evidence,ready,0,0,True,False
artifacts/benchmarks/temporal/workflow_worker/runs/t1-03-90e415c1/activity.ready,historical_evidence,ready,0,0,True,False
artifacts/benchmarks/temporal/workflow_worker/runs/t1-03-90e415c1/operations.sqlite,historical_evidence,sqlite,24576,9,True,False
artifacts/benchmarks/temporal/workflow_worker/runs/t1-03-90e415c1/react-model-decision.boundary,historical_evidence,boundary,0,0,True,False
artifacts/benchmarks/temporal/workflow_worker/runs/t1-03-90e415c1/react-model-decision.release,historical_evidence,release,0,0,True,False
artifacts/benchmarks/temporal/workflow_worker/runs/t1-03-90e415c1/workflow-1.ready,historical_evidence,ready,0,0,True,False
artifacts/benchmarks/temporal/workflow_worker/runs/t1-03-90e415c1/workflow-2.ready,historical_evidence,ready,0,0,True,False
artifacts/benchmarks/temporal/workflow_worker/runs/t1-04-2256bab9/activity.ready,historical_evidence,ready,0,0,True,False
artifacts/benchmarks/temporal/workflow_worker/runs/t1-04-2256bab9/operations.sqlite,historical_evidence,sqlite,24576,9,True,False
artifacts/benchmarks/temporal/workflow_worker/runs/t1-04-2256bab9/react-model-decision.boundary,historical_evidence,boundary,0,0,True,False
artifacts/benchmarks/temporal/workflow_worker/runs/t1-04-2256bab9/react-model-decision.release,historical_evidence,release,0,0,True,False
artifacts/benchmarks/temporal/workflow_worker/runs/t1-04-2256bab9/workflow-1.ready,historical_evidence,ready,0,0,True,False
artifacts/benchmarks/temporal/workflow_worker/runs/t1-04-2256bab9/workflow-2.ready,historical_evidence,ready,0,0,True,False
artifacts/benchmarks/temporal/workflow_worker/runs/t1-05-49cf660b/activity.ready,historical_evidence,ready,0,0,True,False
artifacts/benchmarks/temporal/workflow_worker/runs/t1-05-49cf660b/operations.sqlite,historical_evidence,sqlite,24576,9,True,False
artifacts/benchmarks/temporal/workflow_worker/runs/t1-05-49cf660b/react-model-decision.boundary,historical_evidence,boundary,0,0,True,False
artifacts/benchmarks/temporal/workflow_worker/runs/t1-05-49cf660b/react-model-decision.release,historical_evidence,release,0,0,True,False
artifacts/benchmarks/temporal/workflow_worker/runs/t1-05-49cf660b/workflow-1.ready,historical_evidence,ready,0,0,True,False
artifacts/benchmarks/temporal/workflow_worker/runs/t1-05-49cf660b/workflow-2.ready,historical_evidence,ready,0,0,True,False
artifacts/benchmarks/temporal/workflow_worker/runs/t1-06-e77a965b/activity.ready,historical_evidence,ready,0,0,True,False
artifacts/benchmarks/temporal/workflow_worker/runs/t1-06-e77a965b/operations.sqlite,historical_evidence,sqlite,24576,9,True,False
artifacts/benchmarks/temporal/workflow_worker/runs/t1-06-e77a965b/react-model-decision.boundary,historical_evidence,boundary,0,0,True,False
artifacts/benchmarks/temporal/workflow_worker/runs/t1-06-e77a965b/react-model-decision.release,historical_evidence,release,0,0,True,False
artifacts/benchmarks/temporal/workflow_worker/runs/t1-06-e77a965b/workflow-1.ready,historical_evidence,ready,0,0,True,False
artifacts/benchmarks/temporal/workflow_worker/runs/t1-06-e77a965b/workflow-2.ready,historical_evidence,ready,0,0,True,False
artifacts/benchmarks/temporal/workflow_worker/runs/t1-07-a4cb1087/activity.ready,historical_evidence,ready,0,0,True,False
artifacts/benchmarks/temporal/workflow_worker/runs/t1-07-a4cb1087/operations.sqlite,historical_evidence,sqlite,24576,9,True,False
artifacts/benchmarks/temporal/workflow_worker/runs/t1-07-a4cb1087/react-model-decision.boundary,historical_evidence,boundary,0,0,True,False
artifacts/benchmarks/temporal/workflow_worker/runs/t1-07-a4cb1087/react-model-decision.release,historical_evidence,release,0,0,True,False
artifacts/benchmarks/temporal/workflow_worker/runs/t1-07-a4cb1087/workflow-1.ready,historical_evidence,ready,0,0,True,False
artifacts/benchmarks/temporal/workflow_worker/runs/t1-07-a4cb1087/workflow-2.ready,historical_evidence,ready,0,0,True,False
artifacts/benchmarks/temporal/workflow_worker/runs/t1-08-c67200f7/activity.ready,historical_evidence,ready,0,0,True,False
artifacts/benchmarks/temporal/workflow_worker/runs/t1-08-c67200f7/operations.sqlite,historical_evidence,sqlite,24576,9,True,False
artifacts/benchmarks/temporal/workflow_worker/runs/t1-08-c67200f7/react-model-decision.boundary,historical_evidence,boundary,0,0,True,False
artifacts/benchmarks/temporal/workflow_worker/runs/t1-08-c67200f7/react-model-decision.release,historical_evidence,release,0,0,True,False
artifacts/benchmarks/temporal/workflow_worker/runs/t1-08-c67200f7/workflow-1.ready,historical_evidence,ready,0,0,True,False
artifacts/benchmarks/temporal/workflow_worker/runs/t1-08-c67200f7/workflow-2.ready,historical_evidence,ready,0,0,True,False
artifacts/benchmarks/temporal/workflow_worker/runs/t1-09-e343318f/activity.ready,historical_evidence,ready,0,0,True,False
artifacts/benchmarks/temporal/workflow_worker/runs/t1-09-e343318f/operations.sqlite,historical_evidence,sqlite,24576,9,True,False
artifacts/benchmarks/temporal/workflow_worker/runs/t1-09-e343318f/react-model-decision.boundary,historical_evidence,boundary,0,0,True,False
artifacts/benchmarks/temporal/workflow_worker/runs/t1-09-e343318f/react-model-decision.release,historical_evidence,release,0,0,True,False
artifacts/benchmarks/temporal/workflow_worker/runs/t1-09-e343318f/workflow-1.ready,historical_evidence,ready,0,0,True,False
artifacts/benchmarks/temporal/workflow_worker/runs/t1-09-e343318f/workflow-2.ready,historical_evidence,ready,0,0,True,False
artifacts/benchmarks/temporal/workflow_worker/runs/t1-10-0c9c9f3b/activity.ready,historical_evidence,ready,0,0,True,False
artifacts/benchmarks/temporal/workflow_worker/runs/t1-10-0c9c9f3b/operations.sqlite,historical_evidence,sqlite,24576,9,True,False
artifacts/benchmarks/temporal/workflow_worker/runs/t1-10-0c9c9f3b/react-model-decision.boundary,historical_evidence,boundary,0,0,True,False
artifacts/benchmarks/temporal/workflow_worker/runs/t1-10-0c9c9f3b/react-model-decision.release,historical_evidence,release,0,0,True,False
artifacts/benchmarks/temporal/workflow_worker/runs/t1-10-0c9c9f3b/workflow-1.ready,historical_evidence,ready,0,0,True,False
artifacts/benchmarks/temporal/workflow_worker/runs/t1-10-0c9c9f3b/workflow-2.ready,historical_evidence,ready,0,0,True,False
artifacts/benchmarks/temporal/workflow_worker/runs/t2-01-fb73c282/activity.ready,historical_evidence,ready,0,0,True,False
artifacts/benchmarks/temporal/workflow_worker/runs/t2-01-fb73c282/operations.sqlite,historical_evidence,sqlite,24576,9,True,False
artifacts/benchmarks/temporal/workflow_worker/runs/t2-01-fb73c282/react-tool-before-side-effect.boundary,historical_evidence,boundary,0,0,True,False
artifacts/benchmarks/temporal/workflow_worker/runs/t2-01-fb73c282/react-tool-before-side-effect.release,historical_evidence,release,0,0,True,False
artifacts/benchmarks/temporal/workflow_worker/runs/t2-01-fb73c282/workflow-1.ready,historical_evidence,ready,0,0,True,False
artifacts/benchmarks/temporal/workflow_worker/runs/t2-01-fb73c282/workflow-2.ready,historical_evidence,ready,0,0,True,False
artifacts/benchmarks/temporal/workflow_worker/runs/t2-02-2a596396/activity.ready,historical_evidence,ready,0,0,True,False
artifacts/benchmarks/temporal/workflow_worker/runs/t2-02-2a596396/operations.sqlite,historical_evidence,sqlite,24576,9,True,False
artifacts/benchmarks/temporal/workflow_worker/runs/t2-02-2a596396/react-tool-before-side-effect.boundary,historical_evidence,boundary,0,0,True,False
artifacts/benchmarks/temporal/workflow_worker/runs/t2-02-2a596396/react-tool-before-side-effect.release,historical_evidence,release,0,0,True,False
artifacts/benchmarks/temporal/workflow_worker/runs/t2-02-2a596396/workflow-1.ready,historical_evidence,ready,0,0,True,False
artifacts/benchmarks/temporal/workflow_worker/runs/t2-02-2a596396/workflow-2.ready,historical_evidence,ready,0,0,True,False
artifacts/benchmarks/temporal/workflow_worker/runs/t2-03-a7bbca8a/activity.ready,historical_evidence,ready,0,0,True,False
artifacts/benchmarks/temporal/workflow_worker/runs/t2-03-a7bbca8a/operations.sqlite,historical_evidence,sqlite,24576,9,True,False
artifacts/benchmarks/temporal/workflow_worker/runs/t2-03-a7bbca8a/react-tool-before-side-effect.boundary,historical_evidence,boundary,0,0,True,False
artifacts/benchmarks/temporal/workflow_worker/runs/t2-03-a7bbca8a/react-tool-before-side-effect.release,historical_evidence,release,0,0,True,False
artifacts/benchmarks/temporal/workflow_worker/runs/t2-03-a7bbca8a/workflow-1.ready,historical_evidence,ready,0,0,True,False
artifacts/benchmarks/temporal/workflow_worker/runs/t2-03-a7bbca8a/workflow-2.ready,historical_evidence,ready,0,0,True,False
artifacts/benchmarks/temporal/workflow_worker/runs/t2-04-1a134326/activity.ready,historical_evidence,ready,0,0,True,False
artifacts/benchmarks/temporal/workflow_worker/runs/t2-04-1a134326/operations.sqlite,historical_evidence,sqlite,24576,9,True,False
artifacts/benchmarks/temporal/workflow_worker/runs/t2-04-1a134326/react-tool-before-side-effect.boundary,historical_evidence,boundary,0,0,True,False
artifacts/benchmarks/temporal/workflow_worker/runs/t2-04-1a134326/react-tool-before-side-effect.release,historical_evidence,release,0,0,True,False
artifacts/benchmarks/temporal/workflow_worker/runs/t2-04-1a134326/workflow-1.ready,historical_evidence,ready,0,0,True,False
artifacts/benchmarks/temporal/workflow_worker/runs/t2-04-1a134326/workflow-2.ready,historical_evidence,ready,0,0,True,False
artifacts/benchmarks/temporal/workflow_worker/runs/t2-05-4cffda28/activity.ready,historical_evidence,ready,0,0,True,False
artifacts/benchmarks/temporal/workflow_worker/runs/t2-05-4cffda28/operations.sqlite,historical_evidence,sqlite,24576,9,True,False
artifacts/benchmarks/temporal/workflow_worker/runs/t2-05-4cffda28/react-tool-before-side-effect.boundary,historical_evidence,boundary,0,0,True,False
artifacts/benchmarks/temporal/workflow_worker/runs/t2-05-4cffda28/react-tool-before-side-effect.release,historical_evidence,release,0,0,True,False
artifacts/benchmarks/temporal/workflow_worker/runs/t2-05-4cffda28/workflow-1.ready,historical_evidence,ready,0,0,True,False
artifacts/benchmarks/temporal/workflow_worker/runs/t2-05-4cffda28/workflow-2.ready,historical_evidence,ready,0,0,True,False
artifacts/benchmarks/temporal/workflow_worker/runs/t2-06-dbc852d2/activity.ready,historical_evidence,ready,0,0,True,False
artifacts/benchmarks/temporal/workflow_worker/runs/t2-06-dbc852d2/operations.sqlite,historical_evidence,sqlite,24576,9,True,False
artifacts/benchmarks/temporal/workflow_worker/runs/t2-06-dbc852d2/react-tool-before-side-effect.boundary,historical_evidence,boundary,0,0,True,False
artifacts/benchmarks/temporal/workflow_worker/runs/t2-06-dbc852d2/react-tool-before-side-effect.release,historical_evidence,release,0,0,True,False
artifacts/benchmarks/temporal/workflow_worker/runs/t2-06-dbc852d2/workflow-1.ready,historical_evidence,ready,0,0,True,False
artifacts/benchmarks/temporal/workflow_worker/runs/t2-06-dbc852d2/workflow-2.ready,historical_evidence,ready,0,0,True,False
artifacts/benchmarks/temporal/workflow_worker/runs/t2-07-d75b800c/activity.ready,historical_evidence,ready,0,0,True,False
artifacts/benchmarks/temporal/workflow_worker/runs/t2-07-d75b800c/operations.sqlite,historical_evidence,sqlite,24576,9,True,False
artifacts/benchmarks/temporal/workflow_worker/runs/t2-07-d75b800c/react-tool-before-side-effect.boundary,historical_evidence,boundary,0,0,True,False
artifacts/benchmarks/temporal/workflow_worker/runs/t2-07-d75b800c/react-tool-before-side-effect.release,historical_evidence,release,0,0,True,False
artifacts/benchmarks/temporal/workflow_worker/runs/t2-07-d75b800c/workflow-1.ready,historical_evidence,ready,0,0,True,False
artifacts/benchmarks/temporal/workflow_worker/runs/t2-07-d75b800c/workflow-2.ready,historical_evidence,ready,0,0,True,False
artifacts/benchmarks/temporal/workflow_worker/runs/t2-08-5fd5ad9e/activity.ready,historical_evidence,ready,0,0,True,False
artifacts/benchmarks/temporal/workflow_worker/runs/t2-08-5fd5ad9e/operations.sqlite,historical_evidence,sqlite,24576,9,True,False
artifacts/benchmarks/temporal/workflow_worker/runs/t2-08-5fd5ad9e/react-tool-before-side-effect.boundary,historical_evidence,boundary,0,0,True,False
artifacts/benchmarks/temporal/workflow_worker/runs/t2-08-5fd5ad9e/react-tool-before-side-effect.release,historical_evidence,release,0,0,True,False
artifacts/benchmarks/temporal/workflow_worker/runs/t2-08-5fd5ad9e/workflow-1.ready,historical_evidence,ready,0,0,True,False
artifacts/benchmarks/temporal/workflow_worker/runs/t2-08-5fd5ad9e/workflow-2.ready,historical_evidence,ready,0,0,True,False
artifacts/benchmarks/temporal/workflow_worker/runs/t2-09-c0133557/activity.ready,historical_evidence,ready,0,0,True,False
artifacts/benchmarks/temporal/workflow_worker/runs/t2-09-c0133557/operations.sqlite,historical_evidence,sqlite,24576,9,True,False
artifacts/benchmarks/temporal/workflow_worker/runs/t2-09-c0133557/react-tool-before-side-effect.boundary,historical_evidence,boundary,0,0,True,False
artifacts/benchmarks/temporal/workflow_worker/runs/t2-09-c0133557/react-tool-before-side-effect.release,historical_evidence,release,0,0,True,False
artifacts/benchmarks/temporal/workflow_worker/runs/t2-09-c0133557/workflow-1.ready,historical_evidence,ready,0,0,True,False
artifacts/benchmarks/temporal/workflow_worker/runs/t2-09-c0133557/workflow-2.ready,historical_evidence,ready,0,0,True,False
artifacts/benchmarks/temporal/workflow_worker/runs/t2-10-96334fe7/activity.ready,historical_evidence,ready,0,0,True,False
artifacts/benchmarks/temporal/workflow_worker/runs/t2-10-96334fe7/operations.sqlite,historical_evidence,sqlite,24576,9,True,False
artifacts/benchmarks/temporal/workflow_worker/runs/t2-10-96334fe7/react-tool-before-side-effect.boundary,historical_evidence,boundary,0,0,True,False
artifacts/benchmarks/temporal/workflow_worker/runs/t2-10-96334fe7/react-tool-before-side-effect.release,historical_evidence,release,0,0,True,False
artifacts/benchmarks/temporal/workflow_worker/runs/t2-10-96334fe7/workflow-1.ready,historical_evidence,ready,0,0,True,False
artifacts/benchmarks/temporal/workflow_worker/runs/t2-10-96334fe7/workflow-2.ready,historical_evidence,ready,0,0,True,False
artifacts/benchmarks/temporal/workflow_worker/runs/t3-01-f5817328/activity.ready,historical_evidence,ready,0,0,True,False
artifacts/benchmarks/temporal/workflow_worker/runs/t3-01-f5817328/operations.sqlite,historical_evidence,sqlite,24576,9,True,False
artifacts/benchmarks/temporal/workflow_worker/runs/t3-01-f5817328/react-tool-after-side-effect-before-ack.boundary,historical_evidence,boundary,0,0,True,False
artifacts/benchmarks/temporal/workflow_worker/runs/t3-01-f5817328/react-tool-after-side-effect-before-ack.release,historical_evidence,release,0,0,True,False
artifacts/benchmarks/temporal/workflow_worker/runs/t3-01-f5817328/workflow-1.ready,historical_evidence,ready,0,0,True,False
artifacts/benchmarks/temporal/workflow_worker/runs/t3-01-f5817328/workflow-2.ready,historical_evidence,ready,0,0,True,False
artifacts/benchmarks/temporal/workflow_worker/runs/t3-02-2ddc37e3/activity.ready,historical_evidence,ready,0,0,True,False
artifacts/benchmarks/temporal/workflow_worker/runs/t3-02-2ddc37e3/operations.sqlite,historical_evidence,sqlite,24576,9,True,False
artifacts/benchmarks/temporal/workflow_worker/runs/t3-02-2ddc37e3/react-tool-after-side-effect-before-ack.boundary,historical_evidence,boundary,0,0,True,False
artifacts/benchmarks/temporal/workflow_worker/runs/t3-02-2ddc37e3/react-tool-after-side-effect-before-ack.release,historical_evidence,release,0,0,True,False
artifacts/benchmarks/temporal/workflow_worker/runs/t3-02-2ddc37e3/workflow-1.ready,historical_evidence,ready,0,0,True,False
artifacts/benchmarks/temporal/workflow_worker/runs/t3-02-2ddc37e3/workflow-2.ready,historical_evidence,ready,0,0,True,False
artifacts/benchmarks/temporal/workflow_worker/runs/t3-03-5a55be05/activity.ready,historical_evidence,ready,0,0,True,False
artifacts/benchmarks/temporal/workflow_worker/runs/t3-03-5a55be05/operations.sqlite,historical_evidence,sqlite,24576,9,True,False
artifacts/benchmarks/temporal/workflow_worker/runs/t3-03-5a55be05/react-tool-after-side-effect-before-ack.boundary,historical_evidence,boundary,0,0,True,False
artifacts/benchmarks/temporal/workflow_worker/runs/t3-03-5a55be05/react-tool-after-side-effect-before-ack.release,historical_evidence,release,0,0,True,False
artifacts/benchmarks/temporal/workflow_worker/runs/t3-03-5a55be05/workflow-1.ready,historical_evidence,ready,0,0,True,False
artifacts/benchmarks/temporal/workflow_worker/runs/t3-03-5a55be05/workflow-2.ready,historical_evidence,ready,0,0,True,False
artifacts/benchmarks/temporal/workflow_worker/runs/t3-04-2e5c4fe8/activity.ready,historical_evidence,ready,0,0,True,False
artifacts/benchmarks/temporal/workflow_worker/runs/t3-04-2e5c4fe8/operations.sqlite,historical_evidence,sqlite,24576,9,True,False
artifacts/benchmarks/temporal/workflow_worker/runs/t3-04-2e5c4fe8/react-tool-after-side-effect-before-ack.boundary,historical_evidence,boundary,0,0,True,False
artifacts/benchmarks/temporal/workflow_worker/runs/t3-04-2e5c4fe8/react-tool-after-side-effect-before-ack.release,historical_evidence,release,0,0,True,False
artifacts/benchmarks/temporal/workflow_worker/runs/t3-04-2e5c4fe8/workflow-1.ready,historical_evidence,ready,0,0,True,False
artifacts/benchmarks/temporal/workflow_worker/runs/t3-04-2e5c4fe8/workflow-2.ready,historical_evidence,ready,0,0,True,False
artifacts/benchmarks/temporal/workflow_worker/runs/t3-05-2cf18a82/activity.ready,historical_evidence,ready,0,0,True,False
artifacts/benchmarks/temporal/workflow_worker/runs/t3-05-2cf18a82/operations.sqlite,historical_evidence,sqlite,24576,9,True,False
artifacts/benchmarks/temporal/workflow_worker/runs/t3-05-2cf18a82/react-tool-after-side-effect-before-ack.boundary,historical_evidence,boundary,0,0,True,False
artifacts/benchmarks/temporal/workflow_worker/runs/t3-05-2cf18a82/react-tool-after-side-effect-before-ack.release,historical_evidence,release,0,0,True,False
artifacts/benchmarks/temporal/workflow_worker/runs/t3-05-2cf18a82/workflow-1.ready,historical_evidence,ready,0,0,True,False
artifacts/benchmarks/temporal/workflow_worker/runs/t3-05-2cf18a82/workflow-2.ready,historical_evidence,ready,0,0,True,False
artifacts/benchmarks/temporal/workflow_worker/runs/t3-06-8a8f0c32/activity.ready,historical_evidence,ready,0,0,True,False
artifacts/benchmarks/temporal/workflow_worker/runs/t3-06-8a8f0c32/operations.sqlite,historical_evidence,sqlite,24576,9,True,False
artifacts/benchmarks/temporal/workflow_worker/runs/t3-06-8a8f0c32/react-tool-after-side-effect-before-ack.boundary,historical_evidence,boundary,0,0,True,False
artifacts/benchmarks/temporal/workflow_worker/runs/t3-06-8a8f0c32/react-tool-after-side-effect-before-ack.release,historical_evidence,release,0,0,True,False
artifacts/benchmarks/temporal/workflow_worker/runs/t3-06-8a8f0c32/workflow-1.ready,historical_evidence,ready,0,0,True,False
artifacts/benchmarks/temporal/workflow_worker/runs/t3-06-8a8f0c32/workflow-2.ready,historical_evidence,ready,0,0,True,False
artifacts/benchmarks/temporal/workflow_worker/runs/t3-07-462ddbda/activity.ready,historical_evidence,ready,0,0,True,False
artifacts/benchmarks/temporal/workflow_worker/runs/t3-07-462ddbda/operations.sqlite,historical_evidence,sqlite,24576,9,True,False
artifacts/benchmarks/temporal/workflow_worker/runs/t3-07-462ddbda/react-tool-after-side-effect-before-ack.boundary,historical_evidence,boundary,0,0,True,False
artifacts/benchmarks/temporal/workflow_worker/runs/t3-07-462ddbda/react-tool-after-side-effect-before-ack.release,historical_evidence,release,0,0,True,False
artifacts/benchmarks/temporal/workflow_worker/runs/t3-07-462ddbda/workflow-1.ready,historical_evidence,ready,0,0,True,False
artifacts/benchmarks/temporal/workflow_worker/runs/t3-07-462ddbda/workflow-2.ready,historical_evidence,ready,0,0,True,False
artifacts/benchmarks/temporal/workflow_worker/runs/t3-08-501d3008/activity.ready,historical_evidence,ready,0,0,True,False
artifacts/benchmarks/temporal/workflow_worker/runs/t3-08-501d3008/operations.sqlite,historical_evidence,sqlite,24576,9,True,False
artifacts/benchmarks/temporal/workflow_worker/runs/t3-08-501d3008/react-tool-after-side-effect-before-ack.boundary,historical_evidence,boundary,0,0,True,False
artifacts/benchmarks/temporal/workflow_worker/runs/t3-08-501d3008/react-tool-after-side-effect-before-ack.release,historical_evidence,release,0,0,True,False
artifacts/benchmarks/temporal/workflow_worker/runs/t3-08-501d3008/workflow-1.ready,historical_evidence,ready,0,0,True,False
artifacts/benchmarks/temporal/workflow_worker/runs/t3-08-501d3008/workflow-2.ready,historical_evidence,ready,0,0,True,False
artifacts/benchmarks/temporal/workflow_worker/runs/t3-09-9e6fcef9/activity.ready,historical_evidence,ready,0,0,True,False
artifacts/benchmarks/temporal/workflow_worker/runs/t3-09-9e6fcef9/operations.sqlite,historical_evidence,sqlite,24576,9,True,False
artifacts/benchmarks/temporal/workflow_worker/runs/t3-09-9e6fcef9/react-tool-after-side-effect-before-ack.boundary,historical_evidence,boundary,0,0,True,False
artifacts/benchmarks/temporal/workflow_worker/runs/t3-09-9e6fcef9/react-tool-after-side-effect-before-ack.release,historical_evidence,release,0,0,True,False
artifacts/benchmarks/temporal/workflow_worker/runs/t3-09-9e6fcef9/workflow-1.ready,historical_evidence,ready,0,0,True,False
artifacts/benchmarks/temporal/workflow_worker/runs/t3-09-9e6fcef9/workflow-2.ready,historical_evidence,ready,0,0,True,False
artifacts/benchmarks/temporal/workflow_worker/runs/t3-10-e998f938/activity.ready,historical_evidence,ready,0,0,True,False
artifacts/benchmarks/temporal/workflow_worker/runs/t3-10-e998f938/operations.sqlite,historical_evidence,sqlite,24576,9,True,False
artifacts/benchmarks/temporal/workflow_worker/runs/t3-10-e998f938/react-tool-after-side-effect-before-ack.boundary,historical_evidence,boundary,0,0,True,False
artifacts/benchmarks/temporal/workflow_worker/runs/t3-10-e998f938/react-tool-after-side-effect-before-ack.release,historical_evidence,release,0,0,True,False
artifacts/benchmarks/temporal/workflow_worker/runs/t3-10-e998f938/workflow-1.ready,historical_evidence,ready,0,0,True,False
artifacts/benchmarks/temporal/workflow_worker/runs/t3-10-e998f938/workflow-2.ready,historical_evidence,ready,0,0,True,False
artifacts/benchmarks/temporal/workflow_worker/runs/t4-01-6bbcb2e2/activity.ready,historical_evidence,ready,0,0,True,False
artifacts/benchmarks/temporal/workflow_worker/runs/t4-01-6bbcb2e2/operations.sqlite,historical_evidence,sqlite,24576,17,True,False
artifacts/benchmarks/temporal/workflow_worker/runs/t4-01-6bbcb2e2/plan-step-2.boundary,historical_evidence,boundary,0,0,True,False
artifacts/benchmarks/temporal/workflow_worker/runs/t4-01-6bbcb2e2/plan-step-2.release,historical_evidence,release,0,0,True,False
artifacts/benchmarks/temporal/workflow_worker/runs/t4-01-6bbcb2e2/workflow-1.ready,historical_evidence,ready,0,0,True,False
artifacts/benchmarks/temporal/workflow_worker/runs/t4-01-6bbcb2e2/workflow-2.ready,historical_evidence,ready,0,0,True,False
artifacts/benchmarks/temporal/workflow_worker/runs/t4-02-c94a115b/activity.ready,historical_evidence,ready,0,0,True,False
artifacts/benchmarks/temporal/workflow_worker/runs/t4-02-c94a115b/operations.sqlite,historical_evidence,sqlite,24576,17,True,False
artifacts/benchmarks/temporal/workflow_worker/runs/t4-02-c94a115b/plan-step-2.boundary,historical_evidence,boundary,0,0,True,False
artifacts/benchmarks/temporal/workflow_worker/runs/t4-02-c94a115b/plan-step-2.release,historical_evidence,release,0,0,True,False
artifacts/benchmarks/temporal/workflow_worker/runs/t4-02-c94a115b/workflow-1.ready,historical_evidence,ready,0,0,True,False
artifacts/benchmarks/temporal/workflow_worker/runs/t4-02-c94a115b/workflow-2.ready,historical_evidence,ready,0,0,True,False
artifacts/benchmarks/temporal/workflow_worker/runs/t4-03-c5ff7f32/activity.ready,historical_evidence,ready,0,0,True,False
artifacts/benchmarks/temporal/workflow_worker/runs/t4-03-c5ff7f32/operations.sqlite,historical_evidence,sqlite,24576,17,True,False
artifacts/benchmarks/temporal/workflow_worker/runs/t4-03-c5ff7f32/plan-step-2.boundary,historical_evidence,boundary,0,0,True,False
artifacts/benchmarks/temporal/workflow_worker/runs/t4-03-c5ff7f32/plan-step-2.release,historical_evidence,release,0,0,True,False
artifacts/benchmarks/temporal/workflow_worker/runs/t4-03-c5ff7f32/workflow-1.ready,historical_evidence,ready,0,0,True,False
artifacts/benchmarks/temporal/workflow_worker/runs/t4-03-c5ff7f32/workflow-2.ready,historical_evidence,ready,0,0,True,False
artifacts/benchmarks/temporal/workflow_worker/runs/t4-04-72cc1f72/activity.ready,historical_evidence,ready,0,0,True,False
artifacts/benchmarks/temporal/workflow_worker/runs/t4-04-72cc1f72/operations.sqlite,historical_evidence,sqlite,24576,17,True,False
artifacts/benchmarks/temporal/workflow_worker/runs/t4-04-72cc1f72/plan-step-2.boundary,historical_evidence,boundary,0,0,True,False
artifacts/benchmarks/temporal/workflow_worker/runs/t4-04-72cc1f72/plan-step-2.release,historical_evidence,release,0,0,True,False
artifacts/benchmarks/temporal/workflow_worker/runs/t4-04-72cc1f72/workflow-1.ready,historical_evidence,ready,0,0,True,False
artifacts/benchmarks/temporal/workflow_worker/runs/t4-04-72cc1f72/workflow-2.ready,historical_evidence,ready,0,0,True,False
artifacts/benchmarks/temporal/workflow_worker/runs/t4-05-f48e2b7c/activity.ready,historical_evidence,ready,0,0,True,False
artifacts/benchmarks/temporal/workflow_worker/runs/t4-05-f48e2b7c/operations.sqlite,historical_evidence,sqlite,24576,17,True,False
artifacts/benchmarks/temporal/workflow_worker/runs/t4-05-f48e2b7c/plan-step-2.boundary,historical_evidence,boundary,0,0,True,False
artifacts/benchmarks/temporal/workflow_worker/runs/t4-05-f48e2b7c/plan-step-2.release,historical_evidence,release,0,0,True,False
artifacts/benchmarks/temporal/workflow_worker/runs/t4-05-f48e2b7c/workflow-1.ready,historical_evidence,ready,0,0,True,False
artifacts/benchmarks/temporal/workflow_worker/runs/t4-05-f48e2b7c/workflow-2.ready,historical_evidence,ready,0,0,True,False
artifacts/benchmarks/temporal/workflow_worker/runs/t4-06-1820c6fd/activity.ready,historical_evidence,ready,0,0,True,False
artifacts/benchmarks/temporal/workflow_worker/runs/t4-06-1820c6fd/operations.sqlite,historical_evidence,sqlite,24576,17,True,False
artifacts/benchmarks/temporal/workflow_worker/runs/t4-06-1820c6fd/plan-step-2.boundary,historical_evidence,boundary,0,0,True,False
artifacts/benchmarks/temporal/workflow_worker/runs/t4-06-1820c6fd/plan-step-2.release,historical_evidence,release,0,0,True,False
artifacts/benchmarks/temporal/workflow_worker/runs/t4-06-1820c6fd/workflow-1.ready,historical_evidence,ready,0,0,True,False
artifacts/benchmarks/temporal/workflow_worker/runs/t4-06-1820c6fd/workflow-2.ready,historical_evidence,ready,0,0,True,False
artifacts/benchmarks/temporal/workflow_worker/runs/t4-07-63beb77e/activity.ready,historical_evidence,ready,0,0,True,False
artifacts/benchmarks/temporal/workflow_worker/runs/t4-07-63beb77e/operations.sqlite,historical_evidence,sqlite,24576,17,True,False
artifacts/benchmarks/temporal/workflow_worker/runs/t4-07-63beb77e/plan-step-2.boundary,historical_evidence,boundary,0,0,True,False
artifacts/benchmarks/temporal/workflow_worker/runs/t4-07-63beb77e/plan-step-2.release,historical_evidence,release,0,0,True,False
artifacts/benchmarks/temporal/workflow_worker/runs/t4-07-63beb77e/workflow-1.ready,historical_evidence,ready,0,0,True,False
artifacts/benchmarks/temporal/workflow_worker/runs/t4-07-63beb77e/workflow-2.ready,historical_evidence,ready,0,0,True,False
artifacts/benchmarks/temporal/workflow_worker/runs/t4-08-abb06f26/activity.ready,historical_evidence,ready,0,0,True,False
artifacts/benchmarks/temporal/workflow_worker/runs/t4-08-abb06f26/operations.sqlite,historical_evidence,sqlite,24576,17,True,False
artifacts/benchmarks/temporal/workflow_worker/runs/t4-08-abb06f26/plan-step-2.boundary,historical_evidence,boundary,0,0,True,False
artifacts/benchmarks/temporal/workflow_worker/runs/t4-08-abb06f26/plan-step-2.release,historical_evidence,release,0,0,True,False
artifacts/benchmarks/temporal/workflow_worker/runs/t4-08-abb06f26/workflow-1.ready,historical_evidence,ready,0,0,True,False
artifacts/benchmarks/temporal/workflow_worker/runs/t4-08-abb06f26/workflow-2.ready,historical_evidence,ready,0,0,True,False
artifacts/benchmarks/temporal/workflow_worker/runs/t4-09-f404a604/activity.ready,historical_evidence,ready,0,0,True,False
artifacts/benchmarks/temporal/workflow_worker/runs/t4-09-f404a604/operations.sqlite,historical_evidence,sqlite,24576,17,True,False
artifacts/benchmarks/temporal/workflow_worker/runs/t4-09-f404a604/plan-step-2.boundary,historical_evidence,boundary,0,0,True,False
artifacts/benchmarks/temporal/workflow_worker/runs/t4-09-f404a604/plan-step-2.release,historical_evidence,release,0,0,True,False
artifacts/benchmarks/temporal/workflow_worker/runs/t4-09-f404a604/workflow-1.ready,historical_evidence,ready,0,0,True,False
artifacts/benchmarks/temporal/workflow_worker/runs/t4-09-f404a604/workflow-2.ready,historical_evidence,ready,0,0,True,False
artifacts/benchmarks/temporal/workflow_worker/runs/t4-10-8746be06/activity.ready,historical_evidence,ready,0,0,True,False
artifacts/benchmarks/temporal/workflow_worker/runs/t4-10-8746be06/operations.sqlite,historical_evidence,sqlite,24576,17,True,False
artifacts/benchmarks/temporal/workflow_worker/runs/t4-10-8746be06/plan-step-2.boundary,historical_evidence,boundary,0,0,True,False
artifacts/benchmarks/temporal/workflow_worker/runs/t4-10-8746be06/plan-step-2.release,historical_evidence,release,0,0,True,False
artifacts/benchmarks/temporal/workflow_worker/runs/t4-10-8746be06/workflow-1.ready,historical_evidence,ready,0,0,True,False
artifacts/benchmarks/temporal/workflow_worker/runs/t4-10-8746be06/workflow-2.ready,historical_evidence,ready,0,0,True,False
artifacts/benchmarks/temporal/workflow_worker/runs/t5-01-72a59ed4/activity.ready,historical_evidence,ready,0,0,True,False
artifacts/benchmarks/temporal/workflow_worker/runs/t5-01-72a59ed4/operations.sqlite,historical_evidence,sqlite,24576,17,True,False
artifacts/benchmarks/temporal/workflow_worker/runs/t5-01-72a59ed4/plan-final-evaluation.boundary,historical_evidence,boundary,0,0,True,False
artifacts/benchmarks/temporal/workflow_worker/runs/t5-01-72a59ed4/plan-final-evaluation.release,historical_evidence,release,0,0,True,False
artifacts/benchmarks/temporal/workflow_worker/runs/t5-01-72a59ed4/workflow-1.ready,historical_evidence,ready,0,0,True,False
artifacts/benchmarks/temporal/workflow_worker/runs/t5-01-72a59ed4/workflow-2.ready,historical_evidence,ready,0,0,True,False
artifacts/benchmarks/temporal/workflow_worker/runs/t5-02-90e9c616/activity.ready,historical_evidence,ready,0,0,True,False
artifacts/benchmarks/temporal/workflow_worker/runs/t5-02-90e9c616/operations.sqlite,historical_evidence,sqlite,24576,17,True,False
artifacts/benchmarks/temporal/workflow_worker/runs/t5-02-90e9c616/plan-final-evaluation.boundary,historical_evidence,boundary,0,0,True,False
artifacts/benchmarks/temporal/workflow_worker/runs/t5-02-90e9c616/plan-final-evaluation.release,historical_evidence,release,0,0,True,False
artifacts/benchmarks/temporal/workflow_worker/runs/t5-02-90e9c616/workflow-1.ready,historical_evidence,ready,0,0,True,False
artifacts/benchmarks/temporal/workflow_worker/runs/t5-02-90e9c616/workflow-2.ready,historical_evidence,ready,0,0,True,False
artifacts/benchmarks/temporal/workflow_worker/runs/t5-03-a4ddf820/activity.ready,historical_evidence,ready,0,0,True,False
artifacts/benchmarks/temporal/workflow_worker/runs/t5-03-a4ddf820/operations.sqlite,historical_evidence,sqlite,24576,17,True,False
artifacts/benchmarks/temporal/workflow_worker/runs/t5-03-a4ddf820/plan-final-evaluation.boundary,historical_evidence,boundary,0,0,True,False
artifacts/benchmarks/temporal/workflow_worker/runs/t5-03-a4ddf820/plan-final-evaluation.release,historical_evidence,release,0,0,True,False
artifacts/benchmarks/temporal/workflow_worker/runs/t5-03-a4ddf820/workflow-1.ready,historical_evidence,ready,0,0,True,False
artifacts/benchmarks/temporal/workflow_worker/runs/t5-03-a4ddf820/workflow-2.ready,historical_evidence,ready,0,0,True,False
artifacts/benchmarks/temporal/workflow_worker/runs/t5-04-73e1a44b/activity.ready,historical_evidence,ready,0,0,True,False
artifacts/benchmarks/temporal/workflow_worker/runs/t5-04-73e1a44b/operations.sqlite,historical_evidence,sqlite,24576,17,True,False
artifacts/benchmarks/temporal/workflow_worker/runs/t5-04-73e1a44b/plan-final-evaluation.boundary,historical_evidence,boundary,0,0,True,False
artifacts/benchmarks/temporal/workflow_worker/runs/t5-04-73e1a44b/plan-final-evaluation.release,historical_evidence,release,0,0,True,False
artifacts/benchmarks/temporal/workflow_worker/runs/t5-04-73e1a44b/workflow-1.ready,historical_evidence,ready,0,0,True,False
artifacts/benchmarks/temporal/workflow_worker/runs/t5-04-73e1a44b/workflow-2.ready,historical_evidence,ready,0,0,True,False
artifacts/benchmarks/temporal/workflow_worker/runs/t5-05-e2cecd9a/activity.ready,historical_evidence,ready,0,0,True,False
artifacts/benchmarks/temporal/workflow_worker/runs/t5-05-e2cecd9a/operations.sqlite,historical_evidence,sqlite,24576,17,True,False
artifacts/benchmarks/temporal/workflow_worker/runs/t5-05-e2cecd9a/plan-final-evaluation.boundary,historical_evidence,boundary,0,0,True,False
artifacts/benchmarks/temporal/workflow_worker/runs/t5-05-e2cecd9a/plan-final-evaluation.release,historical_evidence,release,0,0,True,False
artifacts/benchmarks/temporal/workflow_worker/runs/t5-05-e2cecd9a/workflow-1.ready,historical_evidence,ready,0,0,True,False
artifacts/benchmarks/temporal/workflow_worker/runs/t5-05-e2cecd9a/workflow-2.ready,historical_evidence,ready,0,0,True,False
artifacts/benchmarks/temporal/workflow_worker/runs/t5-06-10e7cd84/activity.ready,historical_evidence,ready,0,0,True,False
artifacts/benchmarks/temporal/workflow_worker/runs/t5-06-10e7cd84/operations.sqlite,historical_evidence,sqlite,24576,17,True,False
artifacts/benchmarks/temporal/workflow_worker/runs/t5-06-10e7cd84/plan-final-evaluation.boundary,historical_evidence,boundary,0,0,True,False
artifacts/benchmarks/temporal/workflow_worker/runs/t5-06-10e7cd84/plan-final-evaluation.release,historical_evidence,release,0,0,True,False
artifacts/benchmarks/temporal/workflow_worker/runs/t5-06-10e7cd84/workflow-1.ready,historical_evidence,ready,0,0,True,False
artifacts/benchmarks/temporal/workflow_worker/runs/t5-06-10e7cd84/workflow-2.ready,historical_evidence,ready,0,0,True,False
artifacts/benchmarks/temporal/workflow_worker/runs/t5-07-7351d044/activity.ready,historical_evidence,ready,0,0,True,False
artifacts/benchmarks/temporal/workflow_worker/runs/t5-07-7351d044/operations.sqlite,historical_evidence,sqlite,24576,17,True,False
artifacts/benchmarks/temporal/workflow_worker/runs/t5-07-7351d044/plan-final-evaluation.boundary,historical_evidence,boundary,0,0,True,False
artifacts/benchmarks/temporal/workflow_worker/runs/t5-07-7351d044/plan-final-evaluation.release,historical_evidence,release,0,0,True,False
artifacts/benchmarks/temporal/workflow_worker/runs/t5-07-7351d044/workflow-1.ready,historical_evidence,ready,0,0,True,False
artifacts/benchmarks/temporal/workflow_worker/runs/t5-07-7351d044/workflow-2.ready,historical_evidence,ready,0,0,True,False
artifacts/benchmarks/temporal/workflow_worker/runs/t5-08-863e9677/activity.ready,historical_evidence,ready,0,0,True,False
artifacts/benchmarks/temporal/workflow_worker/runs/t5-08-863e9677/operations.sqlite,historical_evidence,sqlite,24576,17,True,False
artifacts/benchmarks/temporal/workflow_worker/runs/t5-08-863e9677/plan-final-evaluation.boundary,historical_evidence,boundary,0,0,True,False
artifacts/benchmarks/temporal/workflow_worker/runs/t5-08-863e9677/plan-final-evaluation.release,historical_evidence,release,0,0,True,False
artifacts/benchmarks/temporal/workflow_worker/runs/t5-08-863e9677/workflow-1.ready,historical_evidence,ready,0,0,True,False
artifacts/benchmarks/temporal/workflow_worker/runs/t5-08-863e9677/workflow-2.ready,historical_evidence,ready,0,0,True,False
artifacts/benchmarks/temporal/workflow_worker/runs/t5-09-ce37f47d/activity.ready,historical_evidence,ready,0,0,True,False
artifacts/benchmarks/temporal/workflow_worker/runs/t5-09-ce37f47d/operations.sqlite,historical_evidence,sqlite,24576,17,True,False
artifacts/benchmarks/temporal/workflow_worker/runs/t5-09-ce37f47d/plan-final-evaluation.boundary,historical_evidence,boundary,0,0,True,False
artifacts/benchmarks/temporal/workflow_worker/runs/t5-09-ce37f47d/plan-final-evaluation.release,historical_evidence,release,0,0,True,False
artifacts/benchmarks/temporal/workflow_worker/runs/t5-09-ce37f47d/workflow-1.ready,historical_evidence,ready,0,0,True,False
artifacts/benchmarks/temporal/workflow_worker/runs/t5-09-ce37f47d/workflow-2.ready,historical_evidence,ready,0,0,True,False
artifacts/benchmarks/temporal/workflow_worker/runs/t5-10-5898b4cb/activity.ready,historical_evidence,ready,0,0,True,False
artifacts/benchmarks/temporal/workflow_worker/runs/t5-10-5898b4cb/operations.sqlite,historical_evidence,sqlite,24576,17,True,False
artifacts/benchmarks/temporal/workflow_worker/runs/t5-10-5898b4cb/plan-final-evaluation.boundary,historical_evidence,boundary,0,0,True,False
artifacts/benchmarks/temporal/workflow_worker/runs/t5-10-5898b4cb/plan-final-evaluation.release,historical_evidence,release,0,0,True,False
artifacts/benchmarks/temporal/workflow_worker/runs/t5-10-5898b4cb/workflow-1.ready,historical_evidence,ready,0,0,True,False
artifacts/benchmarks/temporal/workflow_worker/runs/t5-10-5898b4cb/workflow-2.ready,historical_evidence,ready,0,0,True,False
artifacts/benchmarks/temporal/workflow_worker/summary.json,historical_evidence,json,4316,152,True,False
artifacts/benchmarks/temporal/workflow_worker/trials.csv,historical_evidence,csv,22010,51,True,False
config/agents.yaml,deployment_configuration,yaml,1507,31,True,False
config/mcp/servers.yaml,deployment_configuration,yaml,10470,228,True,False
config/models.f4-e2e.yaml,deployment_configuration,yaml,410,26,True,False
config/models.yaml,deployment_configuration,yaml,6427,162,True,False
config/prompts/environment.yaml,deployment_configuration,yaml,1275,18,True,False
config/prompts/guidance.yaml,deployment_configuration,yaml,4008,69,True,False
config/prompts/identities.yaml,deployment_configuration,yaml,5866,94,True,False
config/prompts/system.yaml,deployment_configuration,yaml,2423,26,True,False
config/prompts/tool_summary.yaml,deployment_configuration,yaml,1030,19,True,False
config/searxng/entrypoint.sh,deployment_configuration,sh,720,26,True,False
config/searxng/settings.yml,deployment_configuration,yml,358,20,True,False
docker-compose.yaml,deployment_configuration,yaml,24099,964,True,False
docs/architecture/README.md,docs,md,4390,56,True,False
docs/architecture/decisions/old/README.md,historical_docs,md,273,6,True,False
docs/architecture/decisions/old/architecture_progress/00_overview_and_stage_plan.md,historical_docs,md,13193,492,True,False
docs/architecture/decisions/old/architecture_progress/01_reply_service.md,historical_docs,md,5456,188,True,False
docs/architecture/decisions/old/architecture_progress/02_ingress_and_conversation_service.md,historical_docs,md,6744,202,True,False
docs/architecture/decisions/old/architecture_progress/03_action_runtime_facade.md,historical_docs,md,6543,225,True,False
docs/architecture/decisions/old/architecture_progress/04_brain_engine_turn_orchestrator.md,historical_docs,md,5244,122,True,False
docs/architecture/decisions/old/architecture_progress/05_channels_transport_layer.md,historical_docs,md,4681,160,True,False
docs/architecture/decisions/old/architecture_progress/06_turn_orchestrator_naming.md,historical_docs,md,4300,127,True,False
docs/architecture/decisions/old/architecture_progress/07_turn_orchestrator_route_cleanup.md,historical_docs,md,3958,126,True,False
docs/architecture/decisions/old/architecture_progress/08_turn_memory_service.md,historical_docs,md,4730,158,True,False
docs/architecture/decisions/old/architecture_progress/09_brain_action_protocol.md,historical_docs,md,4149,156,True,False
docs/architecture/decisions/old/architecture_progress/10_closure_and_final_shape.md,historical_docs,md,5795,165,True,False
docs/architecture/decisions/old/architecture_progress/11_component_architecture_draft.md,historical_docs,md,7959,238,True,False
docs/architecture/decisions/old/diagnostics/2026-07-22-napcat-log-diagnosis.md,historical_docs,md,21886,645,True,False
docs/architecture/decisions/old/legacy-design/02_src_architecture_original.md,historical_docs,md,75954,1116,True,False
docs/architecture/decisions/old/version/v10/data-directory.md,historical_docs,md,16590,487,True,False
docs/architecture/decisions/old/version/v10/resources-module-guide.html,historical_docs,html,36388,599,True,False
docs/architecture/decisions/old/version/v10/sandbox-architecture.html,historical_docs,html,69813,1444,True,False
docs/architecture/decisions/old/version/v10/session-module-guide.html,historical_docs,html,40026,751,True,False
docs/architecture/decisions/old/version/v10/worker-architecture-redesign.md,historical_docs,md,19908,398,True,False
docs/architecture/decisions/old/version/v10/workspace-module-guide.html,historical_docs,html,53012,1075,True,False
docs/architecture/decisions/old/version/v11/official-qq-channel.md,historical_docs,md,19733,504,True,False
docs/architecture/decisions/old/version/v11/single-agent-context.md,historical_docs,md,16256,294,True,False
docs/architecture/decisions/old/version/v11/tool-system.md,historical_docs,md,27732,760,True,False
docs/architecture/decisions/old/version/v4/architecture-and-data-flow.md,historical_docs,md,11461,266,True,False
docs/architecture/decisions/old/version/v4/cross-client-memory-design.md,historical_docs,md,18522,494,True,False
docs/architecture/decisions/old/version/v4/napcat.md,historical_docs,md,9937,228,True,False
docs/architecture/decisions/old/version/v4/temporal.md,historical_docs,md,20560,502,True,False
docs/architecture/decisions/old/version/v5/architecture-and-data-flow.md,historical_docs,md,19572,422,True,False
docs/architecture/decisions/old/version/v5/cross-client-memory.md,historical_docs,md,13609,309,True,False
docs/architecture/decisions/old/version/v5/durable.md,historical_docs,md,23008,565,True,False
docs/architecture/decisions/old/version/v5/storage-layer.md,historical_docs,md,9132,249,True,False
docs/architecture/decisions/old/version/v6/01-refactoring-plan.md,historical_docs,md,12780,372,True,False
docs/architecture/decisions/old/version/v6/02-evaluation.md,historical_docs,md,6584,156,True,False
docs/architecture/decisions/old/version/v6/03-summary.md,historical_docs,md,9405,246,True,False
docs/architecture/decisions/old/version/v6/04-workspace-evaluation.md,historical_docs,md,6938,167,True,False
docs/architecture/decisions/old/version/v6/05-workspace-summary.md,historical_docs,md,8507,219,True,False
docs/architecture/decisions/old/version/v6/06-hindsight-evaluation.md,historical_docs,md,7439,206,True,False
docs/architecture/decisions/old/version/v6/07-hindsight-summary.md,historical_docs,md,7507,203,True,False
docs/architecture/decisions/old/version/v6/08-architecture.md,historical_docs,md,63216,1179,True,False
docs/architecture/decisions/old/version/v7/Phase1到Phase2过渡计划.md,historical_docs,md,12046,323,True,False
docs/architecture/decisions/old/version/v7/Phase2到Phase3实施总结.md,historical_docs,md,8581,208,True,False
docs/architecture/decisions/old/version/v7/多Agent架构最终迭代指导文档.md,historical_docs,md,21584,456,True,False
docs/architecture/decisions/old/version/v7/多agent架构选型迭代.md,historical_docs,md,146701,3525,True,False
docs/architecture/decisions/old/version/v7/项目流程时序图.md,historical_docs,md,13640,369,True,False
docs/architecture/decisions/old/version/v8/hindsight-memory-best-practices.md,historical_docs,md,22938,618,True,False
docs/architecture/decisions/old/version/v8/napcat-api-reference.md,historical_docs,md,14690,416,True,False
docs/architecture/decisions/old/version/v8/问题诊断与修复建议.md,historical_docs,md,24488,709,True,False
docs/architecture/decisions/old/version/v9/tools-layer-migration.md,historical_docs,md,55950,1546,True,False
docs/architecture/decisions/old/version/v9/tools-layer.md,historical_docs,md,45461,1205,True,False
docs/architecture/decisions/old/visual-sources/04_sequence.png,historical_docs,png,142517,0,True,False
docs/architecture/durable-agent-temporal.md,docs,md,7514,139,True,False
docs/architecture/refactor-closure-report.md,docs,md,5889,100,True,False
docs/architecture/single_agent/01_system_context.md,docs,md,1473,32,True,False
docs/architecture/single_agent/02_container.md,docs,md,2506,49,True,False
docs/architecture/single_agent/03_component.md,docs,md,3092,58,True,False
docs/architecture/single_agent/04_sequence.md,docs,md,2994,92,True,False
docs/architecture/single_agent/diagrams/01_system_context.excalidraw,docs,excalidraw,53466,0,True,False
docs/architecture/single_agent/diagrams/02_container.excalidraw,docs,excalidraw,48925,0,True,False
docs/architecture/single_agent/diagrams/03_component.excalidraw,docs,excalidraw,112442,0,True,False
docs/architecture/single_agent/diagrams/04_sequence.excalidraw,docs,excalidraw,191376,0,True,False
docs/archive/web-development/README.md,historical_docs,md,346,5,True,False
docs/benchmarks.md,docs,md,4657,91,True,False
docs/operations/daily-research-r0-r6-runtime-acceptance.md,docs,md,46026,1276,True,False
docs/operations/docker-offline-deployment.md,docs,md,3230,70,True,False
docs/operations/file-assistant-f0-f3-runtime-closure-handoff.md,docs,md,7676,188,True,False
docs/operations/file-assistant-f0-f4-implementation-map.md,docs,md,14498,264,True,False
docs/operations/file-assistant-f2-runtime-acceptance.md,docs,md,3550,100,True,False
docs/operations/file-assistant-f3-version-acceptance.md,docs,md,2432,67,True,False
docs/operations/file-assistant-f4-hitl-acceptance.md,docs,md,3414,70,True,False
docs/operations/observability-preflight-report.md,docs,md,3632,71,True,False
docs/operations/observability-v1.md,docs,md,3113,61,True,False
docs/operations/observability.md,docs,md,1236,25,True,False
docs/operations/runbook.md,docs,md,828,32,True,False
docs/operations/troubleshooting.md,docs,md,950,13,True,False
docs/operations/web-registration-and-qq-binding.md,docs,md,1560,37,True,False
docs/operations/web-release.md,docs,md,14369,414,True,False
docs/reference/configuration.md,docs,md,2687,39,True,False
docs/web/fix/HpAgent_Observability_Preflight_and_Logging_Normalization_Guide.md,docs,md,27152,1840,True,False
docs/web/fix/HpAgent_Web_Workspace_Provisioning_Fix.md,docs,md,11549,587,True,False
docs/web/hpagent-agent-execution-integration.md,docs,md,48983,859,True,False
docs/web/hpagent-file-workspace-agent-p0-p1-guide.md,docs,md,45625,1242,True,False
docs/web/hpagent-file-workspace-architecture-drift.md,docs,md,5390,68,True,False
docs/web/hpagent-file-workspace-validation-deployment-runbook.md,docs,md,11097,369,True,False
docs/web/hpagent-web-api-contract.md,docs,md,46390,1052,True,False
docs/web/hpagent-web-artifact-implementation.md,docs,md,8426,160,True,False
docs/web/hpagent-web-database-design.md,docs,md,64418,1286,True,False
docs/web/hpagent-web-domain-and-state-model.md,docs,md,38915,679,True,False
docs/web/hpagent-web-implementation-plan.md,docs,md,49526,686,True,False
docs/web/hpagent-web-lifecycle-token-usage.md,docs,md,1363,25,True,False
docs/web/hpagent-web-mvp-requirements.md,docs,md,31645,584,True,False
docs/web/hpagent-web-project-definition.md,docs,md,7900,128,True,False
docs/web/hpagent-web-system-architecture.md,docs,md,48959,913,True,False
docs/web/hpagent-web-temporal-design.md,docs,md,50041,892,True,False
docs/web/phase-a-development.md,docs,md,2387,36,True,False
docs/web/phase-b-development.md,docs,md,2100,44,True,False
docs/web/phase-e,docs,text,7662,141,True,False
docs/web/phase-f.md,docs,md,33016,2586,True,False
docs/web/phase-g.md,docs,md,25207,2146,True,False
docs/web/phase-reports/phase-a-report.md,docs,md,8119,198,True,False
docs/web/phase-reports/phase-b-report.md,docs,md,6413,127,True,False
docs/web/phase-reports/phase-d-test-map.md,docs,md,17326,192,True,False
docs/web/phase-reports/phase-e-report.md,docs,md,8352,148,True,False
docs/web/phase-reports/phase-g-report.md,docs,md,7717,120,True,False
persistence/docker-init/01-roles.sql,migration_schema,sql,291,3,True,False
persistence/migrations/001_phase_a_schema.sql,migration_schema,sql,18288,192,True,False
persistence/migrations/002_fix_constraint_trigger_target.sql,migration_schema,sql,1927,27,True,False
persistence/migrations/003_runtime_permissions.sql,migration_schema,sql,734,15,True,False
persistence/migrations/004_complete_deferred_invariants.sql,migration_schema,sql,4170,88,True,False
persistence/migrations/005_api_workflow_read.sql,migration_schema,sql,233,4,True,False
persistence/migrations/006_worker_conversation_lock.sql,migration_schema,sql,225,4,True,False
persistence/migrations/007_referenced_object_invariants.sql,migration_schema,sql,3206,71,True,False
persistence/migrations/008_retry_reverse_and_terminal_transitions.sql,migration_schema,sql,3794,93,True,False
persistence/migrations/009_worker_identity_read.sql,migration_schema,sql,387,7,True,False
persistence/migrations/010_web_artifacts.sql,migration_schema,sql,6021,127,True,False
persistence/migrations/011_artifact_api_lock_permission.sql,migration_schema,sql,368,7,True,False
persistence/migrations/012_self_service_identity.sql,migration_schema,sql,3303,67,True,False
persistence/migrations/013_identity_consolidation_trigger_security.sql,migration_schema,sql,636,11,True,False
persistence/migrations/014_durable_agent_control_plane.sql,migration_schema,sql,4194,103,True,False
persistence/migrations/015_durable_agent_hardening.sql,migration_schema,sql,856,22,True,False
persistence/migrations/016_agent_trace.sql,migration_schema,sql,3117,69,True,False
persistence/migrations/017_file_workspace_p0.sql,migration_schema,sql,8441,167,True,False
persistence/migrations/018_file_upload_contract.sql,migration_schema,sql,826,20,True,False
persistence/migrations/019_file_orphan_cleanup.sql,migration_schema,sql,296,6,True,False
persistence/migrations/020_restore_artifact_idempotency_operations.sql,migration_schema,sql,557,12,True,False
persistence/migrations/021_research_r0_r2.sql,migration_schema,sql,11275,217,True,False
persistence/migrations/022_research_r3_r4.sql,migration_schema,sql,7095,149,True,False
persistence/migrations/023_research_r5_r6.sql,migration_schema,sql,2754,46,True,False
persistence/migrations/024_research_run_strategy.sql,migration_schema,sql,806,18,True,False
persistence/migrations/025_file_document_worker.sql,migration_schema,sql,1151,25,True,False
persistence/migrations/026_file_document_ownership.sql,migration_schema,sql,421,8,True,False
persistence/migrations/027_file_output_lineage.sql,migration_schema,sql,1712,39,True,False
persistence/migrations/028_file_lineage_immutability.sql,migration_schema,sql,1215,32,True,False
persistence/migrations/029_file_action_approvals.sql,migration_schema,sql,2748,53,True,False
persistence/migrations/030_research_web_file_composition.sql,migration_schema,sql,1045,23,True,False
persistence/migrations/031_persistent_web_file_foundation.sql,migration_schema,sql,3523,73,True,False
persistence/migrations/032_durable_approval_wait.sql,migration_schema,sql,1266,22,True,False
pyproject.toml,deployment_configuration,toml,576,25,True,False
requirements-dev.txt,deployment_configuration,txt,133,7,True,False
requirements.txt,deployment_configuration,txt,562,30,True,False
scripts/backup.sh,backup_restore,sh,1565,38,True,False
scripts/benchmarks/README.md,benchmark,md,922,24,True,False
scripts/benchmarks/agent_strategy/README.md,benchmark,md,6822,142,True,False
scripts/benchmarks/agent_strategy/agent_strategy.env.example,benchmark,example,717,13,True,False
scripts/benchmarks/agent_strategy/agent_strategy.sh,benchmark,sh,367,13,True,False
scripts/benchmarks/agent_strategy/agent_strategy_benchmark.py,benchmark,py,26859,618,True,True
scripts/benchmarks/agent_strategy/agent_strategy_experiment.py,benchmark,py,20302,519,True,True
scripts/benchmarks/agent_strategy/agent_strategy_tasks.yaml,benchmark,yaml,11520,199,True,False
scripts/benchmarks/agent_strategy/summarize_agent_strategy_benchmark.py,benchmark,py,11243,261,True,True
scripts/benchmarks/outbox/outbox_benchmark_worker.py,benchmark,py,4193,130,True,True
scripts/benchmarks/outbox/outbox_recovery_benchmark.py,benchmark,py,28013,697,True,True
scripts/benchmarks/temporal/activity_worker_recovery_benchmark.py,benchmark,py,31624,830,True,True
scripts/benchmarks/temporal/temporal_recovery_benchmark.py,benchmark,py,21334,591,True,True
scripts/bootstrap_identity.py,migration_admin,py,2248,68,True,True
scripts/capture_web_workflow_history.py,compatibility_inspection,py,5825,160,True,True
scripts/check_mcp_health.py,operations_development,py,14808,369,True,True
scripts/clear-all.sh,development_reset,sh,5655,142,True,False
scripts/clear-hindsight.sh,development_reset,sh,6680,200,True,False
scripts/clear-redis.sh,development_reset,sh,1349,43,True,False
scripts/clear-temporal.sh,development_reset,sh,4078,120,True,False
scripts/dev-reset.sh,development_reset,sh,7010,185,True,False
scripts/docker-offline-export.sh,operations_development,sh,2130,71,True,False
scripts/docker-offline-load.sh,operations_development,sh,1870,68,True,False
scripts/gateway-smoke.sh,smoke_probe,sh,4683,133,True,False
scripts/merge-account.py,compatibility_inspection,py,4795,134,True,True
scripts/migrate-memory-format.py,migration_admin,py,9684,264,True,True
scripts/migrate_web_credentials.py,migration_admin,py,2818,75,True,True
scripts/observability-viewer.py,operations_development,py,58997,833,True,True
scripts/release-smoke.sh,smoke_probe,sh,6236,144,True,False
scripts/session-viewer.py,operations_development,py,29341,642,True,True
scripts/start-all.sh,operations_development,sh,8463,237,True,False
scripts/start-mcp.sh,operations_development,sh,4239,102,True,False
scripts/test-compose-model-latency.sh,smoke_probe,sh,2789,93,True,False
scripts/test-fast-models.py,smoke_probe,py,10027,277,True,True
scripts/test-models.py,smoke_probe,py,16790,409,True,True
scripts/test-official-qq.py,smoke_probe,py,6478,176,True,True
scripts/ws_client.py,smoke_probe,py,2066,77,True,True
src/Dockerfile,deployment_configuration,text,1489,51,True,False
src/Dockerfile.document,deployment_configuration,document,518,20,True,False
src/Dockerfile.migrate,deployment_configuration,migrate,741,17,True,False
src/Dockerfile.web-api,deployment_configuration,web-api,275,10,True,False
src/__init__.py,backend_source,py,35,1,True,True
src/account/__init__.py,backend_source,py,303,7,True,True
src/account/account_service.py,backend_source,py,4309,111,True,True
src/account/bootstrap.py,backend_source,py,4881,129,True,True
src/account/credentials.py,backend_source,py,3232,87,True,True
src/account/identity.py,backend_source,py,812,25,True,True
src/account/identity_binding_service.py,backend_source,py,14321,365,True,True
src/account/models.py,backend_source,py,2089,53,True,True
src/account/postgres_account_service.py,backend_source,py,5246,117,True,True
src/account/registration_service.py,backend_source,py,2496,74,True,True
src/account/validation.py,backend_source,py,378,9,True,True
src/actions/__init__.py,backend_source,py,42,2,True,True
src/actions/runtime.py,backend_source,py,14590,373,True,True
src/agent/__init__.py,backend_source,py,3117,129,True,True
src/agent/adapters.py,backend_source,py,3248,100,True,True
src/agent/bus.py,backend_source,py,2558,71,True,True
src/agent/compensation.py,backend_source,py,1314,42,True,True
src/agent/composite.py,backend_source,py,2956,83,True,True
src/agent/context.py,backend_source,py,3042,84,True,True
src/agent/factory.py,backend_source,py,5675,177,True,True
src/agent/interfaces.py,backend_source,py,4569,149,True,True
src/agent/llm_agent.py,backend_source,py,7221,208,True,True
src/agent/orchestrator.py,backend_source,py,9610,239,True,True
src/agent/protocol.py,backend_source,py,2806,94,True,True
src/agent/registry.py,backend_source,py,2526,74,True,True
src/agent/runner.py,backend_source,py,7438,216,True,True
src/agent/strategies.py,backend_source,py,33656,944,True,True
src/agent/types.py,backend_source,py,11459,249,True,True
src/agent_activities/__init__.py,backend_source,py,312,11,True,True
src/agent_activities/persistent_overwrite.py,backend_source,py,4569,99,True,True
src/agent_activities/runtime.py,backend_source,py,66284,1499,True,True
src/agent_activities/side_effects.py,backend_source,py,1475,55,True,True
src/agent_activities/store.py,backend_source,py,17223,395,True,True
src/agent_execution/__init__.py,backend_source,py,49,1,True,True
src/agent_execution/audit.py,backend_source,py,2399,75,True,True
src/agent_execution/brain_action_loop.py,backend_source,py,30427,705,True,True
src/agent_execution/facade.py,backend_source,py,5036,186,True,True
src/agent_execution/model_budget_context.py,backend_source,py,1481,55,True,True
src/agent_execution/qq_host.py,backend_source,py,20342,593,True,True
src/agent_execution/run_budget.py,backend_source,py,11396,261,True,True
src/agent_execution/tracing/__init__.py,backend_source,py,971,29,True,True
src/agent_execution/tracing/context.py,backend_source,py,1097,40,True,True
src/agent_execution/tracing/instrumentation.py,backend_source,py,2312,78,True,True
src/agent_execution/tracing/lifecycle.py,backend_source,py,1570,58,True,True
src/agent_execution/tracing/metadata.py,backend_source,py,4066,106,True,True
src/agent_execution/tracing/models.py,backend_source,py,911,45,True,True
src/agent_execution/tracing/repository.py,backend_source,py,8576,192,True,True
src/agent_execution/tracing/sink.py,backend_source,py,7699,240,True,True
src/agent_execution/web_adapters.py,backend_source,py,6049,159,True,True
src/agent_execution/web_events.py,backend_source,py,7711,226,True,True
src/agent_execution/web_host.py,backend_source,py,6263,173,True,True
src/agent_workflows/__init__.py,backend_source,py,224,5,True,True
src/agent_workflows/agent_run.py,backend_source,py,1972,51,True,True
src/agent_workflows/agent_step.py,backend_source,py,4917,125,True,True
src/agent_workflows/contracts.py,backend_source,py,5957,275,True,True
src/agent_workflows/plan_execute.py,backend_source,py,9390,208,True,True
src/agent_workflows/react.py,backend_source,py,7572,191,True,True
src/agent_workflows/tool_execution.py,backend_source,py,4929,115,True,True
src/application/__init__.py,backend_source,py,41,2,True,True
src/application/context_assembly.py,backend_source,py,10093,258,True,True
src/application/conversation.py,backend_source,py,8500,247,True,True
src/application/identity_commands.py,backend_source,py,1867,54,True,True
src/application/ingress.py,backend_source,py,6375,165,True,True
src/application/memory.py,backend_source,py,7669,235,True,True
src/application/memory_reflection.py,backend_source,py,787,22,True,True
src/application/memory_retention.py,backend_source,py,5956,146,True,True
src/application/metrics.py,backend_source,py,349,12,True,True
src/application/reply.py,backend_source,py,6792,193,True,True
src/application/session_archive.py,backend_source,py,4553,127,True,True
src/bootstrap/__init__.py,backend_source,py,33,1,True,True
src/bootstrap/qq.py,backend_source,py,4476,125,True,True
src/brain/__init__.py,backend_source,py,105,5,True,True
src/brain/engine.py,backend_source,py,6532,192,True,True
src/channels/__init__.py,backend_source,py,1771,39,True,True
src/channels/base.py,backend_source,py,3593,110,True,True
src/channels/console.py,backend_source,py,4566,131,True,True
src/channels/napcat.py,backend_source,py,23197,543,True,True
src/channels/official_qq.py,backend_source,py,37915,905,True,True
src/channels/router.py,backend_source,py,2587,77,True,True
src/common/__init__.py,backend_source,py,823,36,True,True
src/common/errors.py,backend_source,py,6123,144,True,True
src/common/interfaces.py,backend_source,py,3388,111,True,True
src/common/logging.py,backend_source,py,4413,119,True,True
src/common/model_usage.py,backend_source,py,1313,37,True,True
src/common/token_counter.py,backend_source,py,2122,79,True,True
src/common/types.py,backend_source,py,13354,299,True,True
src/document_activities/__init__.py,backend_source,py,247,6,True,True
src/document_activities/contracts.py,backend_source,py,498,25,True,True
src/document_activities/runtime.py,backend_source,py,8755,206,True,True
src/entrypoint.sh,development_asset,sh,51,5,True,False
src/file_adapters/__init__.py,backend_source,py,634,23,True,True
src/file_adapters/docling.py,backend_source,py,3729,104,True,True
src/file_adapters/docx.py,backend_source,py,2384,67,True,True
src/file_adapters/gotenberg.py,backend_source,py,2692,62,True,True
src/file_adapters/markitdown.py,backend_source,py,1119,32,True,True
src/file_adapters/pdf.py,backend_source,py,2298,65,True,True
src/file_adapters/pptx.py,backend_source,py,1410,43,True,True
src/file_adapters/writers.py,backend_source,py,7691,198,True,True
src/file_adapters/xlsx.py,backend_source,py,1627,49,True,True
src/file_domain/__init__.py,backend_source,py,506,24,True,True
src/file_domain/approvals.py,backend_source,py,10965,243,True,True
src/file_domain/models.py,backend_source,py,3297,110,True,True
src/file_domain/persistence.py,backend_source,py,2049,49,True,True
src/file_domain/persistent.py,backend_source,py,14270,319,True,True
src/file_domain/providers.py,backend_source,py,548,19,True,True
src/file_domain/serialization.py,backend_source,py,2000,61,True,True
src/file_runtime/__init__.py,backend_source,py,395,11,True,True
src/file_runtime/output.py,backend_source,py,6458,148,True,True
src/file_runtime/registry.py,backend_source,py,2159,66,True,True
src/file_runtime/research_output.py,backend_source,py,1369,33,True,True
src/file_runtime/resolver.py,backend_source,py,1911,49,True,True
src/file_runtime/routing.py,backend_source,py,2423,58,True,True
src/harness/__init__.py,backend_source,py,152,5,True,True
src/harness/activities.py,backend_source,py,3439,100,True,True
src/harness/context_builder.py,backend_source,py,17637,400,True,True
src/harness/prompts.py,backend_source,py,6039,146,True,True
src/main.py,backend_source,py,2995,84,True,True
src/memory/__init__.py,backend_source,py,690,17,True,True
src/memory/group_context.py,backend_source,py,14081,357,True,True
src/memory/hindsight_client.py,backend_source,py,26910,662,True,True
src/orchestration/__init__.py,backend_source,py,887,25,True,True
src/orchestration/artifact_activities.py,backend_source,py,684,23,True,True
src/orchestration/artifact_dispatcher.py,backend_source,py,5230,112,True,True
src/orchestration/artifact_workflow.py,backend_source,py,1149,31,True,True
src/orchestration/config.py,backend_source,py,35405,810,True,True
src/orchestration/document_contracts.py,backend_source,py,120,3,True,True
src/orchestration/document_worker.py,backend_source,py,1728,56,True,True
src/orchestration/document_workflow.py,backend_source,py,786,24,True,True
src/orchestration/durable_web_workflow.py,backend_source,py,11510,215,True,True
src/orchestration/memory_retention_worker.py,backend_source,py,4053,101,True,True
src/orchestration/research_schedule.py,backend_source,py,4013,106,True,True
src/orchestration/research_workflow.py,backend_source,py,7054,191,True,True
src/orchestration/scheduler.py,backend_source,py,11484,301,True,True
src/orchestration/web_activities.py,backend_source,py,9090,269,True,True
src/orchestration/web_dispatcher.py,backend_source,py,16246,356,True,True
src/orchestration/web_reconcile_adapters.py,backend_source,py,970,25,True,True
src/orchestration/web_reconciler.py,backend_source,py,4819,119,True,True
src/orchestration/web_worker.py,backend_source,py,7610,188,True,True
src/orchestration/web_workers.py,backend_source,py,8494,197,True,True
src/orchestration/web_workflow.py,backend_source,py,9348,206,True,True
src/orchestration/worker.py,backend_source,py,55160,1370,True,True
src/orchestration/workflow.py,backend_source,py,9713,248,True,True
src/persistence/__init__.py,backend_source,py,66,1,True,True
src/persistence/migrate.py,backend_source,py,2386,57,True,True
src/persistence/repositories.py,backend_source,py,24934,550,True,True
src/persistence/uow.py,backend_source,py,2715,87,True,True
src/requirements-document.txt,deployment_configuration,txt,320,9,True,False
src/requirements.txt,deployment_configuration,txt,562,30,True,False
src/research_activities/__init__.py,backend_source,py,111,5,True,True
src/research_activities/runtime.py,backend_source,py,34938,807,True,True
src/research_adapters/__init__.py,backend_source,py,670,25,True,True
src/research_adapters/discovery.py,backend_source,py,8737,221,True,True
src/research_adapters/synthesis.py,backend_source,py,3228,76,True,True
src/research_adapters/web.py,backend_source,py,8828,243,True,True
src/research_domain/__init__.py,backend_source,py,503,27,True,True
src/research_domain/models.py,backend_source,py,5721,191,True,True
src/research_domain/persistence.py,backend_source,py,23616,538,True,True
src/research_domain/providers.py,backend_source,py,884,37,True,True
src/research_domain/services.py,backend_source,py,14338,355,True,True
src/resources/__init__.py,backend_source,py,545,13,True,True
src/resources/credentials.py,backend_source,py,7189,181,True,True
src/resources/embedding.py,backend_source,py,5173,145,True,True
src/resources/model_client.py,backend_source,py,29717,673,True,True
src/resources/reranker.py,backend_source,py,5091,152,True,True
src/resources/resource_pool.py,backend_source,py,12166,272,True,True
src/sandbox/__init__.py,backend_source,py,1081,25,True,True
src/sandbox/git_repo.py,backend_source,py,11478,251,True,True
src/sandbox/nsjail.py,backend_source,py,5951,181,True,True
src/sandbox/sandbox.py,backend_source,py,7815,204,True,True
src/sandbox/sandbox_manager.py,backend_source,py,14000,342,True,True
src/sandbox/tools/__init__.py,backend_source,py,496,16,True,True
src/sandbox/tools/adapters/__init__.py,backend_source,py,88,3,True,True
src/sandbox/tools/adapters/mcp.py,backend_source,py,59030,1545,True,True
src/sandbox/tools/local/__init__.py,backend_source,py,742,21,True,True
src/sandbox/tools/local/_path_utils.py,backend_source,py,2128,52,True,True
src/sandbox/tools/local/bash.py,backend_source,py,2375,70,True,True
src/sandbox/tools/local/file_analysis.py,backend_source,py,13758,356,True,True
src/sandbox/tools/local/file_read.py,backend_source,py,10456,259,True,True
src/sandbox/tools/local/file_write.py,backend_source,py,15002,338,True,True
src/sandbox/tools/local/fs_edit.py,backend_source,py,2307,61,True,True
src/sandbox/tools/local/fs_read.py,backend_source,py,2700,68,True,True
src/sandbox/tools/local/fs_write.py,backend_source,py,960,28,True,True
src/sandbox/tools/local/glob_.py,backend_source,py,1743,54,True,True
src/sandbox/tools/local/grep.py,backend_source,py,3067,84,True,True
src/sandbox/tools/local/reminder.py,backend_source,py,10168,263,True,True
src/sandbox/tools/registry.py,backend_source,py,5601,136,True,True
src/sandbox/tools/retriever.py,backend_source,py,12170,284,True,True
src/sandbox/tools/routing/__init__.py,backend_source,py,372,11,True,True
src/sandbox/tools/routing/capability.py,backend_source,py,1745,28,True,True
src/sandbox/tools/routing/context.py,backend_source,py,1325,30,True,True
src/sandbox/tools/routing/contracts.py,backend_source,py,4942,115,True,True
src/sandbox/tools/routing/models.py,backend_source,py,3140,113,True,True
src/sandbox/tools/routing/policy.py,backend_source,py,1674,44,True,True
src/sandbox/tools/routing/projector.py,backend_source,py,1085,24,True,True
src/sandbox/tools/routing/router.py,backend_source,py,3538,51,True,True
src/sandbox/tools/skills/__init__.py,backend_source,py,496,15,True,True
src/sandbox/tools/skills/engine.py,backend_source,py,6202,186,True,True
src/sandbox/tools/skills/installer.py,backend_source,py,4188,139,True,True
src/sandbox/tools/skills/skillmd.py,backend_source,py,3689,94,True,True
src/sandbox/tools/types.py,backend_source,py,1004,32,True,True
src/session/__init__.py,backend_source,py,349,16,True,True
src/session/db.py,backend_source,py,5316,153,True,True
src/session/models.py,backend_source,py,3215,90,True,True
src/session/store.py,backend_source,py,31152,736,True,True
src/session/workspace.py,backend_source,py,10758,301,True,True
src/storage/__init__.py,backend_source,py,383,15,True,True
src/storage/file_store.py,backend_source,py,5929,146,True,True
src/storage/protocols.py,backend_source,py,4356,105,True,True
src/storage/redis.py,backend_source,py,7440,192,True,True
src/storage/tenant_file_store.py,backend_source,py,11097,297,True,True
src/web_api/__init__.py,backend_source,py,157,6,True,True
src/web_api/__main__.py,backend_source,py,566,25,True,True
src/web_api/app.py,backend_source,py,48954,1148,True,True
src/web_api/auth.py,backend_source,py,6487,159,True,True
src/web_api/config.py,backend_source,py,9272,184,True,True
src/web_api/fake_executor.py,backend_source,py,7545,184,True,True
src/web_api/models.py,backend_source,py,2382,79,True,True
src/web_api/queries.py,backend_source,py,14520,352,True,True
src/web_api/security.py,backend_source,py,2429,71,True,True
src/web_api/sse.py,backend_source,py,15885,404,True,True
src/web_api/terminal_publisher.py,backend_source,py,6241,167,True,True
src/web_artifacts/__init__.py,backend_source,py,141,5,True,True
src/web_artifacts/build.py,backend_source,py,4754,90,True,True
src/web_artifacts/generator.py,backend_source,py,4094,77,True,True
src/web_artifacts/models.py,backend_source,py,336,13,True,True
src/web_artifacts/outbox.py,backend_source,py,3769,72,True,True
src/web_artifacts/services.py,backend_source,py,12597,265,True,True
src/web_domain/__init__.py,backend_source,py,81,1,True,True
src/web_domain/errors.py,backend_source,py,1032,68,True,True
src/web_domain/failures.py,backend_source,py,371,13,True,True
src/web_domain/file_cleanup.py,backend_source,py,2822,75,True,True
src/web_domain/file_services.py,backend_source,py,11408,270,True,True
src/web_domain/lifecycle.py,backend_source,py,6428,150,True,True
src/web_domain/outbox.py,backend_source,py,5844,136,True,True
src/web_domain/run_usage_projection.py,backend_source,py,3878,106,True,True
src/web_domain/services.py,backend_source,py,29317,627,True,True
src/web_domain/sessions.py,backend_source,py,3049,76,True,True
src/web_domain/workflow_execution.py,backend_source,py,5501,117,True,True
src/workspace/__init__.py,backend_source,py,474,19,True,True
src/workspace/file_capability_config.py,backend_source,py,3872,90,True,True
src/workspace/file_scope.py,backend_source,py,8473,196,True,True
src/workspace/isolation.py,backend_source,py,12444,313,True,True
test/benchmarks/test_agent_strategy_benchmark_scripts.py,test,py,11019,309,True,True
test/fixtures/temporal/README.md,test,md,2605,44,True,False
test/fixtures/temporal/web_run_workflow_v1_completed.json,test,json,11010,352,True,False
test/support/durable_worker_process.py,test,py,13887,384,True,True
test/support/f4_e2e_model.py,test,py,2864,73,True,True
test/support/research_worker_process.py,test,py,3590,93,True,True
test/test_action_result_semantics.py,test,py,1407,47,True,True
test/test_agent/__init__.py,test,py,0,0,True,True
test/test_agent/conftest.py,test,py,1009,31,True,True
test/test_agent/test_adapters.py,test,py,1242,32,True,True
test/test_agent/test_bus.py,test,py,1507,49,True,True
test/test_agent/test_compensation.py,test,py,983,32,True,True
test/test_agent/test_composite.py,test,py,5567,135,True,True
test/test_agent/test_context.py,test,py,4011,110,True,True
test/test_agent/test_council.py,test,py,4636,113,True,True
test/test_agent/test_factory.py,test,py,4562,117,True,True
test/test_agent/test_integration.py,test,py,7203,191,True,True
test/test_agent/test_interfaces.py,test,py,2605,88,True,True
test/test_agent/test_llm_agent.py,test,py,7306,210,True,True
test/test_agent/test_orchestrator.py,test,py,15818,420,True,True
test/test_agent/test_real_llm.py,test,py,9373,224,True,True
test/test_agent/test_registry.py,test,py,2980,89,True,True
test/test_agent/test_runner.py,test,py,5999,182,True,True
test/test_agent/test_strategies.py,test,py,6596,186,True,True
test/test_agent/test_supervisor.py,test,py,3441,83,True,True
test/test_agent/test_types.py,test,py,5855,185,True,True
test/test_application_services.py,test,py,2762,91,True,True
test/test_context_assembly.py,test,py,3140,79,True,True
test/test_document_temporal_integration.py,test,py,4135,109,True,True
test/test_document_worker.py,test,py,5582,147,True,True
test/test_document_worker_migration_contract.py,test,py,1069,24,True,True
test/test_durable_agent_contract.py,test,py,4690,128,True,True
test/test_durable_agent_hardening.py,test,py,22351,690,True,True
test/test_durable_agent_temporal_integration.py,test,py,5539,194,True,True
test/test_durable_agent_worker_kill.py,test,py,5496,166,True,True
test/test_file_action_approval_contract.py,test,py,2281,53,True,True
test/test_file_analysis_tools.py,test,py,5664,143,True,True
test/test_file_assistant_f0.py,test,py,5329,136,True,True
test/test_file_capability_config.py,test,py,3340,98,True,True
test/test_file_cleanup.py,test,py,1741,48,True,True
test/test_file_lineage_migration_contract.py,test,py,836,17,True,True
test/test_file_output.py,test,py,4094,106,True,True
test/test_file_read_tools.py,test,py,8695,231,True,True
test/test_file_upload_contract.py,test,py,1320,38,True,True
test/test_file_version_tools.py,test,py,4700,115,True,True
test/test_file_workspace_migration_contract.py,test,py,1898,49,True,True
test/test_file_workspace_security.py,test,py,3053,83,True,True
test/test_hindsight.py,test,py,6286,193,True,True
test/test_hindsight_retain_document.py,test,py,4725,150,True,True
test/test_identity_command_interception.py,test,py,2782,94,True,True
test/test_logging.py,test,py,4567,140,True,True
test/test_mcp_health_script.py,test,py,1629,48,True,True
test/test_model_configuration.py,test,py,5017,168,True,True
test/test_nsjail.py,test,py,6600,205,True,True
test/test_observability_preflight.py,test,py,11008,325,True,True
test/test_observability_viewer.py,test,py,18030,419,True,True
test/test_qq_execution_compat.py,test,py,7171,242,True,True
test/test_qq_retention_document.py,test,py,2724,85,True,True
test/test_research_domain.py,test,py,13251,384,True,True
test/test_research_schedule.py,test,py,2133,70,True,True
test/test_research_temporal_contract.py,test,py,2806,83,True,True
test/test_research_temporal_integration.py,test,py,6359,192,True,True
test/test_research_worker_kill.py,test,py,2434,66,True,True
test/test_run_budget.py,test,py,10063,276,True,True
test/test_run_file_workspace.py,test,py,4494,96,True,True
test/test_tenant_file_store.py,test,py,3177,94,True,True
test/test_tool_execution_approval_temporal.py,test,py,4576,129,True,True
test/test_tool_router.py,test,py,10764,236,True,True
test/test_tool_vector_store.py,test,py,4506,145,True,True
test/test_trace_events.py,test,py,16774,544,True,True
test/test_unbound_identity.py,test,py,8145,233,True,True
test/test_web_artifacts.py,test,py,3635,116,True,True
test/test_web_background_tasks.py,test,py,7406,235,True,True
test/test_web_outbox_recovery.py,test,py,4929,124,True,True
test/test_web_temporal_contract.py,test,py,47996,1515,True,True
test/test_web_temporal_integration.py,test,py,11806,322,True,True
test/test_web_temporal_replay.py,test,py,4959,115,True,True
test/test_worker_identity_config.py,test,py,936,25,True,True
test/test_workspace.py,test,py,3852,119,True,True
test/test_workspace_isolation.py,test,py,2208,67,True,True
test/test_workspace_provisioning.py,test,py,7532,190,True,True
test/web_api/conftest.py,test,py,5489,167,True,True
test/web_api/test_binary_file_upload.py,test,py,5345,142,True,True
test/web_api/test_config.py,test,py,6063,181,True,True
test/web_api/test_file_protocol_middleware.py,test,py,1911,53,True,True
test/web_api/test_identity_self_service.py,test,py,5109,143,True,True
test/web_api/test_phase_b_api.py,test,py,18874,478,True,True
test/web_api/test_research_file_composition.py,test,py,5915,146,True,True
test/web_api/test_sse_gateway.py,test,py,31046,798,True,True
test/web_persistence/__init__.py,test,py,0,0,True,True
test/web_persistence/conftest.py,test,py,1723,55,True,True
test/web_persistence/test_agent_trace.py,test,py,1949,45,True,True
test/web_persistence/test_bootstrap_identity.py,test,py,4303,128,True,True
test/web_persistence/test_command_service.py,test,py,3185,84,True,True
test/web_persistence/test_document_worker_persistence.py,test,py,2950,72,True,True
test/web_persistence/test_durable_agent_activity_worker_kill.py,test,py,6776,202,True,True
test/web_persistence/test_durable_agent_hardening.py,test,py,1728,50,True,True
test/web_persistence/test_f4_2_approval_temporal.py,test,py,4899,127,True,True
test/web_persistence/test_file_action_approvals.py,test,py,6184,154,True,True
test/web_persistence/test_file_cleanup.py,test,py,3239,95,True,True
test/web_persistence/test_file_lineage.py,test,py,7222,159,True,True
test/web_persistence/test_file_output_persistence.py,test,py,5277,128,True,True
test/web_persistence/test_identity_self_service.py,test,py,8572,209,True,True
test/web_persistence/test_memory_retention.py,test,py,4714,120,True,True
test/web_persistence/test_outbox_and_lifecycle.py,test,py,20115,493,True,True
test/web_persistence/test_permissions.py,test,py,3035,71,True,True
test/web_persistence/test_persistent_web_files.py,test,py,11007,246,True,True
test/web_persistence/test_phase_a_hardening.py,test,py,18189,448,True,True
test/web_persistence/test_phase_a_invariants.py,test,py,15550,380,True,True
test/web_persistence/test_phase_c_context.py,test,py,2984,66,True,True
test/web_persistence/test_phase_c_sessions.py,test,py,2310,57,True,True
test/web_persistence/test_postgres_account_service.py,test,py,4246,109,True,True
test/web_persistence/test_research_r0_r2.py,test,py,20359,462,True,True
test/web_persistence/test_research_schedule_temporal_integration.py,test,py,3443,90,True,True
test/web_persistence/test_run_budget.py,test,py,5984,167,True,True
test/web_persistence/test_schema_contract.py,test,py,3465,51,True,True
test/web_persistence/test_web_artifacts.py,test,py,7752,194,True,True
test/web_persistence/test_web_temporal_e2e.py,test,py,5418,146,True,True
test/web_persistence/test_web_temporal_lifecycle.py,test,py,2593,76,True,True
test/web_persistence/test_workspace_provisioning_integration.py,test,py,5306,155,True,True
tools/examples/daily_report.prototype.yaml,operations_development,yaml,388,11,True,False
tools/skills/pdf-processing/SKILL.md,operations_development,md,1289,36,True,False
web/.dockerignore,frontend_build,text,181,9,True,False
web/.gitignore,frontend_build,text,253,20,True,False
web/.npmrc,frontend_build,text,238,6,True,False
web/.prettierignore,frontend_build,text,45,4,True,False
web/.prettierrc.json,frontend_build,json,132,8,True,False
web/Dockerfile,deployment_configuration,text,681,26,True,False
web/e2e/a11y.spec.ts,test,ts,1672,33,True,True
web/e2e/artifact.spec.ts,test,ts,1220,26,True,True
web/e2e/auth.spec.ts,test,ts,2655,55,True,True
web/e2e/conversation.spec.ts,test,ts,1031,31,True,True
web/e2e/disconnect.spec.ts,test,ts,1171,27,True,True
web/e2e/f4-approval.spec.ts,test,ts,4471,103,True,True
web/e2e/helpers.ts,test,ts,2566,57,True,True
web/e2e/markdown.spec.ts,test,ts,1169,33,True,True
web/e2e/multi-tab.spec.ts,test,ts,2407,60,True,True
web/e2e/stop-retry.spec.ts,test,ts,1165,30,True,True
web/eslint.config.js,frontend_build,js,747,25,True,True
web/index.html,frontend_build,html,297,12,True,False
web/nginx.conf,frontend_build,conf,3073,90,True,False
web/package-lock.json,frontend_build,json,269760,7425,True,False
web/package.json,frontend_build,json,1435,52,True,False
web/playwright.config.ts,frontend_build,ts,1763,49,True,True
web/playwright.live.config.ts,frontend_build,ts,374,12,True,True
web/scripts/e2e-backend.sh,operations_development,sh,4627,118,True,False
web/scripts/e2e-f4.sh,operations_development,sh,957,30,True,False
web/src/App.test.tsx,test,tsx,5994,167,True,True
web/src/App.tsx,frontend_source,tsx,5089,145,True,True
web/src/adapters/assistant-ui/HpThread.tsx,frontend_source,tsx,8150,205,True,True
web/src/adapters/assistant-ui/runtime.ts,frontend_source,ts,2666,86,True,True
web/src/adapters/assistant-ui/types.test.ts,test,ts,2851,84,True,True
web/src/adapters/assistant-ui/types.ts,frontend_source,ts,1546,40,True,True
web/src/api/client.test.ts,test,ts,12446,325,True,True
web/src/api/client.ts,frontend_source,ts,9144,280,True,True
web/src/api/resources.ts,frontend_source,ts,7495,265,True,True
web/src/api/types.ts,frontend_source,ts,7001,295,True,True
web/src/components/ApprovalCard.test.tsx,test,tsx,3262,79,True,True
web/src/components/ApprovalCard.tsx,frontend_source,tsx,3353,92,True,True
web/src/components/ArtifactPanel.tsx,frontend_source,tsx,3350,93,True,True
web/src/components/ArtifactPreview.test.tsx,test,tsx,640,13,True,True
web/src/components/ArtifactPreview.tsx,frontend_source,tsx,1326,44,True,True
web/src/components/ChatPane.tsx,frontend_source,tsx,6540,175,True,True
web/src/components/ConversationSidebar.tsx,frontend_source,tsx,3558,110,True,True
web/src/components/LoginForm.test.tsx,test,tsx,2116,51,True,True
web/src/components/LoginForm.tsx,frontend_source,tsx,4678,139,True,True
web/src/components/QQBindingPanel.tsx,frontend_source,tsx,3467,105,True,True
web/src/components/RegistrationQqGate.tsx,frontend_source,tsx,1039,30,True,True
web/src/components/RunStatus.test.tsx,test,tsx,3834,124,True,True
web/src/components/RunStatus.tsx,frontend_source,tsx,4179,120,True,True
web/src/components/progressLabels.ts,frontend_source,ts,1120,30,True,True
web/src/components/trace/TraceDetail.tsx,frontend_source,tsx,3051,99,True,True
web/src/components/trace/TracePanel.tsx,frontend_source,tsx,2878,75,True,True
web/src/components/trace/TraceTree.tsx,frontend_source,tsx,3817,129,True,True
web/src/components/trace/traceStore.test.ts,test,ts,2444,82,True,True
web/src/components/trace/traceStore.ts,frontend_source,ts,5250,174,True,True
web/src/main.tsx,frontend_source,tsx,524,19,True,True
web/src/sse/runFeed.test.ts,test,ts,11916,353,True,True
web/src/sse/runFeed.ts,frontend_source,ts,12725,391,True,True
web/src/sse/sseClient.test.ts,test,ts,5280,155,True,True
web/src/sse/sseClient.ts,frontend_source,ts,5113,149,True,True
web/src/store/artifacts.test.ts,test,ts,5481,157,True,True
web/src/store/artifacts.ts,frontend_source,ts,9233,241,True,True
web/src/store/auth.ts,frontend_source,ts,1967,80,True,True
web/src/store/workbench.test.ts,test,ts,28842,850,True,True
web/src/store/workbench.ts,frontend_source,ts,28941,794,True,True
web/src/styles.css,frontend_source,css,12860,783,True,False
web/src/test/setup.ts,test,ts,852,28,True,True
web/src/utils/idempotency.test.ts,test,ts,1058,28,True,True
web/src/utils/idempotency.ts,frontend_source,ts,829,27,True,True
web/src/utils/tokenUsage.ts,frontend_source,ts,393,11,True,True
web/src/vite-env.d.ts,frontend_source,ts,38,1,True,True
web/tsconfig.json,frontend_build,json,700,27,True,False
web/tsconfig.node.json,frontend_build,json,592,17,True,False
web/vite.config.ts,frontend_build,ts,769,25,True,True
