
> hpagent-web@0.1.0 test
> vitest run --maxWorkers=1 --testTimeout=15000


 RUN  v4.1.10 /home/hp/workspace/HpAgent_web/web

 ❯ src/App.recovery.test.tsx (14 tests | 8 failed) 10181ms
     × refreshes the same work ID and displays the new record 1027ms
     × recovers a failed lookup by submitting the same work ID 1017ms
     × ignores a late A success after a successful B lookup 1014ms
     × ignores a late A failure after a successful B lookup 1022ms
     × keeps the newer same-ID lookup when the earlier response arrives last 1012ms
     × keeps the current B error when an older A lookup succeeds late 1012ms
     × rejects whitespace-only work IDs without dispatching a request 1016ms
     × does not restore lookup results or an Inspector after expiry overtakes the response 1010ms

⎯⎯⎯⎯⎯⎯⎯ Failed Tests 8 ⎯⎯⎯⎯⎯⎯⎯

 FAIL  src/App.recovery.test.tsx > UI1-R02 work Run lookup submissions > refreshes the same work ID and displays the new record
TestingLibraryElementError: Unable to find an element with the text: 执行记录与诊断, which matches selector 'summary'. This could be because the text is broken up by multiple elements. In this case, you can provide a function for your text matcher to make your matcher more flexible.

Ignored nodes: comments, script, style
[36m<body>[39m
  [36m<div>[39m
    [36m<div[39m
      [33mclass[39m=[32m"hp-shell "[39m
    [36m>[39m
      [36m<div[39m
        [33mclass[39m=[32m"hp-rail"[39m
      [36m>[39m
        [36m<span[39m
          [33maria-label[39m=[32m"HpAgent"[39m
          [33mclass[39m=[32m"hp-brand"[39m
        [36m>[39m
          [0mH[0m
        [36m</span>[39m
        [36m<nav[39m
          [33maria-label[39m=[32m"主导航"[39m
        [36m>[39m
          [36m<button[39m
            [33maria-label[39m=[32m"AI"[39m
            [33mtitle[39m=[32m"AI"[39m
          [36m>[39m
            [36m<svg[39m
              [33maria-hidden[39m=[32m"true"[39m
              [33mclass[39m=[32m"lucide lucide-bot"[39m
              [33mfill[39m=[32m"none"[39m
              [33mheight[39m=[32m"24"[39m
              [33mstroke[39m=[32m"currentColor"[39m
              [33mstroke-linecap[39m=[32m"round"[39m
              [33mstroke-linejoin[39m=[32m"round"[39m
              [33mstroke-width[39m=[32m"2"[39m
              [33mviewBox[39m=[32m"0 0 24 24"[39m
              [33mwidth[39m=[32m"24"[39m
              [33mxmlns[39m=[32m"http://www.w3.org/2000/svg"[39m
            [36m>[39m
              [36m<path[39m
                [33md[39m=[32m"M12 8V4H8"[39m
              [36m/>[39m
              [36m<rect[39m
                [33mheight[39m=[32m"12"[39m
                [33mrx[39m=[32m"2"[39m
                [33mwidth[39m=[32m"16"[39m
                [33mx[39m=[32m"4"[39m
                [33my[39m=[32m"8"[39m
              [36m/>[39m
              [36m<path[39m
                [33md[39m=[32m"M2 14h2"[39m
              [36m/>[39m
              [36m<path[39m
                [33md[39m=[32m"M20 14h2"[39m
              [36m/>[39m
              [36m<path[39m
                [33md[39m=[32m"M15 13v2"[39m
              [36m/>[39m
              [36m<path[39m
                [33md[39m=[32m"M9 13v2"[39m
              [36m/>[39m
            [36m</svg>[39m
            [36m<span>[39m
              [0mAI[0m
            [36m</span>[39m
          [36m</button>[39m
          [36m<button[39m
            [33maria-label[39m=[32m"空间"[39m
            [33mtitle[39m=[32m"空间"[39m
          [36m>[39m
            [36m<svg[39m
              [33maria-hidden[39m=[32m"true"[39m
              [33mclass[39m=[32m"lucide lucide-folder"[39m
              [33mfill[39m=[32m"none"[39m
              [33mheight[39m=[32m"24"[39m
              [33mstroke[39m=[32m"currentColor"[39m
              [33mstroke-linecap[39m=[32m"round"[39m
              [33mstroke-linejoin[39m=[32m"round"[39m
              [33mstroke-width[39m=[32m"2"[39m
              [33mviewBox[39m=[32m"0 0 24 24"[39m
              [33mwidth[39m=[32m"24"[39m
              [33mxmlns[39m=[32m"http://www.w3.org/2000/svg"[39m
            [36m>[39m
              [36m<path[39m
                [33md[39m=[32m"M20 20a2 2 0 0 0 2-2V8a2 2 0 0 0-2-2h-7.9a2 2 0 0 1-1.69-.9L9.6 3.9A2 2 0 0 0 7.93 3H4a2 2 0 0 0-2 2v13a2 2 0 0 0 2 2Z"[39m
              [36m/>[39m
            [36m</svg>[39m
            [36m<span>[39m
              [0m空间[0m
            [36m</span>[39m
          [36m</button>[39m
          [36m<button[39m
            [33maria-current[39m=[32m"page"[39m
            [33maria-label[39m=[32m"任务"[39m
            [33mtitle[39m=[32m"任务"[39m
          [36m>[39m
            [36m<svg[39m
              [33maria-hidden[39m=[32m"true"[39m
              [33mclass[39m=[32m"lucide lucide-list-todo"[39m
              [33mfill[39m=[32m"none"[39m
              [33mheight[39m=[32m"24"[39m
              [33mstroke[39m=[32m"currentColor"[39m
              [33mstroke-linecap[39m=[32m"round"[39m
              [33mstroke-linejoin[39m=[32m"round"[39m
              [33mstroke-width[39m=[32m"2"[39m
              [33mviewBox[39m=[32m"0 0 24 24"[39m
              [33mwidth[39m=[32m"24"[39m
              [33mxmlns[39m=[32m"http://www.w3.org/2000/svg"[39m
            [36m>[39m
              [36m<path[39m
                [33md[39m=[32m"M13 5h8"[39m
              [36m/>[39m
              [36m<path[39m
                [33md[39m=[32m"M13 12h8"[39m
              [36m/>[39m
              [36m<path[39m
                [33md[39m=[32m"M13 19h8"[39m
              [36m/>[39m
              [36m<path[39m
                [33md[39m=[32m"m3 17 2 2 4-4"[39m
              [36m/>[39m
              [36m<rect[39m
                [33mheight[39m=[32m"6"[39m
                [33mrx[39m=[32m"1"[39m
                [33mwidth[39m=[32m"6"[39m
                [33mx[39m=[32m"3"[39m
                [33my[39m=[32m"4"[39m
              [36m/>[39m
            [36m</svg>[39m
            [36m<span>[39m
              [0m任务[0m
            [36m</span>[39m
          [36m</button>[39m
        [36m</nav>[39m
        [36m<button[39m
          [33maria-label[39m=[32m"账户设置"[39m
          [33mclass[39m=[32m"hp-account-button"[39m
          [33mtitle[39m=[32m"账户设置"[39m
        [36m>[39m
          [36m<svg[39m
            [33maria-hidden[39m=[32m"true"[39m
            [33mclass[39m=[32m"lucide lucide-user-round"[39m
            [33mfill[39m=[32m"none"[39m
            [33mheight[39m=[32m"24"[39m
            [33mstroke[39m=[32m"currentColor"[39m
            [33mstroke-linecap[39m=[32m"round"[39m
            [33mstroke-linejoin[39m=[32m"round"[39m
            [33mstroke-width[39m=[32m"2"[39m
            [33mviewBox[39m=[32m"0 0 24 24"[39m
            [33mwidth[39m=[32m"24"[39m
            [33mxmlns[39m=[32m"http://www.w3.org/2000/svg"[39m
          [36m>[39m
            [36m<circle[39m
              [33mcx[39m=[32m"12"[39m
              [33mcy[39m=[32m"8"[39m
              [33mr[39m=[32m"5"[39m
            [36m/>[39m
            [36m<path[39m
              [33md[39m=[32m"M20 21a8 8 0 0 0-16 0"[39m
            [36m/>[39m
          [36m</svg>[39m
        [36m</button>[39m
      [36m</div>[39m
      [36m<aside[39m
        [33maria-label[39m=[32m"上下文导航"[39m
        [33mclass[39m=[32m"hp-context-sidebar"[39m
      [36m>[39m
        [36m<nav[39m
          [33maria-label[39m=[32m"任务分类"[39m
          [33mclass[39m=[32m"hp-task-sidebar"[39m
        [36m>[39m
          [36m<h2>[39m
            [0m任务中心[0m
          [36m</h2>[39m
          [36m<p[39m
            [33mclass[39m=[32m"hp-muted"[39m
          [36m>[39m
            [0m本轮已遍历的任务[0m
          [36m</p>[39m
          [36m<button[39m
            [33maria-current[39m=[32m"page"[39m
          [36m>[39m
            [36m<span>[39m
              [0m需要我处理[0m
            [36m</span>[39m
            [36m<strong>[39m
              [0m0[0m
            [36m</strong>[39m
          [36m</button>[39m
          [36m<button>[39m
            [36m<span>[39m
              [0m进行中[0m
            [36m</span>[39m
            [36m<strong>[39m
              [0m0[0m
            [36m</strong>[39m
          [36m</button>[39m
          [36m<button>[39m
            [36m<span>[39m
              [0m等待或已计划[0m
            [36m</span>[39m
            [36m<strong>[39m
              [0m0[0m
            [36m</strong>[39m
          [36m</button>[39m
          [36m<button>[39m
            [36m<span>[39m
              [0m已结束[0m
            [36m</span>[39m
            [36m<strong>[39m
              [0m0[0m
            [36m</strong>[39m
          [36m</button>[39m
        [36m</nav>[39m
      [36m</aside>[39m
      [36m<main[39m
        [33mclass[39m=[32m"hp-main-canvas"[39m
      [36m>[39m
        [36m<header[39m
          [33mclass[39m=[32m"hp-canvas-header"[39m
        [36m>[39m
          [36m<button[39m
            [33maria-label[39m=[32m"打开侧栏"[39m
            [33mclass[39m=[32m"hp-sidebar-toggle"[39m
            [33mtitle[39m=[32m"打开侧栏"[39m
          [36m>[39m
            [36m<svg[39m
              [33maria-hidden[39m=[32m"true"[39m
              [33mclass[39m=[32m"lucide lucide-menu"[39m
              [33mfill[39m=[32m"none"[39m
              [33mheight[39m=[32m"24"[39m
              [33mstroke[39m=[32m"currentColor"[39m
              [33mstroke-linecap[39m=[32m"round"[39m
              [33mstroke-linejoin[39m=[32m"round"[39m
              [33mstroke-width[39m=[32m"2"[39m
              [33mviewBox[39m=[32m"0 0 24 24"[39m
              [33mwidth[39m=[32m"24"[39m
              [33mxmlns[39m=[32m"http://www.w3.org/2000/svg"[39m
            [36m>[39m
              [36m<path[39m
                [33md[39m=[32m"M4 5h16"[39m
              [36m/>[39m
              [36m<path[39m
                [33md[39m=[32m"M4 12h16"[39m
              [36m/>[39m
              [36m<path[39m
                [33md[39m=[32m"M4 19h16"[39m
              [36m/>[39m
            [36m</svg>[39m
          [36m</button>[39m
          [36m<h1[39m
            [33mid[39m=[32m"canvas-title"[39m
            [33mtabindex[39m=[32m"-1"[39m
          [36m>[39m
            [0m任务[0m
          [36m</h1>[39m
        [36m</header>[39m
        [36m<section[39m
          [33maria-label[39m=[32m"对话页面"[39m
          [33mclass[39m=[32m"hp-shell-chat"[39m
          [33mhidden[39m=[32m""[39m
        [36m>[39m
          [36m<div[39m
            [33mclass[39m=[32m"rt-Flex rt-r-fd-column"[39m
            [33mstyle[39m=[32m"height: 100%;"[39m
          [36m>[39m
            [36m<div[39m
              [33mclass[39m=[32m"rt-Box"[39m
              [33mstyle[39m=[32m"flex: 1 1 0%; min-height: 0px; display: flex; flex-direction: column;"[39m
            [36m>[39m
              [36m<div[39m
                [33mclass[39m=[32m"hp-thread"[39m
              [36m>[39m
                [36m<div[39m
                  [33mclass[39m=[32m"hp-thread__viewport"[39m
                [36m>[39m
                  [36m<div[39m
                    [33mclass[39m=[32m"rt-Flex rt-r-ai-center rt-r-jc-center"[39m
                    [33mstyle[39m=[32m"height: 100%; padding: 24px;"[39m
                  [36m>[39m
                    [36m<span[39m
                      [33mclass[39m=[32m"rt-Text rt-r-size-3"[39m
                      [33mdata-accent-color[39m=[32m"gray"[39m
                    [36m>[39m
                      [0m开始新的对话吧[0m
                    [36m</span>[39m
                  [36m</div>[39m
                [36m</div>[39m
                [36m<form[39m
                  [33mclass[39m=[32m"hp-composer"[39m
                [36m>[39m
                  [36m<div[39m
                    [33mclass[39m=[32m"hp-conversation-resources"[39m
                  [36m>[39m
                    [36m<div[39m
                      [33maria-label[39m=[32m"长期授权资料"[39m
                      [33mclass[39m=[32m"hp-resource-chips"[39m
                    [36m>[39m
                      [36m<button[39m
                        [33mtype[39m=[32m"button"[39m
                      [36m>[39m
                        [0m使用资料[0m
                      [36m</button>[39m
                    [36m</div>[39m
                  [36m</div>[39m
                  [36m<textarea[39m
                    [33maria-label[39m=[32m"消息输入"[39m
                    [33mclass[39m=[32m"hp-composer__input"[39m
                    [33mplaceholder[39m=[32m"输入消息，Enter 发送"[39m
                  [36m/>[39m
                  [36m<div[39m
                    [33mclass[39m=[32m"rt-Flex rt-r-ai-center rt-r-gap-2 hp-composer__actions"[39m
                  [36m>[39m
                    [0m [0m
                    [36m<select[39m
                      [33maria-label[39m=[32m"执行模式"[39m
                    [36m>[39m
                      [36m<option[39m
                        [33mvalue[39m=[32m"react"[39m
                      [36m>[39m
                        [0m快速[0m
                      [36m</option>[39m
                    [36m</select>[39m
                    [36m<button[39m
                      [33mclass[39m=[32m"hp-composer__send"[39m
                      [33mdisabled[39m=[32m""[39m
                      [33mtype[39m=[32m"submit"[39m
                    [36m>[39m
                      [0m发送[0m
                    [36m</button>[39m
                  [36m</div>[39m
                [36m</form>[39m
              [36m</div>[39m
            [36m</div>[39m
          [36m</div>[39m
        [36m</section>[39m
        [36m<section[39m
          [33maria-label[39m=[32m"空间页面"[39m
          [33mclass[39m=[32m"hp-screen-scroll"[39m
          [33mhidden[39m=[32m""[39m
        [36m/>[39m
        [36m<section[39m
          [33maria-label[39m=[32m"任务页面"[39m
          [33mclass[39m=[32m"hp-screen-scroll"[39m
        [36m>[39m
          [36m<div[39m
            [33mclass[39m=[32m"hp-task-screen"[39m
          [36m>[39m
            [36m<div[39m
              [33mclass[39m=[32m"hp-task-toolbar"[39m
            [36m>[39m
              [36m<label>[39m
                [0m任务类型[0m
                [36m<select>[39m
                  [36m<option[39m
                    [33mvalue[39m=[32m"all"[39m
                  [36m>[39m
                    [0m全部[0m
                  [36m</option>[39m
                  [36m<option[39m
                    [33mvalue[39m=[32m"reminder"[39m
                  [36m>[39m
                    [0m提醒[0m
                  [36m</option>[39m
                  [36m<option[39m
                    [33mvalue[39m=[32m"research"[39m
                  [36m>[39m
                    [0m研究[0m
                  [36m</option>[39m
                  [36m<option[39m
                    [33mvalue[39m=[32m"general"[39m
                  [36m>[39m
                    [0m通用任务[0m
                  [36m</option>[39m
                [36m</select>[39m
              [36m</label>[39m
              [36m<button>[39m
                [0m刷新任务[0m
              [36m</button>[39m
              [36m<button>[39m
                [0m新建任务[0m
              [36m</button>[39m
              [36m<button>[39m
                [0m收件箱[0m
              [36m</button>[39m
            [36m</div>[39m
            [36m<h2>[39m
              [0m需要我处理[0m
            [36m</h2>[39m
            [36m<p[39m
              [33mrole[39m=[32m"status"[39m
            [36m>[39m
              [0m已加载 [0m
              [0m0[0m
              [0m 项 ·[0m
              [0m [0m
              [0m全部类型[0m
              [0m [0m
              [0m·[0m
              [0m [0m
              [0m本轮同步完成（7:15:19 PM）[0m
            [36m</p>[39m
            [36m<p>[39m
              [0m暂无任务，可新建提醒、研究或通用任务。[0m
            [36m</p>[39m
          [36m</div>[39m
        [36m</section>[39m
      [36m</main>[39m
    [36m</div>[39m
  [36m</div>[39m
[36m</body>[39m

Ignored nodes: comments, script, style
[36m<body>[39m
  [36m<div>[39m
    [36m<div[39m
      [33mclass[39m=[32m"hp-shell "[39m
    [36m>[39m
      [36m<div[39m
        [33mclass[39m=[32m"hp-rail"[39m
      [36m>[39m
        [36m<span[39m
          [33maria-label[39m=[32m"HpAgent"[39m
          [33mclass[39m=[32m"hp-brand"[39m
        [36m>[39m
          [0mH[0m
        [36m</span>[39m
        [36m<nav[39m
          [33maria-label[39m=[32m"主导航"[39m
        [36m>[39m
          [36m<button[39m
            [33maria-label[39m=[32m"AI"[39m
            [33mtitle[39m=[32m"AI"[39m
          [36m>[39m
            [36m<svg[39m
              [33maria-hidden[39m=[32m"true"[39m
              [33mclass[39m=[32m"lucide lucide-bot"[39m
              [33mfill[39m=[32m"none"[39m
              [33mheight[39m=[32m"24"[39m
              [33mstroke[39m=[32m"currentColor"[39m
              [33mstroke-linecap[39m=[32m"round"[39m
              [33mstroke-linejoin[39m=[32m"round"[39m
              [33mstroke-width[39m=[32m"2"[39m
              [33mviewBox[39m=[32m"0 0 24 24"[39m
              [33mwidth[39m=[32m"24"[39m
              [33mxmlns[39m=[32m"http://www.w3.org/2000/svg"[39m
            [36m>[39m
              [36m<path[39m
                [33md[39m=[32m"M12 8V4H8"[39m
              [36m/>[39m
              [36m<rect[39m
                [33mheight[39m=[32m"12"[39m
                [33mrx[39m=[32m"2"[39m
                [33mwidth[39m=[32m"16"[39m
                [33mx[39m=[32m"4"[39m
                [33my[39m=[32m"8"[39m
              [36m/>[39m
              [36m<path[39m
                [33md[39m=[32m"M2 14h2"[39m
              [36m/>[39m
              [36m<path[39m
                [33md[39m=[32m"M20 14h2"[39m
              [36m/>[39m
              [36m<path[39m
                [33md[39m=[32m"M15 13v2"[39m
              [36m/>[39m
              [36m<path[39m
                [33md[39m=[32m"M9 13v2"[39m
              [36m/>[39m
            [36m</svg>[39m
            [36m<span>[39m
              [0mAI[0m
            [36m</span>[39m
          [36m</button>[39m
          [36m<button[39m
            [33maria-label[39m=[32m"空间"[39m
            [33mtitle[39m=[32m"空间"[39m
          [36m>[39m
            [36m<svg[39m
              [33maria-hidden[39m=[32m"true"[39m
              [33mclass[39m=[32m"lucide lucide-folder"[39m
              [33mfill[39m=[32m"none"[39m
              [33mheight[39m=[32m"24"[39m
              [33mstroke[39m=[32m"currentColor"[39m
              [33mstroke-linecap[39m=[32m"round"[39m
              [33mstroke-linejoin[39m=[32m"round"[39m
              [33mstroke-width[39m=[32m"2"[39m
              [33mviewBox[39m=[32m"0 0 24 24"[39m
              [33mwidth[39m=[32m"24"[39m
              [33mxmlns[39m=[32m"http://www.w3.org/2000/svg"[39m
            [36m>[39m
              [36m<path[39m
                [33md[39m=[32m"M20 20a2 2 0 0 0 2-2V8a2 2 0 0 0-2-2h-7.9a2 2 0 0 1-1.69-.9L9.6 3.9A2 2 0 0 0 7.93 3H4a2 2 0 0 0-2 2v13a2 2 0 0 0 2 2Z"[39m
              [36m/>[39m
            [36m</svg>[39m
            [36m<span>[39m
              [0m空间[0m
            [36m</span>[39m
          [36m</button>[39m
          [36m<button[39m
            [33maria-current[39m=[32m"page"[39m
            [33maria-label[39m=[32m"任务"[39m
            [33mtitle[39m=[32m"任务"[39m
          [36m>[39m
            [36m<svg[39m
              [33maria-hidden[39m=[32m"true"[39m
              [33mclass[39m=[32m"lucide lucide-list-todo"[39m
              [33mfill[39m=[32m"none"[39m
              [33mheight[39m=[32m"24"[39m
              [33mstroke[39m=[32m"currentColor"[39m
              [33mstroke-linecap[39m=[32m"round"[39m
              [33mstroke-linejoin[39m=[32m"round"[39m
              [33mstroke-width[39m=[32m"2"[39m
              [33mviewBox[39m=[32m"0 0 24 24"[39m
              [33mwidth[39m=[32m"24"[39m
              [33mxmlns[39m=[32m"http://www.w3.org/2000/svg"[39m
            [36m>[39m
              [36m<path[39m
                [33md[39m=[32m"M13 5h8"[39m
              [36m/>[39m
              [36m<path[39m
                [33md[39m=[32m"M13 12h8"[39m
              [36m/>[39m
              [36m<path[39m
                [33md[39m=[32m"M13 19h8"[39m
              [36m/>[39m
              [36m<path[39m
                [33md[39m=[32m"m3 17 2 2 4-4"[39m
              [36m/>[39m
              [36m<rect[39m
                [33mheight[39m=[32m"6"[39m
                [33mrx[39m=[32m"1"[39m
                [33mwidth[39m=[32m"6"[39m
                [33mx[39m=[32m"3"[39m
                [33my[39m=[32m"4"[39m
              [36m/>[39m
            [36m</svg>[39m
            [36m<span>[39m
              [0m任务[0m
            [36m</span>[39m
          [36m</button>[39m
        [36m</nav>[39m
        [36m<button[39m
          [33maria-label[39m=[32m"账户设置"[39m
          [33mclass[39m=[32m"hp-account-button"[39m
          [33mtitle[39m=[32m"账户设置"[39m
        [36m>[39m
          [36m<svg[39m
            [33maria-hidden[39m=[32m"true"[39m
            [33mclass[39m=[32m"lucide lucide-user-round"[39m
            [33mfill[39m=[32m"none"[39m
            [33mheight[39m=[32m"24"[39m
            [33mstroke[39m=[32m"currentColor"[39m
            [33mstroke-linecap[39m=[32m"round"[39m
            [33mstroke-linejoin[39m=[32m"round"[39m
            [33mstroke-width[39m=[32m"2"[39m
            [33mviewBox[39m=[32m"0 0 24 24"[39m
            [33mwidth[39m=[32m"24"[39m
            [33mxmlns[39m=[32m"http://www.w3.org/2000/svg"[39m
          [36m>[39m
            [36m<circle[39m
              [33mcx[39m=[32m"12"[39m
              [33mcy[39m=[32m"8"[39m
              [33mr[39m=[32m"5"[39m
            [36m/>[39m
            [36m<path[39m
              [33md[39m=[32m"M20 21a8 8 0 0 0-16 0"[39m
            [36m/>[39m
          [36m</svg>[39m
        [36m</button>[39m
      [36m</div>[39m
      [36m<aside[39m
        [33maria-label[39m=[32m"上下文导航"[39m
        [33mclass[39m=[32m"hp-context-sidebar"[39m
      [36m>[39m
        [36m<nav[39m
          [33maria-label[39m=[32m"任务分类"[39m
          [33mclass[39m=[32m"hp-task-sidebar"[39m
        [36m>[39m
          [36m<h2>[39m
            [0m任务中心[0m
          [36m</h2>[39m
          [36m<p[39m
            [33mclass[39m=[32m"hp-muted"[39m
          [36m>[39m
            [0m本轮已遍历的任务[0m
          [36m</p>[39m
          [36m<button[39m
            [33maria-current[39m=[32m"page"[39m
          [36m>[39m
            [36m<span>[39m
              [0m需要我处理[0m
            [36m</span>[39m
            [36m<strong>[39m
              [0m0[0m
            [36m</strong>[39m
          [36m</button>[39m
          [36m<button>[39m
            [36m<span>[39m
              [0m进行中[0m
            [36m</span>[39m
            [36m<strong>[39m
              [0m0[0m
            [36m</strong>[39m
          [36m</button>[39m
          [36m<button>[39m
            [36m<span>[39m
              [0m等待或已计划[0m
            [36m</span>[39m
            [36m<strong>[39m
              [0m0[0m
            [36m</strong>[39m
          [36m</button>[39m
          [36m<button>[39m
            [36m<span>[39m
              [0m已结束[0m
            [36m</span>[39m
            [36m<strong>[39m
              [0m0[0m
            [36m</strong>[39m
          [36m</button>[39m
        [36m</nav>[39m
      [36m</aside>[39m
      [36m<main[39m
        [33mclass[39m=[32m"hp-main-canvas"[39m
      [36m>[39m
        [36m<header[39m
          [33mclass[39m=[32m"hp-canvas-header"[39m
        [36m>[39m
          [36m<button[39m
            [33maria-label[39m=[32m"打开侧栏"[39m
            [33mclass[39m=[32m"hp-sidebar-toggle"[39m
            [33mtitle[39m=[32m"打开侧栏"[39m
          [36m>[39m
            [36m<svg[39m
              [33maria-hidden[39m=[32m"true"[39m
              [33mclass[39m=[32m"lucide lucide-menu"[39m
              [33mfill[39m=[32m"none"[39m
              [33mheight[39m=[32m"24"[39m
              [33mstroke[39m=[32m"currentColor"[39m
              [33mstroke-linecap[39m=[32m"round"[39m
              [33mstroke-linejoin[39m=[32m"round"[39m
              [33mstroke-width[39m=[32m"2"[39m
              [33mviewBox[39m=[32m"0 0 24 24"[39m
              [33mwidth[39m=[32m"24"[39m
              [33mxmlns[39m=[32m"http://www.w3.org/2000/svg"[39m
            [36m>[39m
              [36m<path[39m
                [33md[39m=[32m"M4 5h16"[39m
              [36m/>[39m
              [36m<path[39m
                [33md[39m=[32m"M4 12h16"[39m
              [36m/>[39m
              [36m<path[39m
                [33md[39m=[32m"M4 19h16"[39m
              [36m/>[39m
            [36m</svg>[39m
          [36m</button>[39m
          [36m<h1[39m
            [33mid[39m=[32m"canvas-title"[39m
            [33mtabindex[39m=[32m"-1"[39m
          [36m>[39m
            [0m任务[0m
          [36m</h1>[39m
        [36m</header>[39m
        [36m<section[39m
          [33maria-label[39m=[32m"对话页面"[39m
          [33mclass[39m=[32m"hp-shell-chat"[39m
          [33mhidden[39m=[32m""[39m
        [36m>[39m
          [36m<div[39m
            [33mclass[39m=[32m"rt-Flex rt-r-fd-column"[39m
            [33mstyle[39m=[32m"height: 100%;"[39m
          [36m>[39m
            [36m<div[39m
              [33mclass[39m=[32m"rt-Box"[39m
              [33mstyle[39m=[32m"flex: 1 1 0%; min-height: 0px; display: flex; flex-direction: column;"[39m
            [36m>[39m
              [36m<div[39m
                [33mclass[39m=[32m"hp-thread"[39m
              [36m>[39m
                [36m<div[39m
                  [33mclass[39m=[32m"hp-thread__viewport"[39m
                [36m>[39m
                  [36m<div[39m
                    [33mclass[39m=[32m"rt-Flex rt-r-ai-center rt-r-jc-center"[39m
                    [33mstyle[39m=[32m"height: 100%; padding: 24px;"[39m
                  [36m>[39m
                    [36m<span[39m
                      [33mclass[39m=[32m"rt-Text rt-r-size-3"[39m
                      [33mdata-accent-color[39m=[32m"gray"[39m
                    [36m>[39m
                      [0m开始新的对话吧[0m
                    [36m</span>[39m
                  [36m</div>[39m
                [36m</div>[39m
                [36m<form[39m
                  [33mclass[39m=[32m"hp-composer"[39m
                [36m>[39m
                  [36m<div[39m
                    [33mclass[39m=[32m"hp-conversation-resources"[39m
                  [36m>[39m
                    [36m<div[39m
                      [33maria-label[39m=[32m"长期授权资料"[39m
                      [33mclass[39m=[32m"hp-resource-chips"[39m
                    [36m>[39m
                      [36m<button[39m
                        [33mtype[39m=[32m"button"[39m
                      [36m>[39m
                        [0m使用资料[0m
                      [36m</button>[39m
                    [36m</div>[39m
                  [36m</div>[39m
                  [36m<textarea[39m
                    [33maria-label[39m=[32m"消息输入"[39m
                    [33mclass[39m=[32m"hp-composer__input"[39m
                    [33mplaceholder[39m=[32m"输入消息，Enter 发送"[39m
                  [36m/>[39m
                  [36m<div[39m
                    [33mclass[39m=[32m"rt-Flex rt-r-ai-center rt-r-gap-2 hp-composer__actions"[39m
                  [36m>[39m
                    [0m [0m
                    [36m<select[39m
                      [33maria-label[39m=[32m"执行模式"[39m
                    [36m>[39m
                      [36m<option[39m
                        [33mvalue[39m=[32m"react"[39m
                      [36m>[39m
                        [0m快速[0m
                      [36m</option>[39m
                    [36m</select>[39m
                    [36m<button[39m
                      [33mclass[39m=[32m"hp-composer__send"[39m
                      [33mdisabled[39m=[32m""[39m
                      [33mtype[39m=[32m"submit"[39m
                    [36m>[39m
                      [0m发送[0m
                    [36m</button>[39m
                  [36m</div>[39m
                [36m</form>[39m
              [36m</div>[39m
            [36m</div>[39m
          [36m</div>[39m
        [36m</section>[39m
        [36m<section[39m
          [33maria-label[39m=[32m"空间页面"[39m
          [33mclass[39m=[32m"hp-screen-scroll"[39m
          [33mhidden[39m=[32m""[39m
        [36m/>[39m
        [36m<section[39m
          [33maria-label[39m=[32m"任务页面"[39m
          [33mclass[39m=[32m"hp-screen-scroll"[39m
        [36m>[39m
          [36m<div[39m
            [33mclass[39m=[32m"hp-task-screen"[39m
          [36m>[39m
            [36m<div[39m
              [33mclass[39m=[32m"hp-task-toolbar"[39m
            [36m>[39m
              [36m<label>[39m
                [0m任务类型[0m
                [36m<select>[39m
                  [36m<option[39m
                    [33mvalue[39m=[32m"all"[39m
                  [36m>[39m
                    [0m全部[0m
                  [36m</option>[39m
                  [36m<option[39m
                    [33mvalue[39m=[32m"reminder"[39m
                  [36m>[39m
                    [0m提醒[0m
                  [36m</option>[39m
                  [36m<option[39m
                    [33mvalue[39m=[32m"research"[39m
                  [36m>[39m
                    [0m研究[0m
                  [36m</option>[39m
                  [36m<option[39m
                    [33mvalue[39m=[32m"general"[39m
                  [36m>[39m
                    [0m通用任务[0m
                  [36m</option>[39m
                [36m</select>[39m
              [36m</label>[39m
              [36m<button>[39m
                [0m刷新任务[0m
              [36m</button>[39m
              [36m<button>[39m
                [0m新建任务[0m
              [36m</button>[39m
              [36m<button>[39m
                [0m收件箱[0m
              [36m</button>[39m
            [36m</div>[39m
            [36m<h2>[39m
              [0m需要我处理[0m
            [36m</h2>[39m
            [36m<p[39m
              [33mrole[39m=[32m"status"[39m
            [36m>[39m
              [0m已加载 [0m
              [0m0[0m
              [0m 项 ·[0m
              [0m [0m
              [0m全部类型[0m
              [0m [0m
              [0m·[0m
              [0m [0m
              [0m本轮同步完成（7:15:19 PM）[0m
            [36m</p>[39m
            [36m<p>[39m
              [0m暂无任务，可新建提醒、研究或通用任务。[0m
            [36m</p>[39m
          [36m</div>[39m
        [36m</section>[39m
      [36m</main>[39m
    [36m</div>[39m
  [36m</div>[39m
[36m</body>[39m
 ❯ waitForWrapper node_modules/@testing-library/dom/dist/wait-for.js:163:27
 ❯ node_modules/@testing-library/dom/dist/query-helpers.js:86:33
 ❯ openLookup src/App.recovery.test.tsx:138:32
    136|   window.history.replaceState(null, "", "#/tasks");
    137|   render(<App />);
    138|   const summary = await screen.findByText("执行记录与诊断", { selector: "summ…
       |                                ^
    139|   fireEvent.click(summary);
    140|   return screen.getByRole("textbox", { name: "工作编号" });
 ❯ src/App.recovery.test.tsx:235:25

⎯⎯⎯⎯⎯⎯⎯⎯⎯⎯⎯⎯⎯⎯⎯⎯⎯⎯⎯⎯⎯⎯⎯⎯[1/8]⎯

 FAIL  src/App.recovery.test.tsx > UI1-R02 work Run lookup submissions > recovers a failed lookup by submitting the same work ID
TestingLibraryElementError: Unable to find an element with the text: 执行记录与诊断, which matches selector 'summary'. This could be because the text is broken up by multiple elements. In this case, you can provide a function for your text matcher to make your matcher more flexible.

Ignored nodes: comments, script, style
[36m<body>[39m
  [36m<div>[39m
    [36m<div[39m
      [33mclass[39m=[32m"hp-shell "[39m
    [36m>[39m
      [36m<div[39m
        [33mclass[39m=[32m"hp-rail"[39m
      [36m>[39m
        [36m<span[39m
          [33maria-label[39m=[32m"HpAgent"[39m
          [33mclass[39m=[32m"hp-brand"[39m
        [36m>[39m
          [0mH[0m
        [36m</span>[39m
        [36m<nav[39m
          [33maria-label[39m=[32m"主导航"[39m
        [36m>[39m
          [36m<button[39m
            [33maria-label[39m=[32m"AI"[39m
            [33mtitle[39m=[32m"AI"[39m
          [36m>[39m
            [36m<svg[39m
              [33maria-hidden[39m=[32m"true"[39m
              [33mclass[39m=[32m"lucide lucide-bot"[39m
              [33mfill[39m=[32m"none"[39m
              [33mheight[39m=[32m"24"[39m
              [33mstroke[39m=[32m"currentColor"[39m
              [33mstroke-linecap[39m=[32m"round"[39m
              [33mstroke-linejoin[39m=[32m"round"[39m
              [33mstroke-width[39m=[32m"2"[39m
              [33mviewBox[39m=[32m"0 0 24 24"[39m
              [33mwidth[39m=[32m"24"[39m
              [33mxmlns[39m=[32m"http://www.w3.org/2000/svg"[39m
            [36m>[39m
              [36m<path[39m
                [33md[39m=[32m"M12 8V4H8"[39m
              [36m/>[39m
              [36m<rect[39m
                [33mheight[39m=[32m"12"[39m
                [33mrx[39m=[32m"2"[39m
                [33mwidth[39m=[32m"16"[39m
                [33mx[39m=[32m"4"[39m
                [33my[39m=[32m"8"[39m
              [36m/>[39m
              [36m<path[39m
                [33md[39m=[32m"M2 14h2"[39m
              [36m/>[39m
              [36m<path[39m
                [33md[39m=[32m"M20 14h2"[39m
              [36m/>[39m
              [36m<path[39m
                [33md[39m=[32m"M15 13v2"[39m
              [36m/>[39m
              [36m<path[39m
                [33md[39m=[32m"M9 13v2"[39m
              [36m/>[39m
            [36m</svg>[39m
            [36m<span>[39m
              [0mAI[0m
            [36m</span>[39m
          [36m</button>[39m
          [36m<button[39m
            [33maria-label[39m=[32m"空间"[39m
            [33mtitle[39m=[32m"空间"[39m
          [36m>[39m
            [36m<svg[39m
              [33maria-hidden[39m=[32m"true"[39m
              [33mclass[39m=[32m"lucide lucide-folder"[39m
              [33mfill[39m=[32m"none"[39m
              [33mheight[39m=[32m"24"[39m
              [33mstroke[39m=[32m"currentColor"[39m
              [33mstroke-linecap[39m=[32m"round"[39m
              [33mstroke-linejoin[39m=[32m"round"[39m
              [33mstroke-width[39m=[32m"2"[39m
              [33mviewBox[39m=[32m"0 0 24 24"[39m
              [33mwidth[39m=[32m"24"[39m
              [33mxmlns[39m=[32m"http://www.w3.org/2000/svg"[39m
            [36m>[39m
              [36m<path[39m
                [33md[39m=[32m"M20 20a2 2 0 0 0 2-2V8a2 2 0 0 0-2-2h-7.9a2 2 0 0 1-1.69-.9L9.6 3.9A2 2 0 0 0 7.93 3H4a2 2 0 0 0-2 2v13a2 2 0 0 0 2 2Z"[39m
              [36m/>[39m
            [36m</svg>[39m
            [36m<span>[39m
              [0m空间[0m
            [36m</span>[39m
          [36m</button>[39m
          [36m<button[39m
            [33maria-current[39m=[32m"page"[39m
            [33maria-label[39m=[32m"任务"[39m
            [33mtitle[39m=[32m"任务"[39m
          [36m>[39m
            [36m<svg[39m
              [33maria-hidden[39m=[32m"true"[39m
              [33mclass[39m=[32m"lucide lucide-list-todo"[39m
              [33mfill[39m=[32m"none"[39m
              [33mheight[39m=[32m"24"[39m
              [33mstroke[39m=[32m"currentColor"[39m
              [33mstroke-linecap[39m=[32m"round"[39m
              [33mstroke-linejoin[39m=[32m"round"[39m
              [33mstroke-width[39m=[32m"2"[39m
              [33mviewBox[39m=[32m"0 0 24 24"[39m
              [33mwidth[39m=[32m"24"[39m
              [33mxmlns[39m=[32m"http://www.w3.org/2000/svg"[39m
            [36m>[39m
              [36m<path[39m
                [33md[39m=[32m"M13 5h8"[39m
              [36m/>[39m
              [36m<path[39m
                [33md[39m=[32m"M13 12h8"[39m
              [36m/>[39m
              [36m<path[39m
                [33md[39m=[32m"M13 19h8"[39m
              [36m/>[39m
              [36m<path[39m
                [33md[39m=[32m"m3 17 2 2 4-4"[39m
              [36m/>[39m
              [36m<rect[39m
                [33mheight[39m=[32m"6"[39m
                [33mrx[39m=[32m"1"[39m
                [33mwidth[39m=[32m"6"[39m
                [33mx[39m=[32m"3"[39m
                [33my[39m=[32m"4"[39m
              [36m/>[39m
            [36m</svg>[39m
            [36m<span>[39m
              [0m任务[0m
            [36m</span>[39m
          [36m</button>[39m
        [36m</nav>[39m
        [36m<button[39m
          [33maria-label[39m=[32m"账户设置"[39m
          [33mclass[39m=[32m"hp-account-button"[39m
          [33mtitle[39m=[32m"账户设置"[39m
        [36m>[39m
          [36m<svg[39m
            [33maria-hidden[39m=[32m"true"[39m
            [33mclass[39m=[32m"lucide lucide-user-round"[39m
            [33mfill[39m=[32m"none"[39m
            [33mheight[39m=[32m"24"[39m
            [33mstroke[39m=[32m"currentColor"[39m
            [33mstroke-linecap[39m=[32m"round"[39m
            [33mstroke-linejoin[39m=[32m"round"[39m
            [33mstroke-width[39m=[32m"2"[39m
            [33mviewBox[39m=[32m"0 0 24 24"[39m
            [33mwidth[39m=[32m"24"[39m
            [33mxmlns[39m=[32m"http://www.w3.org/2000/svg"[39m
          [36m>[39m
            [36m<circle[39m
              [33mcx[39m=[32m"12"[39m
              [33mcy[39m=[32m"8"[39m
              [33mr[39m=[32m"5"[39m
            [36m/>[39m
            [36m<path[39m
              [33md[39m=[32m"M20 21a8 8 0 0 0-16 0"[39m
            [36m/>[39m
          [36m</svg>[39m
        [36m</button>[39m
      [36m</div>[39m
      [36m<aside[39m
        [33maria-label[39m=[32m"上下文导航"[39m
        [33mclass[39m=[32m"hp-context-sidebar"[39m
      [36m>[39m
        [36m<nav[39m
          [33maria-label[39m=[32m"任务分类"[39m
          [33mclass[39m=[32m"hp-task-sidebar"[39m
        [36m>[39m
          [36m<h2>[39m
            [0m任务中心[0m
          [36m</h2>[39m
          [36m<p[39m
            [33mclass[39m=[32m"hp-muted"[39m
          [36m>[39m
            [0m本轮已遍历的任务[0m
          [36m</p>[39m
          [36m<button[39m
            [33maria-current[39m=[32m"page"[39m
          [36m>[39m
            [36m<span>[39m
              [0m需要我处理[0m
            [36m</span>[39m
            [36m<strong>[39m
              [0m0[0m
            [36m</strong>[39m
          [36m</button>[39m
          [36m<button>[39m
            [36m<span>[39m
              [0m进行中[0m
            [36m</span>[39m
            [36m<strong>[39m
              [0m0[0m
            [36m</strong>[39m
          [36m</button>[39m
          [36m<button>[39m
            [36m<span>[39m
              [0m等待或已计划[0m
            [36m</span>[39m
            [36m<strong>[39m
              [0m0[0m
            [36m</strong>[39m
          [36m</button>[39m
          [36m<button>[39m
            [36m<span>[39m
              [0m已结束[0m
            [36m</span>[39m
            [36m<strong>[39m
              [0m0[0m
            [36m</strong>[39m
          [36m</button>[39m
        [36m</nav>[39m
      [36m</aside>[39m
      [36m<main[39m
        [33mclass[39m=[32m"hp-main-canvas"[39m
      [36m>[39m
        [36m<header[39m
          [33mclass[39m=[32m"hp-canvas-header"[39m
        [36m>[39m
          [36m<button[39m
            [33maria-label[39m=[32m"打开侧栏"[39m
            [33mclass[39m=[32m"hp-sidebar-toggle"[39m
            [33mtitle[39m=[32m"打开侧栏"[39m
          [36m>[39m
            [36m<svg[39m
              [33maria-hidden[39m=[32m"true"[39m
              [33mclass[39m=[32m"lucide lucide-menu"[39m
              [33mfill[39m=[32m"none"[39m
              [33mheight[39m=[32m"24"[39m
              [33mstroke[39m=[32m"currentColor"[39m
              [33mstroke-linecap[39m=[32m"round"[39m
              [33mstroke-linejoin[39m=[32m"round"[39m
              [33mstroke-width[39m=[32m"2"[39m
              [33mviewBox[39m=[32m"0 0 24 24"[39m
              [33mwidth[39m=[32m"24"[39m
              [33mxmlns[39m=[32m"http://www.w3.org/2000/svg"[39m
            [36m>[39m
              [36m<path[39m
                [33md[39m=[32m"M4 5h16"[39m
              [36m/>[39m
              [36m<path[39m
                [33md[39m=[32m"M4 12h16"[39m
              [36m/>[39m
              [36m<path[39m
                [33md[39m=[32m"M4 19h16"[39m
              [36m/>[39m
            [36m</svg>[39m
          [36m</button>[39m
          [36m<h1[39m
            [33mid[39m=[32m"canvas-title"[39m
            [33mtabindex[39m=[32m"-1"[39m
          [36m>[39m
            [0m任务[0m
          [36m</h1>[39m
        [36m</header>[39m
        [36m<section[39m
          [33maria-label[39m=[32m"对话页面"[39m
          [33mclass[39m=[32m"hp-shell-chat"[39m
          [33mhidden[39m=[32m""[39m
        [36m>[39m
          [36m<div[39m
            [33mclass[39m=[32m"rt-Flex rt-r-fd-column"[39m
            [33mstyle[39m=[32m"height: 100%;"[39m
          [36m>[39m
            [36m<div[39m
              [33mclass[39m=[32m"rt-Box"[39m
              [33mstyle[39m=[32m"flex: 1 1 0%; min-height: 0px; display: flex; flex-direction: column;"[39m
            [36m>[39m
              [36m<div[39m
                [33mclass[39m=[32m"hp-thread"[39m
              [36m>[39m
                [36m<div[39m
                  [33mclass[39m=[32m"hp-thread__viewport"[39m
                [36m>[39m
                  [36m<div[39m
                    [33mclass[39m=[32m"rt-Flex rt-r-ai-center rt-r-jc-center"[39m
                    [33mstyle[39m=[32m"height: 100%; padding: 24px;"[39m
                  [36m>[39m
                    [36m<span[39m
                      [33mclass[39m=[32m"rt-Text rt-r-size-3"[39m
                      [33mdata-accent-color[39m=[32m"gray"[39m
                    [36m>[39m
                      [0m开始新的对话吧[0m
                    [36m</span>[39m
                  [36m</div>[39m
                [36m</div>[39m
                [36m<form[39m
                  [33mclass[39m=[32m"hp-composer"[39m
                [36m>[39m
                  [36m<div[39m
                    [33mclass[39m=[32m"hp-conversation-resources"[39m
                  [36m>[39m
                    [36m<div[39m
                      [33maria-label[39m=[32m"长期授权资料"[39m
                      [33mclass[39m=[32m"hp-resource-chips"[39m
                    [36m>[39m
                      [36m<button[39m
                        [33mtype[39m=[32m"button"[39m
                      [36m>[39m
                        [0m使用资料[0m
                      [36m</button>[39m
                    [36m</div>[39m
                  [36m</div>[39m
                  [36m<textarea[39m
                    [33maria-label[39m=[32m"消息输入"[39m
                    [33mclass[39m=[32m"hp-composer__input"[39m
                    [33mplaceholder[39m=[32m"输入消息，Enter 发送"[39m
                  [36m/>[39m
                  [36m<div[39m
                    [33mclass[39m=[32m"rt-Flex rt-r-ai-center rt-r-gap-2 hp-composer__actions"[39m
                  [36m>[39m
                    [0m [0m
                    [36m<select[39m
                      [33maria-label[39m=[32m"执行模式"[39m
                    [36m>[39m
                      [36m<option[39m
                        [33mvalue[39m=[32m"react"[39m
                      [36m>[39m
                        [0m快速[0m
                      [36m</option>[39m
                    [36m</select>[39m
                    [36m<button[39m
                      [33mclass[39m=[32m"hp-composer__send"[39m
                      [33mdisabled[39m=[32m""[39m
                      [33mtype[39m=[32m"submit"[39m
                    [36m>[39m
                      [0m发送[0m
                    [36m</button>[39m
                  [36m</div>[39m
                [36m</form>[39m
              [36m</div>[39m
            [36m</div>[39m
          [36m</div>[39m
        [36m</section>[39m
        [36m<section[39m
          [33maria-label[39m=[32m"空间页面"[39m
          [33mclass[39m=[32m"hp-screen-scroll"[39m
          [33mhidden[39m=[32m""[39m
        [36m/>[39m
        [36m<section[39m
          [33maria-label[39m=[32m"任务页面"[39m
          [33mclass[39m=[32m"hp-screen-scroll"[39m
        [36m>[39m
          [36m<div[39m
            [33mclass[39m=[32m"hp-task-screen"[39m
          [36m>[39m
            [36m<div[39m
              [33mclass[39m=[32m"hp-task-toolbar"[39m
            [36m>[39m
              [36m<label>[39m
                [0m任务类型[0m
                [36m<select>[39m
                  [36m<option[39m
                    [33mvalue[39m=[32m"all"[39m
                  [36m>[39m
                    [0m全部[0m
                  [36m</option>[39m
                  [36m<option[39m
                    [33mvalue[39m=[32m"reminder"[39m
                  [36m>[39m
                    [0m提醒[0m
                  [36m</option>[39m
                  [36m<option[39m
                    [33mvalue[39m=[32m"research"[39m
                  [36m>[39m
                    [0m研究[0m
                  [36m</option>[39m
                  [36m<option[39m
                    [33mvalue[39m=[32m"general"[39m
                  [36m>[39m
                    [0m通用任务[0m
                  [36m</option>[39m
                [36m</select>[39m
              [36m</label>[39m
              [36m<button>[39m
                [0m刷新任务[0m
              [36m</button>[39m
              [36m<button>[39m
                [0m新建任务[0m
              [36m</button>[39m
              [36m<button>[39m
                [0m收件箱[0m
              [36m</button>[39m
            [36m</div>[39m
            [36m<h2>[39m
              [0m需要我处理[0m
            [36m</h2>[39m
            [36m<p[39m
              [33mrole[39m=[32m"status"[39m
            [36m>[39m
              [0m已加载 [0m
              [0m0[0m
              [0m 项 ·[0m
              [0m [0m
              [0m全部类型[0m
              [0m [0m
              [0m·[0m
              [0m [0m
              [0m本轮同步完成（7:15:20 PM）[0m
            [36m</p>[39m
            [36m<p>[39m
              [0m暂无任务，可新建提醒、研究或通用任务。[0m
            [36m</p>[39m
          [36m</div>[39m
        [36m</section>[39m
      [36m</main>[39m
    [36m</div>[39m
  [36m</div>[39m
[36m</body>[39m

Ignored nodes: comments, script, style
[36m<body>[39m
  [36m<div>[39m
    [36m<div[39m
      [33mclass[39m=[32m"hp-shell "[39m
    [36m>[39m
      [36m<div[39m
        [33mclass[39m=[32m"hp-rail"[39m
      [36m>[39m
        [36m<span[39m
          [33maria-label[39m=[32m"HpAgent"[39m
          [33mclass[39m=[32m"hp-brand"[39m
        [36m>[39m
          [0mH[0m
        [36m</span>[39m
        [36m<nav[39m
          [33maria-label[39m=[32m"主导航"[39m
        [36m>[39m
          [36m<button[39m
            [33maria-label[39m=[32m"AI"[39m
            [33mtitle[39m=[32m"AI"[39m
          [36m>[39m
            [36m<svg[39m
              [33maria-hidden[39m=[32m"true"[39m
              [33mclass[39m=[32m"lucide lucide-bot"[39m
              [33mfill[39m=[32m"none"[39m
              [33mheight[39m=[32m"24"[39m
              [33mstroke[39m=[32m"currentColor"[39m
              [33mstroke-linecap[39m=[32m"round"[39m
              [33mstroke-linejoin[39m=[32m"round"[39m
              [33mstroke-width[39m=[32m"2"[39m
              [33mviewBox[39m=[32m"0 0 24 24"[39m
              [33mwidth[39m=[32m"24"[39m
              [33mxmlns[39m=[32m"http://www.w3.org/2000/svg"[39m
            [36m>[39m
              [36m<path[39m
                [33md[39m=[32m"M12 8V4H8"[39m
              [36m/>[39m
              [36m<rect[39m
                [33mheight[39m=[32m"12"[39m
                [33mrx[39m=[32m"2"[39m
                [33mwidth[39m=[32m"16"[39m
                [33mx[39m=[32m"4"[39m
                [33my[39m=[32m"8"[39m
              [36m/>[39m
              [36m<path[39m
                [33md[39m=[32m"M2 14h2"[39m
              [36m/>[39m
              [36m<path[39m
                [33md[39m=[32m"M20 14h2"[39m
              [36m/>[39m
              [36m<path[39m
                [33md[39m=[32m"M15 13v2"[39m
              [36m/>[39m
              [36m<path[39m
                [33md[39m=[32m"M9 13v2"[39m
              [36m/>[39m
            [36m</svg>[39m
            [36m<span>[39m
              [0mAI[0m
            [36m</span>[39m
          [36m</button>[39m
          [36m<button[39m
            [33maria-label[39m=[32m"空间"[39m
            [33mtitle[39m=[32m"空间"[39m
          [36m>[39m
            [36m<svg[39m
              [33maria-hidden[39m=[32m"true"[39m
              [33mclass[39m=[32m"lucide lucide-folder"[39m
              [33mfill[39m=[32m"none"[39m
              [33mheight[39m=[32m"24"[39m
              [33mstroke[39m=[32m"currentColor"[39m
              [33mstroke-linecap[39m=[32m"round"[39m
              [33mstroke-linejoin[39m=[32m"round"[39m
              [33mstroke-width[39m=[32m"2"[39m
              [33mviewBox[39m=[32m"0 0 24 24"[39m
              [33mwidth[39m=[32m"24"[39m
              [33mxmlns[39m=[32m"http://www.w3.org/2000/svg"[39m
            [36m>[39m
              [36m<path[39m
                [33md[39m=[32m"M20 20a2 2 0 0 0 2-2V8a2 2 0 0 0-2-2h-7.9a2 2 0 0 1-1.69-.9L9.6 3.9A2 2 0 0 0 7.93 3H4a2 2 0 0 0-2 2v13a2 2 0 0 0 2 2Z"[39m
              [36m/>[39m
            [36m</svg>[39m
            [36m<span>[39m
              [0m空间[0m
            [36m</span>[39m
          [36m</button>[39m
          [36m<button[39m
            [33maria-current[39m=[32m"page"[39m
            [33maria-label[39m=[32m"任务"[39m
            [33mtitle[39m=[32m"任务"[39m
          [36m>[39m
            [36m<svg[39m
              [33maria-hidden[39m=[32m"true"[39m
              [33mclass[39m=[32m"lucide lucide-list-todo"[39m
              [33mfill[39m=[32m"none"[39m
              [33mheight[39m=[32m"24"[39m
              [33mstroke[39m=[32m"currentColor"[39m
              [33mstroke-linecap[39m=[32m"round"[39m
              [33mstroke-linejoin[39m=[32m"round"[39m
              [33mstroke-width[39m=[32m"2"[39m
              [33mviewBox[39m=[32m"0 0 24 24"[39m
              [33mwidth[39m=[32m"24"[39m
              [33mxmlns[39m=[32m"http://www.w3.org/2000/svg"[39m
            [36m>[39m
              [36m<path[39m
                [33md[39m=[32m"M13 5h8"[39m
              [36m/>[39m
              [36m<path[39m
                [33md[39m=[32m"M13 12h8"[39m
              [36m/>[39m
              [36m<path[39m
                [33md[39m=[32m"M13 19h8"[39m
              [36m/>[39m
              [36m<path[39m
                [33md[39m=[32m"m3 17 2 2 4-4"[39m
              [36m/>[39m
              [36m<rect[39m
                [33mheight[39m=[32m"6"[39m
                [33mrx[39m=[32m"1"[39m
                [33mwidth[39m=[32m"6"[39m
                [33mx[39m=[32m"3"[39m
                [33my[39m=[32m"4"[39m
              [36m/>[39m
            [36m</svg>[39m
            [36m<span>[39m
              [0m任务[0m
            [36m</span>[39m
          [36m</button>[39m
        [36m</nav>[39m
        [36m<button[39m
          [33maria-label[39m=[32m"账户设置"[39m
          [33mclass[39m=[32m"hp-account-button"[39m
          [33mtitle[39m=[32m"账户设置"[39m
        [36m>[39m
          [36m<svg[39m
            [33maria-hidden[39m=[32m"true"[39m
            [33mclass[39m=[32m"lucide lucide-user-round"[39m
            [33mfill[39m=[32m"none"[39m
            [33mheight[39m=[32m"24"[39m
            [33mstroke[39m=[32m"currentColor"[39m
            [33mstroke-linecap[39m=[32m"round"[39m
            [33mstroke-linejoin[39m=[32m"round"[39m
            [33mstroke-width[39m=[32m"2"[39m
            [33mviewBox[39m=[32m"0 0 24 24"[39m
            [33mwidth[39m=[32m"24"[39m
            [33mxmlns[39m=[32m"http://www.w3.org/2000/svg"[39m
          [36m>[39m
            [36m<circle[39m
              [33mcx[39m=[32m"12"[39m
              [33mcy[39m=[32m"8"[39m
              [33mr[39m=[32m"5"[39m
            [36m/>[39m
            [36m<path[39m
              [33md[39m=[32m"M20 21a8 8 0 0 0-16 0"[39m
            [36m/>[39m
          [36m</svg>[39m
        [36m</button>[39m
      [36m</div>[39m
      [36m<aside[39m
        [33maria-label[39m=[32m"上下文导航"[39m
        [33mclass[39m=[32m"hp-context-sidebar"[39m
      [36m>[39m
        [36m<nav[39m
          [33maria-label[39m=[32m"任务分类"[39m
          [33mclass[39m=[32m"hp-task-sidebar"[39m
        [36m>[39m
          [36m<h2>[39m
            [0m任务中心[0m
          [36m</h2>[39m
          [36m<p[39m
            [33mclass[39m=[32m"hp-muted"[39m
          [36m>[39m
            [0m本轮已遍历的任务[0m
          [36m</p>[39m
          [36m<button[39m
            [33maria-current[39m=[32m"page"[39m
          [36m>[39m
            [36m<span>[39m
              [0m需要我处理[0m
            [36m</span>[39m
            [36m<strong>[39m
              [0m0[0m
            [36m</strong>[39m
          [36m</button>[39m
          [36m<button>[39m
            [36m<span>[39m
              [0m进行中[0m
            [36m</span>[39m
            [36m<strong>[39m
              [0m0[0m
            [36m</strong>[39m
          [36m</button>[39m
          [36m<button>[39m
            [36m<span>[39m
              [0m等待或已计划[0m
            [36m</span>[39m
            [36m<strong>[39m
              [0m0[0m
            [36m</strong>[39m
          [36m</button>[39m
          [36m<button>[39m
            [36m<span>[39m
              [0m已结束[0m
            [36m</span>[39m
            [36m<strong>[39m
              [0m0[0m
            [36m</strong>[39m
          [36m</button>[39m
        [36m</nav>[39m
      [36m</aside>[39m
      [36m<main[39m
        [33mclass[39m=[32m"hp-main-canvas"[39m
      [36m>[39m
        [36m<header[39m
          [33mclass[39m=[32m"hp-canvas-header"[39m
        [36m>[39m
          [36m<button[39m
            [33maria-label[39m=[32m"打开侧栏"[39m
            [33mclass[39m=[32m"hp-sidebar-toggle"[39m
            [33mtitle[39m=[32m"打开侧栏"[39m
          [36m>[39m
            [36m<svg[39m
              [33maria-hidden[39m=[32m"true"[39m
              [33mclass[39m=[32m"lucide lucide-menu"[39m
              [33mfill[39m=[32m"none"[39m
              [33mheight[39m=[32m"24"[39m
              [33mstroke[39m=[32m"currentColor"[39m
              [33mstroke-linecap[39m=[32m"round"[39m
              [33mstroke-linejoin[39m=[32m"round"[39m
              [33mstroke-width[39m=[32m"2"[39m
              [33mviewBox[39m=[32m"0 0 24 24"[39m
              [33mwidth[39m=[32m"24"[39m
              [33mxmlns[39m=[32m"http://www.w3.org/2000/svg"[39m
            [36m>[39m
              [36m<path[39m
                [33md[39m=[32m"M4 5h16"[39m
              [36m/>[39m
              [36m<path[39m
                [33md[39m=[32m"M4 12h16"[39m
              [36m/>[39m
              [36m<path[39m
                [33md[39m=[32m"M4 19h16"[39m
              [36m/>[39m
            [36m</svg>[39m
          [36m</button>[39m
          [36m<h1[39m
            [33mid[39m=[32m"canvas-title"[39m
            [33mtabindex[39m=[32m"-1"[39m
          [36m>[39m
            [0m任务[0m
          [36m</h1>[39m
        [36m</header>[39m
        [36m<section[39m
          [33maria-label[39m=[32m"对话页面"[39m
          [33mclass[39m=[32m"hp-shell-chat"[39m
          [33mhidden[39m=[32m""[39m
        [36m>[39m
          [36m<div[39m
            [33mclass[39m=[32m"rt-Flex rt-r-fd-column"[39m
            [33mstyle[39m=[32m"height: 100%;"[39m
          [36m>[39m
            [36m<div[39m
              [33mclass[39m=[32m"rt-Box"[39m
              [33mstyle[39m=[32m"flex: 1 1 0%; min-height: 0px; display: flex; flex-direction: column;"[39m
            [36m>[39m
              [36m<div[39m
                [33mclass[39m=[32m"hp-thread"[39m
              [36m>[39m
                [36m<div[39m
                  [33mclass[39m=[32m"hp-thread__viewport"[39m
                [36m>[39m
                  [36m<div[39m
                    [33mclass[39m=[32m"rt-Flex rt-r-ai-center rt-r-jc-center"[39m
                    [33mstyle[39m=[32m"height: 100%; padding: 24px;"[39m
                  [36m>[39m
                    [36m<span[39m
                      [33mclass[39m=[32m"rt-Text rt-r-size-3"[39m
                      [33mdata-accent-color[39m=[32m"gray"[39m
                    [36m>[39m
                      [0m开始新的对话吧[0m
                    [36m</span>[39m
                  [36m</div>[39m
                [36m</div>[39m
                [36m<form[39m
                  [33mclass[39m=[32m"hp-composer"[39m
                [36m>[39m
                  [36m<div[39m
                    [33mclass[39m=[32m"hp-conversation-resources"[39m
                  [36m>[39m
                    [36m<div[39m
                      [33maria-label[39m=[32m"长期授权资料"[39m
                      [33mclass[39m=[32m"hp-resource-chips"[39m
                    [36m>[39m
                      [36m<button[39m
                        [33mtype[39m=[32m"button"[39m
                      [36m>[39m
                        [0m使用资料[0m
                      [36m</button>[39m
                    [36m</div>[39m
                  [36m</div>[39m
                  [36m<textarea[39m
                    [33maria-label[39m=[32m"消息输入"[39m
                    [33mclass[39m=[32m"hp-composer__input"[39m
                    [33mplaceholder[39m=[32m"输入消息，Enter 发送"[39m
                  [36m/>[39m
                  [36m<div[39m
                    [33mclass[39m=[32m"rt-Flex rt-r-ai-center rt-r-gap-2 hp-composer__actions"[39m
                  [36m>[39m
                    [0m [0m
                    [36m<select[39m
                      [33maria-label[39m=[32m"执行模式"[39m
                    [36m>[39m
                      [36m<option[39m
                        [33mvalue[39m=[32m"react"[39m
                      [36m>[39m
                        [0m快速[0m
                      [36m</option>[39m
                    [36m</select>[39m
                    [36m<button[39m
                      [33mclass[39m=[32m"hp-composer__send"[39m
                      [33mdisabled[39m=[32m""[39m
                      [33mtype[39m=[32m"submit"[39m
                    [36m>[39m
                      [0m发送[0m
                    [36m</button>[39m
                  [36m</div>[39m
                [36m</form>[39m
              [36m</div>[39m
            [36m</div>[39m
          [36m</div>[39m
        [36m</section>[39m
        [36m<section[39m
          [33maria-label[39m=[32m"空间页面"[39m
          [33mclass[39m=[32m"hp-screen-scroll"[39m
          [33mhidden[39m=[32m""[39m
        [36m/>[39m
        [36m<section[39m
          [33maria-label[39m=[32m"任务页面"[39m
          [33mclass[39m=[32m"hp-screen-scroll"[39m
        [36m>[39m
          [36m<div[39m
            [33mclass[39m=[32m"hp-task-screen"[39m
          [36m>[39m
            [36m<div[39m
              [33mclass[39m=[32m"hp-task-toolbar"[39m
            [36m>[39m
              [36m<label>[39m
                [0m任务类型[0m
                [36m<select>[39m
                  [36m<option[39m
                    [33mvalue[39m=[32m"all"[39m
                  [36m>[39m
                    [0m全部[0m
                  [36m</option>[39m
                  [36m<option[39m
                    [33mvalue[39m=[32m"reminder"[39m
                  [36m>[39m
                    [0m提醒[0m
                  [36m</option>[39m
                  [36m<option[39m
                    [33mvalue[39m=[32m"research"[39m
                  [36m>[39m
                    [0m研究[0m
                  [36m</option>[39m
                  [36m<option[39m
                    [33mvalue[39m=[32m"general"[39m
                  [36m>[39m
                    [0m通用任务[0m
                  [36m</option>[39m
                [36m</select>[39m
              [36m</label>[39m
              [36m<button>[39m
                [0m刷新任务[0m
              [36m</button>[39m
              [36m<button>[39m
                [0m新建任务[0m
              [36m</button>[39m
              [36m<button>[39m
                [0m收件箱[0m
              [36m</button>[39m
            [36m</div>[39m
            [36m<h2>[39m
              [0m需要我处理[0m
            [36m</h2>[39m
            [36m<p[39m
              [33mrole[39m=[32m"status"[39m
            [36m>[39m
              [0m已加载 [0m
              [0m0[0m
              [0m 项 ·[0m
              [0m [0m
              [0m全部类型[0m
              [0m [0m
              [0m·[0m
              [0m [0m
              [0m本轮同步完成（7:15:20 PM）[0m
            [36m</p>[39m
            [36m<p>[39m
              [0m暂无任务，可新建提醒、研究或通用任务。[0m
            [36m</p>[39m
          [36m</div>[39m
        [36m</section>[39m
      [36m</main>[39m
    [36m</div>[39m
  [36m</div>[39m
[36m</body>[39m
 ❯ waitForWrapper node_modules/@testing-library/dom/dist/wait-for.js:163:27
 ❯ node_modules/@testing-library/dom/dist/query-helpers.js:86:33
 ❯ openLookup src/App.recovery.test.tsx:138:32
    136|   window.history.replaceState(null, "", "#/tasks");
    137|   render(<App />);
    138|   const summary = await screen.findByText("执行记录与诊断", { selector: "summ…
       |                                ^
    139|   fireEvent.click(summary);
    140|   return screen.getByRole("textbox", { name: "工作编号" });
 ❯ src/App.recovery.test.tsx:248:25

⎯⎯⎯⎯⎯⎯⎯⎯⎯⎯⎯⎯⎯⎯⎯⎯⎯⎯⎯⎯⎯⎯⎯⎯[2/8]⎯

 FAIL  src/App.recovery.test.tsx > UI1-R02 work Run lookup submissions > ignores a late A success after a successful B lookup
TestingLibraryElementError: Unable to find an element with the text: 执行记录与诊断, which matches selector 'summary'. This could be because the text is broken up by multiple elements. In this case, you can provide a function for your text matcher to make your matcher more flexible.

Ignored nodes: comments, script, style
[36m<body>[39m
  [36m<div>[39m
    [36m<div[39m
      [33mclass[39m=[32m"hp-shell "[39m
    [36m>[39m
      [36m<div[39m
        [33mclass[39m=[32m"hp-rail"[39m
      [36m>[39m
        [36m<span[39m
          [33maria-label[39m=[32m"HpAgent"[39m
          [33mclass[39m=[32m"hp-brand"[39m
        [36m>[39m
          [0mH[0m
        [36m</span>[39m
        [36m<nav[39m
          [33maria-label[39m=[32m"主导航"[39m
        [36m>[39m
          [36m<button[39m
            [33maria-label[39m=[32m"AI"[39m
            [33mtitle[39m=[32m"AI"[39m
          [36m>[39m
            [36m<svg[39m
              [33maria-hidden[39m=[32m"true"[39m
              [33mclass[39m=[32m"lucide lucide-bot"[39m
              [33mfill[39m=[32m"none"[39m
              [33mheight[39m=[32m"24"[39m
              [33mstroke[39m=[32m"currentColor"[39m
              [33mstroke-linecap[39m=[32m"round"[39m
              [33mstroke-linejoin[39m=[32m"round"[39m
              [33mstroke-width[39m=[32m"2"[39m
              [33mviewBox[39m=[32m"0 0 24 24"[39m
              [33mwidth[39m=[32m"24"[39m
              [33mxmlns[39m=[32m"http://www.w3.org/2000/svg"[39m
            [36m>[39m
              [36m<path[39m
                [33md[39m=[32m"M12 8V4H8"[39m
              [36m/>[39m
              [36m<rect[39m
                [33mheight[39m=[32m"12"[39m
                [33mrx[39m=[32m"2"[39m
                [33mwidth[39m=[32m"16"[39m
                [33mx[39m=[32m"4"[39m
                [33my[39m=[32m"8"[39m
              [36m/>[39m
              [36m<path[39m
                [33md[39m=[32m"M2 14h2"[39m
              [36m/>[39m
              [36m<path[39m
                [33md[39m=[32m"M20 14h2"[39m
              [36m/>[39m
              [36m<path[39m
                [33md[39m=[32m"M15 13v2"[39m
              [36m/>[39m
              [36m<path[39m
                [33md[39m=[32m"M9 13v2"[39m
              [36m/>[39m
            [36m</svg>[39m
            [36m<span>[39m
              [0mAI[0m
            [36m</span>[39m
          [36m</button>[39m
          [36m<button[39m
            [33maria-label[39m=[32m"空间"[39m
            [33mtitle[39m=[32m"空间"[39m
          [36m>[39m
            [36m<svg[39m
              [33maria-hidden[39m=[32m"true"[39m
              [33mclass[39m=[32m"lucide lucide-folder"[39m
              [33mfill[39m=[32m"none"[39m
              [33mheight[39m=[32m"24"[39m
              [33mstroke[39m=[32m"currentColor"[39m
              [33mstroke-linecap[39m=[32m"round"[39m
              [33mstroke-linejoin[39m=[32m"round"[39m
              [33mstroke-width[39m=[32m"2"[39m
              [33mviewBox[39m=[32m"0 0 24 24"[39m
              [33mwidth[39m=[32m"24"[39m
              [33mxmlns[39m=[32m"http://www.w3.org/2000/svg"[39m
            [36m>[39m
              [36m<path[39m
                [33md[39m=[32m"M20 20a2 2 0 0 0 2-2V8a2 2 0 0 0-2-2h-7.9a2 2 0 0 1-1.69-.9L9.6 3.9A2 2 0 0 0 7.93 3H4a2 2 0 0 0-2 2v13a2 2 0 0 0 2 2Z"[39m
              [36m/>[39m
            [36m</svg>[39m
            [36m<span>[39m
              [0m空间[0m
            [36m</span>[39m
          [36m</button>[39m
          [36m<button[39m
            [33maria-current[39m=[32m"page"[39m
            [33maria-label[39m=[32m"任务"[39m
            [33mtitle[39m=[32m"任务"[39m
          [36m>[39m
            [36m<svg[39m
              [33maria-hidden[39m=[32m"true"[39m
              [33mclass[39m=[32m"lucide lucide-list-todo"[39m
              [33mfill[39m=[32m"none"[39m
              [33mheight[39m=[32m"24"[39m
              [33mstroke[39m=[32m"currentColor"[39m
              [33mstroke-linecap[39m=[32m"round"[39m
              [33mstroke-linejoin[39m=[32m"round"[39m
              [33mstroke-width[39m=[32m"2"[39m
              [33mviewBox[39m=[32m"0 0 24 24"[39m
              [33mwidth[39m=[32m"24"[39m
              [33mxmlns[39m=[32m"http://www.w3.org/2000/svg"[39m
            [36m>[39m
              [36m<path[39m
                [33md[39m=[32m"M13 5h8"[39m
              [36m/>[39m
              [36m<path[39m
                [33md[39m=[32m"M13 12h8"[39m
              [36m/>[39m
              [36m<path[39m
                [33md[39m=[32m"M13 19h8"[39m
              [36m/>[39m
              [36m<path[39m
                [33md[39m=[32m"m3 17 2 2 4-4"[39m
              [36m/>[39m
              [36m<rect[39m
                [33mheight[39m=[32m"6"[39m
                [33mrx[39m=[32m"1"[39m
                [33mwidth[39m=[32m"6"[39m
                [33mx[39m=[32m"3"[39m
                [33my[39m=[32m"4"[39m
              [36m/>[39m
            [36m</svg>[39m
            [36m<span>[39m
              [0m任务[0m
            [36m</span>[39m
          [36m</button>[39m
        [36m</nav>[39m
        [36m<button[39m
          [33maria-label[39m=[32m"账户设置"[39m
          [33mclass[39m=[32m"hp-account-button"[39m
          [33mtitle[39m=[32m"账户设置"[39m
        [36m>[39m
          [36m<svg[39m
            [33maria-hidden[39m=[32m"true"[39m
            [33mclass[39m=[32m"lucide lucide-user-round"[39m
            [33mfill[39m=[32m"none"[39m
            [33mheight[39m=[32m"24"[39m
            [33mstroke[39m=[32m"currentColor"[39m
            [33mstroke-linecap[39m=[32m"round"[39m
            [33mstroke-linejoin[39m=[32m"round"[39m
            [33mstroke-width[39m=[32m"2"[39m
            [33mviewBox[39m=[32m"0 0 24 24"[39m
            [33mwidth[39m=[32m"24"[39m
            [33mxmlns[39m=[32m"http://www.w3.org/2000/svg"[39m
          [36m>[39m
            [36m<circle[39m
              [33mcx[39m=[32m"12"[39m
              [33mcy[39m=[32m"8"[39m
              [33mr[39m=[32m"5"[39m
            [36m/>[39m
            [36m<path[39m
              [33md[39m=[32m"M20 21a8 8 0 0 0-16 0"[39m
            [36m/>[39m
          [36m</svg>[39m
        [36m</button>[39m
      [36m</div>[39m
      [36m<aside[39m
        [33maria-label[39m=[32m"上下文导航"[39m
        [33mclass[39m=[32m"hp-context-sidebar"[39m
      [36m>[39m
        [36m<nav[39m
          [33maria-label[39m=[32m"任务分类"[39m
          [33mclass[39m=[32m"hp-task-sidebar"[39m
        [36m>[39m
          [36m<h2>[39m
            [0m任务中心[0m
          [36m</h2>[39m
          [36m<p[39m
            [33mclass[39m=[32m"hp-muted"[39m
          [36m>[39m
            [0m本轮已遍历的任务[0m
          [36m</p>[39m
          [36m<button[39m
            [33maria-current[39m=[32m"page"[39m
          [36m>[39m
            [36m<span>[39m
              [0m需要我处理[0m
            [36m</span>[39m
            [36m<strong>[39m
              [0m0[0m
            [36m</strong>[39m
          [36m</button>[39m
          [36m<button>[39m
            [36m<span>[39m
              [0m进行中[0m
            [36m</span>[39m
            [36m<strong>[39m
              [0m0[0m
            [36m</strong>[39m
          [36m</button>[39m
          [36m<button>[39m
            [36m<span>[39m
              [0m等待或已计划[0m
            [36m</span>[39m
            [36m<strong>[39m
              [0m0[0m
            [36m</strong>[39m
          [36m</button>[39m
          [36m<button>[39m
            [36m<span>[39m
              [0m已结束[0m
            [36m</span>[39m
            [36m<strong>[39m
              [0m0[0m
            [36m</strong>[39m
          [36m</button>[39m
        [36m</nav>[39m
      [36m</aside>[39m
      [36m<main[39m
        [33mclass[39m=[32m"hp-main-canvas"[39m
      [36m>[39m
        [36m<header[39m
          [33mclass[39m=[32m"hp-canvas-header"[39m
        [36m>[39m
          [36m<button[39m
            [33maria-label[39m=[32m"打开侧栏"[39m
            [33mclass[39m=[32m"hp-sidebar-toggle"[39m
            [33mtitle[39m=[32m"打开侧栏"[39m
          [36m>[39m
            [36m<svg[39m
              [33maria-hidden[39m=[32m"true"[39m
              [33mclass[39m=[32m"lucide lucide-menu"[39m
              [33mfill[39m=[32m"none"[39m
              [33mheight[39m=[32m"24"[39m
              [33mstroke[39m=[32m"currentColor"[39m
              [33mstroke-linecap[39m=[32m"round"[39m
              [33mstroke-linejoin[39m=[32m"round"[39m
              [33mstroke-width[39m=[32m"2"[39m
              [33mviewBox[39m=[32m"0 0 24 24"[39m
              [33mwidth[39m=[32m"24"[39m
              [33mxmlns[39m=[32m"http://www.w3.org/2000/svg"[39m
            [36m>[39m
              [36m<path[39m
                [33md[39m=[32m"M4 5h16"[39m
              [36m/>[39m
              [36m<path[39m
                [33md[39m=[32m"M4 12h16"[39m
              [36m/>[39m
              [36m<path[39m
                [33md[39m=[32m"M4 19h16"[39m
              [36m/>[39m
            [36m</svg>[39m
          [36m</button>[39m
          [36m<h1[39m
            [33mid[39m=[32m"canvas-title"[39m
            [33mtabindex[39m=[32m"-1"[39m
          [36m>[39m
            [0m任务[0m
          [36m</h1>[39m
        [36m</header>[39m
        [36m<section[39m
          [33maria-label[39m=[32m"对话页面"[39m
          [33mclass[39m=[32m"hp-shell-chat"[39m
          [33mhidden[39m=[32m""[39m
        [36m>[39m
          [36m<div[39m
            [33mclass[39m=[32m"rt-Flex rt-r-fd-column"[39m
            [33mstyle[39m=[32m"height: 100%;"[39m
          [36m>[39m
            [36m<div[39m
              [33mclass[39m=[32m"rt-Box"[39m
              [33mstyle[39m=[32m"flex: 1 1 0%; min-height: 0px; display: flex; flex-direction: column;"[39m
            [36m>[39m
              [36m<div[39m
                [33mclass[39m=[32m"hp-thread"[39m
              [36m>[39m
                [36m<div[39m
                  [33mclass[39m=[32m"hp-thread__viewport"[39m
                [36m>[39m
                  [36m<div[39m
                    [33mclass[39m=[32m"rt-Flex rt-r-ai-center rt-r-jc-center"[39m
                    [33mstyle[39m=[32m"height: 100%; padding: 24px;"[39m
                  [36m>[39m
                    [36m<span[39m
                      [33mclass[39m=[32m"rt-Text rt-r-size-3"[39m
                      [33mdata-accent-color[39m=[32m"gray"[39m
                    [36m>[39m
                      [0m开始新的对话吧[0m
                    [36m</span>[39m
                  [36m</div>[39m
                [36m</div>[39m
                [36m<form[39m
                  [33mclass[39m=[32m"hp-composer"[39m
                [36m>[39m
                  [36m<div[39m
                    [33mclass[39m=[32m"hp-conversation-resources"[39m
                  [36m>[39m
                    [36m<div[39m
                      [33maria-label[39m=[32m"长期授权资料"[39m
                      [33mclass[39m=[32m"hp-resource-chips"[39m
                    [36m>[39m
                      [36m<button[39m
                        [33mtype[39m=[32m"button"[39m
                      [36m>[39m
                        [0m使用资料[0m
                      [36m</button>[39m
                    [36m</div>[39m
                  [36m</div>[39m
                  [36m<textarea[39m
                    [33maria-label[39m=[32m"消息输入"[39m
                    [33mclass[39m=[32m"hp-composer__input"[39m
                    [33mplaceholder[39m=[32m"输入消息，Enter 发送"[39m
                  [36m/>[39m
                  [36m<div[39m
                    [33mclass[39m=[32m"rt-Flex rt-r-ai-center rt-r-gap-2 hp-composer__actions"[39m
                  [36m>[39m
                    [0m [0m
                    [36m<select[39m
                      [33maria-label[39m=[32m"执行模式"[39m
                    [36m>[39m
                      [36m<option[39m
                        [33mvalue[39m=[32m"react"[39m
                      [36m>[39m
                        [0m快速[0m
                      [36m</option>[39m
                    [36m</select>[39m
                    [36m<button[39m
                      [33mclass[39m=[32m"hp-composer__send"[39m
                      [33mdisabled[39m=[32m""[39m
                      [33mtype[39m=[32m"submit"[39m
                    [36m>[39m
                      [0m发送[0m
                    [36m</button>[39m
                  [36m</div>[39m
                [36m</form>[39m
              [36m</div>[39m
            [36m</div>[39m
          [36m</div>[39m
        [36m</section>[39m
        [36m<section[39m
          [33maria-label[39m=[32m"空间页面"[39m
          [33mclass[39m=[32m"hp-screen-scroll"[39m
          [33mhidden[39m=[32m""[39m
        [36m/>[39m
        [36m<section[39m
          [33maria-label[39m=[32m"任务页面"[39m
          [33mclass[39m=[32m"hp-screen-scroll"[39m
        [36m>[39m
          [36m<div[39m
            [33mclass[39m=[32m"hp-task-screen"[39m
          [36m>[39m
            [36m<div[39m
              [33mclass[39m=[32m"hp-task-toolbar"[39m
            [36m>[39m
              [36m<label>[39m
                [0m任务类型[0m
                [36m<select>[39m
                  [36m<option[39m
                    [33mvalue[39m=[32m"all"[39m
                  [36m>[39m
                    [0m全部[0m
                  [36m</option>[39m
                  [36m<option[39m
                    [33mvalue[39m=[32m"reminder"[39m
                  [36m>[39m
                    [0m提醒[0m
                  [36m</option>[39m
                  [36m<option[39m
                    [33mvalue[39m=[32m"research"[39m
                  [36m>[39m
                    [0m研究[0m
                  [36m</option>[39m
                  [36m<option[39m
                    [33mvalue[39m=[32m"general"[39m
                  [36m>[39m
                    [0m通用任务[0m
                  [36m</option>[39m
                [36m</select>[39m
              [36m</label>[39m
              [36m<button>[39m
                [0m刷新任务[0m
              [36m</button>[39m
              [36m<button>[39m
                [0m新建任务[0m
              [36m</button>[39m
              [36m<button>[39m
                [0m收件箱[0m
              [36m</button>[39m
            [36m</div>[39m
            [36m<h2>[39m
              [0m需要我处理[0m
            [36m</h2>[39m
            [36m<p[39m
              [33mrole[39m=[32m"status"[39m
            [36m>[39m
              [0m已加载 [0m
              [0m0[0m
              [0m 项 ·[0m
              [0m [0m
              [0m全部类型[0m
              [0m [0m
              [0m·[0m
              [0m [0m
              [0m本轮同步完成（7:15:21 PM）[0m
            [36m</p>[39m
            [36m<p>[39m
              [0m暂无任务，可新建提醒、研究或通用任务。[0m
            [36m</p>[39m
          [36m</div>[39m
        [36m</section>[39m
      [36m</main>[39m
    [36m</div>[39m
  [36m</div>[39m
[36m</body>[39m

Ignored nodes: comments, script, style
[36m<body>[39m
  [36m<div>[39m
    [36m<div[39m
      [33mclass[39m=[32m"hp-shell "[39m
    [36m>[39m
      [36m<div[39m
        [33mclass[39m=[32m"hp-rail"[39m
      [36m>[39m
        [36m<span[39m
          [33maria-label[39m=[32m"HpAgent"[39m
          [33mclass[39m=[32m"hp-brand"[39m
        [36m>[39m
          [0mH[0m
        [36m</span>[39m
        [36m<nav[39m
          [33maria-label[39m=[32m"主导航"[39m
        [36m>[39m
          [36m<button[39m
            [33maria-label[39m=[32m"AI"[39m
            [33mtitle[39m=[32m"AI"[39m
          [36m>[39m
            [36m<svg[39m
              [33maria-hidden[39m=[32m"true"[39m
              [33mclass[39m=[32m"lucide lucide-bot"[39m
              [33mfill[39m=[32m"none"[39m
              [33mheight[39m=[32m"24"[39m
              [33mstroke[39m=[32m"currentColor"[39m
              [33mstroke-linecap[39m=[32m"round"[39m
              [33mstroke-linejoin[39m=[32m"round"[39m
              [33mstroke-width[39m=[32m"2"[39m
              [33mviewBox[39m=[32m"0 0 24 24"[39m
              [33mwidth[39m=[32m"24"[39m
              [33mxmlns[39m=[32m"http://www.w3.org/2000/svg"[39m
            [36m>[39m
              [36m<path[39m
                [33md[39m=[32m"M12 8V4H8"[39m
              [36m/>[39m
              [36m<rect[39m
                [33mheight[39m=[32m"12"[39m
                [33mrx[39m=[32m"2"[39m
                [33mwidth[39m=[32m"16"[39m
                [33mx[39m=[32m"4"[39m
                [33my[39m=[32m"8"[39m
              [36m/>[39m
              [36m<path[39m
                [33md[39m=[32m"M2 14h2"[39m
              [36m/>[39m
              [36m<path[39m
                [33md[39m=[32m"M20 14h2"[39m
              [36m/>[39m
              [36m<path[39m
                [33md[39m=[32m"M15 13v2"[39m
              [36m/>[39m
              [36m<path[39m
                [33md[39m=[32m"M9 13v2"[39m
              [36m/>[39m
            [36m</svg>[39m
            [36m<span>[39m
              [0mAI[0m
            [36m</span>[39m
          [36m</button>[39m
          [36m<button[39m
            [33maria-label[39m=[32m"空间"[39m
            [33mtitle[39m=[32m"空间"[39m
          [36m>[39m
            [36m<svg[39m
              [33maria-hidden[39m=[32m"true"[39m
              [33mclass[39m=[32m"lucide lucide-folder"[39m
              [33mfill[39m=[32m"none"[39m
              [33mheight[39m=[32m"24"[39m
              [33mstroke[39m=[32m"currentColor"[39m
              [33mstroke-linecap[39m=[32m"round"[39m
              [33mstroke-linejoin[39m=[32m"round"[39m
              [33mstroke-width[39m=[32m"2"[39m
              [33mviewBox[39m=[32m"0 0 24 24"[39m
              [33mwidth[39m=[32m"24"[39m
              [33mxmlns[39m=[32m"http://www.w3.org/2000/svg"[39m
            [36m>[39m
              [36m<path[39m
                [33md[39m=[32m"M20 20a2 2 0 0 0 2-2V8a2 2 0 0 0-2-2h-7.9a2 2 0 0 1-1.69-.9L9.6 3.9A2 2 0 0 0 7.93 3H4a2 2 0 0 0-2 2v13a2 2 0 0 0 2 2Z"[39m
              [36m/>[39m
            [36m</svg>[39m
            [36m<span>[39m
              [0m空间[0m
            [36m</span>[39m
          [36m</button>[39m
          [36m<button[39m
            [33maria-current[39m=[32m"page"[39m
            [33maria-label[39m=[32m"任务"[39m
            [33mtitle[39m=[32m"任务"[39m
          [36m>[39m
            [36m<svg[39m
              [33maria-hidden[39m=[32m"true"[39m
              [33mclass[39m=[32m"lucide lucide-list-todo"[39m
              [33mfill[39m=[32m"none"[39m
              [33mheight[39m=[32m"24"[39m
              [33mstroke[39m=[32m"currentColor"[39m
              [33mstroke-linecap[39m=[32m"round"[39m
              [33mstroke-linejoin[39m=[32m"round"[39m
              [33mstroke-width[39m=[32m"2"[39m
              [33mviewBox[39m=[32m"0 0 24 24"[39m
              [33mwidth[39m=[32m"24"[39m
              [33mxmlns[39m=[32m"http://www.w3.org/2000/svg"[39m
            [36m>[39m
              [36m<path[39m
                [33md[39m=[32m"M13 5h8"[39m
              [36m/>[39m
              [36m<path[39m
                [33md[39m=[32m"M13 12h8"[39m
              [36m/>[39m
              [36m<path[39m
                [33md[39m=[32m"M13 19h8"[39m
              [36m/>[39m
              [36m<path[39m
                [33md[39m=[32m"m3 17 2 2 4-4"[39m
              [36m/>[39m
              [36m<rect[39m
                [33mheight[39m=[32m"6"[39m
                [33mrx[39m=[32m"1"[39m
                [33mwidth[39m=[32m"6"[39m
                [33mx[39m=[32m"3"[39m
                [33my[39m=[32m"4"[39m
              [36m/>[39m
            [36m</svg>[39m
            [36m<span>[39m
              [0m任务[0m
            [36m</span>[39m
          [36m</button>[39m
        [36m</nav>[39m
        [36m<button[39m
          [33maria-label[39m=[32m"账户设置"[39m
          [33mclass[39m=[32m"hp-account-button"[39m
          [33mtitle[39m=[32m"账户设置"[39m
        [36m>[39m
          [36m<svg[39m
            [33maria-hidden[39m=[32m"true"[39m
            [33mclass[39m=[32m"lucide lucide-user-round"[39m
            [33mfill[39m=[32m"none"[39m
            [33mheight[39m=[32m"24"[39m
            [33mstroke[39m=[32m"currentColor"[39m
            [33mstroke-linecap[39m=[32m"round"[39m
            [33mstroke-linejoin[39m=[32m"round"[39m
            [33mstroke-width[39m=[32m"2"[39m
            [33mviewBox[39m=[32m"0 0 24 24"[39m
            [33mwidth[39m=[32m"24"[39m
            [33mxmlns[39m=[32m"http://www.w3.org/2000/svg"[39m
          [36m>[39m
            [36m<circle[39m
              [33mcx[39m=[32m"12"[39m
              [33mcy[39m=[32m"8"[39m
              [33mr[39m=[32m"5"[39m
            [36m/>[39m
            [36m<path[39m
              [33md[39m=[32m"M20 21a8 8 0 0 0-16 0"[39m
            [36m/>[39m
          [36m</svg>[39m
        [36m</button>[39m
      [36m</div>[39m
      [36m<aside[39m
        [33maria-label[39m=[32m"上下文导航"[39m
        [33mclass[39m=[32m"hp-context-sidebar"[39m
      [36m>[39m
        [36m<nav[39m
          [33maria-label[39m=[32m"任务分类"[39m
          [33mclass[39m=[32m"hp-task-sidebar"[39m
        [36m>[39m
          [36m<h2>[39m
            [0m任务中心[0m
          [36m</h2>[39m
          [36m<p[39m
            [33mclass[39m=[32m"hp-muted"[39m
          [36m>[39m
            [0m本轮已遍历的任务[0m
          [36m</p>[39m
          [36m<button[39m
            [33maria-current[39m=[32m"page"[39m
          [36m>[39m
            [36m<span>[39m
              [0m需要我处理[0m
            [36m</span>[39m
            [36m<strong>[39m
              [0m0[0m
            [36m</strong>[39m
          [36m</button>[39m
          [36m<button>[39m
            [36m<span>[39m
              [0m进行中[0m
            [36m</span>[39m
            [36m<strong>[39m
              [0m0[0m
            [36m</strong>[39m
          [36m</button>[39m
          [36m<button>[39m
            [36m<span>[39m
              [0m等待或已计划[0m
            [36m</span>[39m
            [36m<strong>[39m
              [0m0[0m
            [36m</strong>[39m
          [36m</button>[39m
          [36m<button>[39m
            [36m<span>[39m
              [0m已结束[0m
            [36m</span>[39m
            [36m<strong>[39m
              [0m0[0m
            [36m</strong>[39m
          [36m</button>[39m
        [36m</nav>[39m
      [36m</aside>[39m
      [36m<main[39m
        [33mclass[39m=[32m"hp-main-canvas"[39m
      [36m>[39m
        [36m<header[39m
          [33mclass[39m=[32m"hp-canvas-header"[39m
        [36m>[39m
          [36m<button[39m
            [33maria-label[39m=[32m"打开侧栏"[39m
            [33mclass[39m=[32m"hp-sidebar-toggle"[39m
            [33mtitle[39m=[32m"打开侧栏"[39m
          [36m>[39m
            [36m<svg[39m
              [33maria-hidden[39m=[32m"true"[39m
              [33mclass[39m=[32m"lucide lucide-menu"[39m
              [33mfill[39m=[32m"none"[39m
              [33mheight[39m=[32m"24"[39m
              [33mstroke[39m=[32m"currentColor"[39m
              [33mstroke-linecap[39m=[32m"round"[39m
              [33mstroke-linejoin[39m=[32m"round"[39m
              [33mstroke-width[39m=[32m"2"[39m
              [33mviewBox[39m=[32m"0 0 24 24"[39m
              [33mwidth[39m=[32m"24"[39m
              [33mxmlns[39m=[32m"http://www.w3.org/2000/svg"[39m
            [36m>[39m
              [36m<path[39m
                [33md[39m=[32m"M4 5h16"[39m
              [36m/>[39m
              [36m<path[39m
                [33md[39m=[32m"M4 12h16"[39m
              [36m/>[39m
              [36m<path[39m
                [33md[39m=[32m"M4 19h16"[39m
              [36m/>[39m
            [36m</svg>[39m
          [36m</button>[39m
          [36m<h1[39m
            [33mid[39m=[32m"canvas-title"[39m
            [33mtabindex[39m=[32m"-1"[39m
          [36m>[39m
            [0m任务[0m
          [36m</h1>[39m
        [36m</header>[39m
        [36m<section[39m
          [33maria-label[39m=[32m"对话页面"[39m
          [33mclass[39m=[32m"hp-shell-chat"[39m
          [33mhidden[39m=[32m""[39m
        [36m>[39m
          [36m<div[39m
            [33mclass[39m=[32m"rt-Flex rt-r-fd-column"[39m
            [33mstyle[39m=[32m"height: 100%;"[39m
          [36m>[39m
            [36m<div[39m
              [33mclass[39m=[32m"rt-Box"[39m
              [33mstyle[39m=[32m"flex: 1 1 0%; min-height: 0px; display: flex; flex-direction: column;"[39m
            [36m>[39m
              [36m<div[39m
                [33mclass[39m=[32m"hp-thread"[39m
              [36m>[39m
                [36m<div[39m
                  [33mclass[39m=[32m"hp-thread__viewport"[39m
                [36m>[39m
                  [36m<div[39m
                    [33mclass[39m=[32m"rt-Flex rt-r-ai-center rt-r-jc-center"[39m
                    [33mstyle[39m=[32m"height: 100%; padding: 24px;"[39m
                  [36m>[39m
                    [36m<span[39m
                      [33mclass[39m=[32m"rt-Text rt-r-size-3"[39m
                      [33mdata-accent-color[39m=[32m"gray"[39m
                    [36m>[39m
                      [0m开始新的对话吧[0m
                    [36m</span>[39m
                  [36m</div>[39m
                [36m</div>[39m
                [36m<form[39m
                  [33mclass[39m=[32m"hp-composer"[39m
                [36m>[39m
                  [36m<div[39m
                    [33mclass[39m=[32m"hp-conversation-resources"[39m
                  [36m>[39m
                    [36m<div[39m
                      [33maria-label[39m=[32m"长期授权资料"[39m
                      [33mclass[39m=[32m"hp-resource-chips"[39m
                    [36m>[39m
                      [36m<button[39m
                        [33mtype[39m=[32m"button"[39m
                      [36m>[39m
                        [0m使用资料[0m
                      [36m</button>[39m
                    [36m</div>[39m
                  [36m</div>[39m
                  [36m<textarea[39m
                    [33maria-label[39m=[32m"消息输入"[39m
                    [33mclass[39m=[32m"hp-composer__input"[39m
                    [33mplaceholder[39m=[32m"输入消息，Enter 发送"[39m
                  [36m/>[39m
                  [36m<div[39m
                    [33mclass[39m=[32m"rt-Flex rt-r-ai-center rt-r-gap-2 hp-composer__actions"[39m
                  [36m>[39m
                    [0m [0m
                    [36m<select[39m
                      [33maria-label[39m=[32m"执行模式"[39m
                    [36m>[39m
                      [36m<option[39m
                        [33mvalue[39m=[32m"react"[39m
                      [36m>[39m
                        [0m快速[0m
                      [36m</option>[39m
                    [36m</select>[39m
                    [36m<button[39m
                      [33mclass[39m=[32m"hp-composer__send"[39m
                      [33mdisabled[39m=[32m""[39m
                      [33mtype[39m=[32m"submit"[39m
                    [36m>[39m
                      [0m发送[0m
                    [36m</button>[39m
                  [36m</div>[39m
                [36m</form>[39m
              [36m</div>[39m
            [36m</div>[39m
          [36m</div>[39m
        [36m</section>[39m
        [36m<section[39m
          [33maria-label[39m=[32m"空间页面"[39m
          [33mclass[39m=[32m"hp-screen-scroll"[39m
          [33mhidden[39m=[32m""[39m
        [36m/>[39m
        [36m<section[39m
          [33maria-label[39m=[32m"任务页面"[39m
          [33mclass[39m=[32m"hp-screen-scroll"[39m
        [36m>[39m
          [36m<div[39m
            [33mclass[39m=[32m"hp-task-screen"[39m
          [36m>[39m
            [36m<div[39m
              [33mclass[39m=[32m"hp-task-toolbar"[39m
            [36m>[39m
              [36m<label>[39m
                [0m任务类型[0m
                [36m<select>[39m
                  [36m<option[39m
                    [33mvalue[39m=[32m"all"[39m
                  [36m>[39m
                    [0m全部[0m
                  [36m</option>[39m
                  [36m<option[39m
                    [33mvalue[39m=[32m"reminder"[39m
                  [36m>[39m
                    [0m提醒[0m
                  [36m</option>[39m
                  [36m<option[39m
                    [33mvalue[39m=[32m"research"[39m
                  [36m>[39m
                    [0m研究[0m
                  [36m</option>[39m
                  [36m<option[39m
                    [33mvalue[39m=[32m"general"[39m
                  [36m>[39m
                    [0m通用任务[0m
                  [36m</option>[39m
                [36m</select>[39m
              [36m</label>[39m
              [36m<button>[39m
                [0m刷新任务[0m
              [36m</button>[39m
              [36m<button>[39m
                [0m新建任务[0m
              [36m</button>[39m
              [36m<button>[39m
                [0m收件箱[0m
              [36m</button>[39m
            [36m</div>[39m
            [36m<h2>[39m
              [0m需要我处理[0m
            [36m</h2>[39m
            [36m<p[39m
              [33mrole[39m=[32m"status"[39m
            [36m>[39m
              [0m已加载 [0m
              [0m0[0m
              [0m 项 ·[0m
              [0m [0m
              [0m全部类型[0m
              [0m [0m
              [0m·[0m
              [0m [0m
              [0m本轮同步完成（7:15:21 PM）[0m
            [36m</p>[39m
            [36m<p>[39m
              [0m暂无任务，可新建提醒、研究或通用任务。[0m
            [36m</p>[39m
          [36m</div>[39m
        [36m</section>[39m
      [36m</main>[39m
    [36m</div>[39m
  [36m</div>[39m
[36m</body>[39m
 ❯ waitForWrapper node_modules/@testing-library/dom/dist/wait-for.js:163:27
 ❯ node_modules/@testing-library/dom/dist/query-helpers.js:86:33
 ❯ openLookup src/App.recovery.test.tsx:138:32
    136|   window.history.replaceState(null, "", "#/tasks");
    137|   render(<App />);
    138|   const summary = await screen.findByText("执行记录与诊断", { selector: "summ…
       |                                ^
    139|   fireEvent.click(summary);
    140|   return screen.getByRole("textbox", { name: "工作编号" });
 ❯ src/App.recovery.test.tsx:266:27

⎯⎯⎯⎯⎯⎯⎯⎯⎯⎯⎯⎯⎯⎯⎯⎯⎯⎯⎯⎯⎯⎯⎯⎯[3/8]⎯

 FAIL  src/App.recovery.test.tsx > UI1-R02 work Run lookup submissions > ignores a late A failure after a successful B lookup
TestingLibraryElementError: Unable to find an element with the text: 执行记录与诊断, which matches selector 'summary'. This could be because the text is broken up by multiple elements. In this case, you can provide a function for your text matcher to make your matcher more flexible.

Ignored nodes: comments, script, style
[36m<body>[39m
  [36m<div>[39m
    [36m<div[39m
      [33mclass[39m=[32m"hp-shell "[39m
    [36m>[39m
      [36m<div[39m
        [33mclass[39m=[32m"hp-rail"[39m
      [36m>[39m
        [36m<span[39m
          [33maria-label[39m=[32m"HpAgent"[39m
          [33mclass[39m=[32m"hp-brand"[39m
        [36m>[39m
          [0mH[0m
        [36m</span>[39m
        [36m<nav[39m
          [33maria-label[39m=[32m"主导航"[39m
        [36m>[39m
          [36m<button[39m
            [33maria-label[39m=[32m"AI"[39m
            [33mtitle[39m=[32m"AI"[39m
          [36m>[39m
            [36m<svg[39m
              [33maria-hidden[39m=[32m"true"[39m
              [33mclass[39m=[32m"lucide lucide-bot"[39m
              [33mfill[39m=[32m"none"[39m
              [33mheight[39m=[32m"24"[39m
              [33mstroke[39m=[32m"currentColor"[39m
              [33mstroke-linecap[39m=[32m"round"[39m
              [33mstroke-linejoin[39m=[32m"round"[39m
              [33mstroke-width[39m=[32m"2"[39m
              [33mviewBox[39m=[32m"0 0 24 24"[39m
              [33mwidth[39m=[32m"24"[39m
              [33mxmlns[39m=[32m"http://www.w3.org/2000/svg"[39m
            [36m>[39m
              [36m<path[39m
                [33md[39m=[32m"M12 8V4H8"[39m
              [36m/>[39m
              [36m<rect[39m
                [33mheight[39m=[32m"12"[39m
                [33mrx[39m=[32m"2"[39m
                [33mwidth[39m=[32m"16"[39m
                [33mx[39m=[32m"4"[39m
                [33my[39m=[32m"8"[39m
              [36m/>[39m
              [36m<path[39m
                [33md[39m=[32m"M2 14h2"[39m
              [36m/>[39m
              [36m<path[39m
                [33md[39m=[32m"M20 14h2"[39m
              [36m/>[39m
              [36m<path[39m
                [33md[39m=[32m"M15 13v2"[39m
              [36m/>[39m
              [36m<path[39m
                [33md[39m=[32m"M9 13v2"[39m
              [36m/>[39m
            [36m</svg>[39m
            [36m<span>[39m
              [0mAI[0m
            [36m</span>[39m
          [36m</button>[39m
          [36m<button[39m
            [33maria-label[39m=[32m"空间"[39m
            [33mtitle[39m=[32m"空间"[39m
          [36m>[39m
            [36m<svg[39m
              [33maria-hidden[39m=[32m"true"[39m
              [33mclass[39m=[32m"lucide lucide-folder"[39m
              [33mfill[39m=[32m"none"[39m
              [33mheight[39m=[32m"24"[39m
              [33mstroke[39m=[32m"currentColor"[39m
              [33mstroke-linecap[39m=[32m"round"[39m
              [33mstroke-linejoin[39m=[32m"round"[39m
              [33mstroke-width[39m=[32m"2"[39m
              [33mviewBox[39m=[32m"0 0 24 24"[39m
              [33mwidth[39m=[32m"24"[39m
              [33mxmlns[39m=[32m"http://www.w3.org/2000/svg"[39m
            [36m>[39m
              [36m<path[39m
                [33md[39m=[32m"M20 20a2 2 0 0 0 2-2V8a2 2 0 0 0-2-2h-7.9a2 2 0 0 1-1.69-.9L9.6 3.9A2 2 0 0 0 7.93 3H4a2 2 0 0 0-2 2v13a2 2 0 0 0 2 2Z"[39m
              [36m/>[39m
            [36m</svg>[39m
            [36m<span>[39m
              [0m空间[0m
            [36m</span>[39m
          [36m</button>[39m
          [36m<button[39m
            [33maria-current[39m=[32m"page"[39m
            [33maria-label[39m=[32m"任务"[39m
            [33mtitle[39m=[32m"任务"[39m
          [36m>[39m
            [36m<svg[39m
              [33maria-hidden[39m=[32m"true"[39m
              [33mclass[39m=[32m"lucide lucide-list-todo"[39m
              [33mfill[39m=[32m"none"[39m
              [33mheight[39m=[32m"24"[39m
              [33mstroke[39m=[32m"currentColor"[39m
              [33mstroke-linecap[39m=[32m"round"[39m
              [33mstroke-linejoin[39m=[32m"round"[39m
              [33mstroke-width[39m=[32m"2"[39m
              [33mviewBox[39m=[32m"0 0 24 24"[39m
              [33mwidth[39m=[32m"24"[39m
              [33mxmlns[39m=[32m"http://www.w3.org/2000/svg"[39m
            [36m>[39m
              [36m<path[39m
                [33md[39m=[32m"M13 5h8"[39m
              [36m/>[39m
              [36m<path[39m
                [33md[39m=[32m"M13 12h8"[39m
              [36m/>[39m
              [36m<path[39m
                [33md[39m=[32m"M13 19h8"[39m
              [36m/>[39m
              [36m<path[39m
                [33md[39m=[32m"m3 17 2 2 4-4"[39m
              [36m/>[39m
              [36m<rect[39m
                [33mheight[39m=[32m"6"[39m
                [33mrx[39m=[32m"1"[39m
                [33mwidth[39m=[32m"6"[39m
                [33mx[39m=[32m"3"[39m
                [33my[39m=[32m"4"[39m
              [36m/>[39m
            [36m</svg>[39m
            [36m<span>[39m
              [0m任务[0m
            [36m</span>[39m
          [36m</button>[39m
        [36m</nav>[39m
        [36m<button[39m
          [33maria-label[39m=[32m"账户设置"[39m
          [33mclass[39m=[32m"hp-account-button"[39m
          [33mtitle[39m=[32m"账户设置"[39m
        [36m>[39m
          [36m<svg[39m
            [33maria-hidden[39m=[32m"true"[39m
            [33mclass[39m=[32m"lucide lucide-user-round"[39m
            [33mfill[39m=[32m"none"[39m
            [33mheight[39m=[32m"24"[39m
            [33mstroke[39m=[32m"currentColor"[39m
            [33mstroke-linecap[39m=[32m"round"[39m
            [33mstroke-linejoin[39m=[32m"round"[39m
            [33mstroke-width[39m=[32m"2"[39m
            [33mviewBox[39m=[32m"0 0 24 24"[39m
            [33mwidth[39m=[32m"24"[39m
            [33mxmlns[39m=[32m"http://www.w3.org/2000/svg"[39m
          [36m>[39m
            [36m<circle[39m
              [33mcx[39m=[32m"12"[39m
              [33mcy[39m=[32m"8"[39m
              [33mr[39m=[32m"5"[39m
            [36m/>[39m
            [36m<path[39m
              [33md[39m=[32m"M20 21a8 8 0 0 0-16 0"[39m
            [36m/>[39m
          [36m</svg>[39m
        [36m</button>[39m
      [36m</div>[39m
      [36m<aside[39m
        [33maria-label[39m=[32m"上下文导航"[39m
        [33mclass[39m=[32m"hp-context-sidebar"[39m
      [36m>[39m
        [36m<nav[39m
          [33maria-label[39m=[32m"任务分类"[39m
          [33mclass[39m=[32m"hp-task-sidebar"[39m
        [36m>[39m
          [36m<h2>[39m
            [0m任务中心[0m
          [36m</h2>[39m
          [36m<p[39m
            [33mclass[39m=[32m"hp-muted"[39m
          [36m>[39m
            [0m本轮已遍历的任务[0m
          [36m</p>[39m
          [36m<button[39m
            [33maria-current[39m=[32m"page"[39m
          [36m>[39m
            [36m<span>[39m
              [0m需要我处理[0m
            [36m</span>[39m
            [36m<strong>[39m
              [0m0[0m
            [36m</strong>[39m
          [36m</button>[39m
          [36m<button>[39m
            [36m<span>[39m
              [0m进行中[0m
            [36m</span>[39m
            [36m<strong>[39m
              [0m0[0m
            [36m</strong>[39m
          [36m</button>[39m
          [36m<button>[39m
            [36m<span>[39m
              [0m等待或已计划[0m
            [36m</span>[39m
            [36m<strong>[39m
              [0m0[0m
            [36m</strong>[39m
          [36m</button>[39m
          [36m<button>[39m
            [36m<span>[39m
              [0m已结束[0m
            [36m</span>[39m
            [36m<strong>[39m
              [0m0[0m
            [36m</strong>[39m
          [36m</button>[39m
        [36m</nav>[39m
      [36m</aside>[39m
      [36m<main[39m
        [33mclass[39m=[32m"hp-main-canvas"[39m
      [36m>[39m
        [36m<header[39m
          [33mclass[39m=[32m"hp-canvas-header"[39m
        [36m>[39m
          [36m<button[39m
            [33maria-label[39m=[32m"打开侧栏"[39m
            [33mclass[39m=[32m"hp-sidebar-toggle"[39m
            [33mtitle[39m=[32m"打开侧栏"[39m
          [36m>[39m
            [36m<svg[39m
              [33maria-hidden[39m=[32m"true"[39m
              [33mclass[39m=[32m"lucide lucide-menu"[39m
              [33mfill[39m=[32m"none"[39m
              [33mheight[39m=[32m"24"[39m
              [33mstroke[39m=[32m"currentColor"[39m
              [33mstroke-linecap[39m=[32m"round"[39m
              [33mstroke-linejoin[39m=[32m"round"[39m
              [33mstroke-width[39m=[32m"2"[39m
              [33mviewBox[39m=[32m"0 0 24 24"[39m
              [33mwidth[39m=[32m"24"[39m
              [33mxmlns[39m=[32m"http://www.w3.org/2000/svg"[39m
            [36m>[39m
              [36m<path[39m
                [33md[39m=[32m"M4 5h16"[39m
              [36m/>[39m
              [36m<path[39m
                [33md[39m=[32m"M4 12h16"[39m
              [36m/>[39m
              [36m<path[39m
                [33md[39m=[32m"M4 19h16"[39m
              [36m/>[39m
            [36m</svg>[39m
          [36m</button>[39m
          [36m<h1[39m
            [33mid[39m=[32m"canvas-title"[39m
            [33mtabindex[39m=[32m"-1"[39m
          [36m>[39m
            [0m任务[0m
          [36m</h1>[39m
        [36m</header>[39m
        [36m<section[39m
          [33maria-label[39m=[32m"对话页面"[39m
          [33mclass[39m=[32m"hp-shell-chat"[39m
          [33mhidden[39m=[32m""[39m
        [36m>[39m
          [36m<div[39m
            [33mclass[39m=[32m"rt-Flex rt-r-fd-column"[39m
            [33mstyle[39m=[32m"height: 100%;"[39m
          [36m>[39m
            [36m<div[39m
              [33mclass[39m=[32m"rt-Box"[39m
              [33mstyle[39m=[32m"flex: 1 1 0%; min-height: 0px; display: flex; flex-direction: column;"[39m
            [36m>[39m
              [36m<div[39m
                [33mclass[39m=[32m"hp-thread"[39m
              [36m>[39m
                [36m<div[39m
                  [33mclass[39m=[32m"hp-thread__viewport"[39m
                [36m>[39m
                  [36m<div[39m
                    [33mclass[39m=[32m"rt-Flex rt-r-ai-center rt-r-jc-center"[39m
                    [33mstyle[39m=[32m"height: 100%; padding: 24px;"[39m
                  [36m>[39m
                    [36m<span[39m
                      [33mclass[39m=[32m"rt-Text rt-r-size-3"[39m
                      [33mdata-accent-color[39m=[32m"gray"[39m
                    [36m>[39m
                      [0m开始新的对话吧[0m
                    [36m</span>[39m
                  [36m</div>[39m
                [36m</div>[39m
                [36m<form[39m
                  [33mclass[39m=[32m"hp-composer"[39m
                [36m>[39m
                  [36m<div[39m
                    [33mclass[39m=[32m"hp-conversation-resources"[39m
                  [36m>[39m
                    [36m<div[39m
                      [33maria-label[39m=[32m"长期授权资料"[39m
                      [33mclass[39m=[32m"hp-resource-chips"[39m
                    [36m>[39m
                      [36m<button[39m
                        [33mtype[39m=[32m"button"[39m
                      [36m>[39m
                        [0m使用资料[0m
                      [36m</button>[39m
                    [36m</div>[39m
                  [36m</div>[39m
                  [36m<textarea[39m
                    [33maria-label[39m=[32m"消息输入"[39m
                    [33mclass[39m=[32m"hp-composer__input"[39m
                    [33mplaceholder[39m=[32m"输入消息，Enter 发送"[39m
                  [36m/>[39m
                  [36m<div[39m
                    [33mclass[39m=[32m"rt-Flex rt-r-ai-center rt-r-gap-2 hp-composer__actions"[39m
                  [36m>[39m
                    [0m [0m
                    [36m<select[39m
                      [33maria-label[39m=[32m"执行模式"[39m
                    [36m>[39m
                      [36m<option[39m
                        [33mvalue[39m=[32m"react"[39m
                      [36m>[39m
                        [0m快速[0m
                      [36m</option>[39m
                    [36m</select>[39m
                    [36m<button[39m
                      [33mclass[39m=[32m"hp-composer__send"[39m
                      [33mdisabled[39m=[32m""[39m
                      [33mtype[39m=[32m"submit"[39m
                    [36m>[39m
                      [0m发送[0m
                    [36m</button>[39m
                  [36m</div>[39m
                [36m</form>[39m
              [36m</div>[39m
            [36m</div>[39m
          [36m</div>[39m
        [36m</section>[39m
        [36m<section[39m
          [33maria-label[39m=[32m"空间页面"[39m
          [33mclass[39m=[32m"hp-screen-scroll"[39m
          [33mhidden[39m=[32m""[39m
        [36m/>[39m
        [36m<section[39m
          [33maria-label[39m=[32m"任务页面"[39m
          [33mclass[39m=[32m"hp-screen-scroll"[39m
        [36m>[39m
          [36m<div[39m
            [33mclass[39m=[32m"hp-task-screen"[39m
          [36m>[39m
            [36m<div[39m
              [33mclass[39m=[32m"hp-task-toolbar"[39m
            [36m>[39m
              [36m<label>[39m
                [0m任务类型[0m
                [36m<select>[39m
                  [36m<option[39m
                    [33mvalue[39m=[32m"all"[39m
                  [36m>[39m
                    [0m全部[0m
                  [36m</option>[39m
                  [36m<option[39m
                    [33mvalue[39m=[32m"reminder"[39m
                  [36m>[39m
                    [0m提醒[0m
                  [36m</option>[39m
                  [36m<option[39m
                    [33mvalue[39m=[32m"research"[39m
                  [36m>[39m
                    [0m研究[0m
                  [36m</option>[39m
                  [36m<option[39m
                    [33mvalue[39m=[32m"general"[39m
                  [36m>[39m
                    [0m通用任务[0m
                  [36m</option>[39m
                [36m</select>[39m
              [36m</label>[39m
              [36m<button>[39m
                [0m刷新任务[0m
              [36m</button>[39m
              [36m<button>[39m
                [0m新建任务[0m
              [36m</button>[39m
              [36m<button>[39m
                [0m收件箱[0m
              [36m</button>[39m
            [36m</div>[39m
            [36m<h2>[39m
              [0m需要我处理[0m
            [36m</h2>[39m
            [36m<p[39m
              [33mrole[39m=[32m"status"[39m
            [36m>[39m
              [0m已加载 [0m
              [0m0[0m
              [0m 项 ·[0m
              [0m [0m
              [0m全部类型[0m
              [0m [0m
              [0m·[0m
              [0m [0m
              [0m本轮同步完成（7:15:22 PM）[0m
            [36m</p>[39m
            [36m<p>[39m
              [0m暂无任务，可新建提醒、研究或通用任务。[0m
            [36m</p>[39m
          [36m</div>[39m
        [36m</section>[39m
      [36m</main>[39m
    [36m</div>[39m
  [36m</div>[39m
[36m</body>[39m

Ignored nodes: comments, script, style
[36m<body>[39m
  [36m<div>[39m
    [36m<div[39m
      [33mclass[39m=[32m"hp-shell "[39m
    [36m>[39m
      [36m<div[39m
        [33mclass[39m=[32m"hp-rail"[39m
      [36m>[39m
        [36m<span[39m
          [33maria-label[39m=[32m"HpAgent"[39m
          [33mclass[39m=[32m"hp-brand"[39m
        [36m>[39m
          [0mH[0m
        [36m</span>[39m
        [36m<nav[39m
          [33maria-label[39m=[32m"主导航"[39m
        [36m>[39m
          [36m<button[39m
            [33maria-label[39m=[32m"AI"[39m
            [33mtitle[39m=[32m"AI"[39m
          [36m>[39m
            [36m<svg[39m
              [33maria-hidden[39m=[32m"true"[39m
              [33mclass[39m=[32m"lucide lucide-bot"[39m
              [33mfill[39m=[32m"none"[39m
              [33mheight[39m=[32m"24"[39m
              [33mstroke[39m=[32m"currentColor"[39m
              [33mstroke-linecap[39m=[32m"round"[39m
              [33mstroke-linejoin[39m=[32m"round"[39m
              [33mstroke-width[39m=[32m"2"[39m
              [33mviewBox[39m=[32m"0 0 24 24"[39m
              [33mwidth[39m=[32m"24"[39m
              [33mxmlns[39m=[32m"http://www.w3.org/2000/svg"[39m
            [36m>[39m
              [36m<path[39m
                [33md[39m=[32m"M12 8V4H8"[39m
              [36m/>[39m
              [36m<rect[39m
                [33mheight[39m=[32m"12"[39m
                [33mrx[39m=[32m"2"[39m
                [33mwidth[39m=[32m"16"[39m
                [33mx[39m=[32m"4"[39m
                [33my[39m=[32m"8"[39m
              [36m/>[39m
              [36m<path[39m
                [33md[39m=[32m"M2 14h2"[39m
              [36m/>[39m
              [36m<path[39m
                [33md[39m=[32m"M20 14h2"[39m
              [36m/>[39m
              [36m<path[39m
                [33md[39m=[32m"M15 13v2"[39m
              [36m/>[39m
              [36m<path[39m
                [33md[39m=[32m"M9 13v2"[39m
              [36m/>[39m
            [36m</svg>[39m
            [36m<span>[39m
              [0mAI[0m
            [36m</span>[39m
          [36m</button>[39m
          [36m<button[39m
            [33maria-label[39m=[32m"空间"[39m
            [33mtitle[39m=[32m"空间"[39m
          [36m>[39m
            [36m<svg[39m
              [33maria-hidden[39m=[32m"true"[39m
              [33mclass[39m=[32m"lucide lucide-folder"[39m
              [33mfill[39m=[32m"none"[39m
              [33mheight[39m=[32m"24"[39m
              [33mstroke[39m=[32m"currentColor"[39m
              [33mstroke-linecap[39m=[32m"round"[39m
              [33mstroke-linejoin[39m=[32m"round"[39m
              [33mstroke-width[39m=[32m"2"[39m
              [33mviewBox[39m=[32m"0 0 24 24"[39m
              [33mwidth[39m=[32m"24"[39m
              [33mxmlns[39m=[32m"http://www.w3.org/2000/svg"[39m
            [36m>[39m
              [36m<path[39m
                [33md[39m=[32m"M20 20a2 2 0 0 0 2-2V8a2 2 0 0 0-2-2h-7.9a2 2 0 0 1-1.69-.9L9.6 3.9A2 2 0 0 0 7.93 3H4a2 2 0 0 0-2 2v13a2 2 0 0 0 2 2Z"[39m
              [36m/>[39m
            [36m</svg>[39m
            [36m<span>[39m
              [0m空间[0m
            [36m</span>[39m
          [36m</button>[39m
          [36m<button[39m
            [33maria-current[39m=[32m"page"[39m
            [33maria-label[39m=[32m"任务"[39m
            [33mtitle[39m=[32m"任务"[39m
          [36m>[39m
            [36m<svg[39m
              [33maria-hidden[39m=[32m"true"[39m
              [33mclass[39m=[32m"lucide lucide-list-todo"[39m
              [33mfill[39m=[32m"none"[39m
              [33mheight[39m=[32m"24"[39m
              [33mstroke[39m=[32m"currentColor"[39m
              [33mstroke-linecap[39m=[32m"round"[39m
              [33mstroke-linejoin[39m=[32m"round"[39m
              [33mstroke-width[39m=[32m"2"[39m
              [33mviewBox[39m=[32m"0 0 24 24"[39m
              [33mwidth[39m=[32m"24"[39m
              [33mxmlns[39m=[32m"http://www.w3.org/2000/svg"[39m
            [36m>[39m
              [36m<path[39m
                [33md[39m=[32m"M13 5h8"[39m
              [36m/>[39m
              [36m<path[39m
                [33md[39m=[32m"M13 12h8"[39m
              [36m/>[39m
              [36m<path[39m
                [33md[39m=[32m"M13 19h8"[39m
              [36m/>[39m
              [36m<path[39m
                [33md[39m=[32m"m3 17 2 2 4-4"[39m
              [36m/>[39m
              [36m<rect[39m
                [33mheight[39m=[32m"6"[39m
                [33mrx[39m=[32m"1"[39m
                [33mwidth[39m=[32m"6"[39m
                [33mx[39m=[32m"3"[39m
                [33my[39m=[32m"4"[39m
              [36m/>[39m
            [36m</svg>[39m
            [36m<span>[39m
              [0m任务[0m
            [36m</span>[39m
          [36m</button>[39m
        [36m</nav>[39m
        [36m<button[39m
          [33maria-label[39m=[32m"账户设置"[39m
          [33mclass[39m=[32m"hp-account-button"[39m
          [33mtitle[39m=[32m"账户设置"[39m
        [36m>[39m
          [36m<svg[39m
            [33maria-hidden[39m=[32m"true"[39m
            [33mclass[39m=[32m"lucide lucide-user-round"[39m
            [33mfill[39m=[32m"none"[39m
            [33mheight[39m=[32m"24"[39m
            [33mstroke[39m=[32m"currentColor"[39m
            [33mstroke-linecap[39m=[32m"round"[39m
            [33mstroke-linejoin[39m=[32m"round"[39m
            [33mstroke-width[39m=[32m"2"[39m
            [33mviewBox[39m=[32m"0 0 24 24"[39m
            [33mwidth[39m=[32m"24"[39m
            [33mxmlns[39m=[32m"http://www.w3.org/2000/svg"[39m
          [36m>[39m
            [36m<circle[39m
              [33mcx[39m=[32m"12"[39m
              [33mcy[39m=[32m"8"[39m
              [33mr[39m=[32m"5"[39m
            [36m/>[39m
            [36m<path[39m
              [33md[39m=[32m"M20 21a8 8 0 0 0-16 0"[39m
            [36m/>[39m
          [36m</svg>[39m
        [36m</button>[39m
      [36m</div>[39m
      [36m<aside[39m
        [33maria-label[39m=[32m"上下文导航"[39m
        [33mclass[39m=[32m"hp-context-sidebar"[39m
      [36m>[39m
        [36m<nav[39m
          [33maria-label[39m=[32m"任务分类"[39m
          [33mclass[39m=[32m"hp-task-sidebar"[39m
        [36m>[39m
          [36m<h2>[39m
            [0m任务中心[0m
          [36m</h2>[39m
          [36m<p[39m
            [33mclass[39m=[32m"hp-muted"[39m
          [36m>[39m
            [0m本轮已遍历的任务[0m
          [36m</p>[39m
          [36m<button[39m
            [33maria-current[39m=[32m"page"[39m
          [36m>[39m
            [36m<span>[39m
              [0m需要我处理[0m
            [36m</span>[39m
            [36m<strong>[39m
              [0m0[0m
            [36m</strong>[39m
          [36m</button>[39m
          [36m<button>[39m
            [36m<span>[39m
              [0m进行中[0m
            [36m</span>[39m
            [36m<strong>[39m
              [0m0[0m
            [36m</strong>[39m
          [36m</button>[39m
          [36m<button>[39m
            [36m<span>[39m
              [0m等待或已计划[0m
            [36m</span>[39m
            [36m<strong>[39m
              [0m0[0m
            [36m</strong>[39m
          [36m</button>[39m
          [36m<button>[39m
            [36m<span>[39m
              [0m已结束[0m
            [36m</span>[39m
            [36m<strong>[39m
              [0m0[0m
            [36m</strong>[39m
          [36m</button>[39m
        [36m</nav>[39m
      [36m</aside>[39m
      [36m<main[39m
        [33mclass[39m=[32m"hp-main-canvas"[39m
      [36m>[39m
        [36m<header[39m
          [33mclass[39m=[32m"hp-canvas-header"[39m
        [36m>[39m
          [36m<button[39m
            [33maria-label[39m=[32m"打开侧栏"[39m
            [33mclass[39m=[32m"hp-sidebar-toggle"[39m
            [33mtitle[39m=[32m"打开侧栏"[39m
          [36m>[39m
            [36m<svg[39m
              [33maria-hidden[39m=[32m"true"[39m
              [33mclass[39m=[32m"lucide lucide-menu"[39m
              [33mfill[39m=[32m"none"[39m
              [33mheight[39m=[32m"24"[39m
              [33mstroke[39m=[32m"currentColor"[39m
              [33mstroke-linecap[39m=[32m"round"[39m
              [33mstroke-linejoin[39m=[32m"round"[39m
              [33mstroke-width[39m=[32m"2"[39m
              [33mviewBox[39m=[32m"0 0 24 24"[39m
              [33mwidth[39m=[32m"24"[39m
              [33mxmlns[39m=[32m"http://www.w3.org/2000/svg"[39m
            [36m>[39m
              [36m<path[39m
                [33md[39m=[32m"M4 5h16"[39m
              [36m/>[39m
              [36m<path[39m
                [33md[39m=[32m"M4 12h16"[39m
              [36m/>[39m
              [36m<path[39m
                [33md[39m=[32m"M4 19h16"[39m
              [36m/>[39m
            [36m</svg>[39m
          [36m</button>[39m
          [36m<h1[39m
            [33mid[39m=[32m"canvas-title"[39m
            [33mtabindex[39m=[32m"-1"[39m
          [36m>[39m
            [0m任务[0m
          [36m</h1>[39m
        [36m</header>[39m
        [36m<section[39m
          [33maria-label[39m=[32m"对话页面"[39m
          [33mclass[39m=[32m"hp-shell-chat"[39m
          [33mhidden[39m=[32m""[39m
        [36m>[39m
          [36m<div[39m
            [33mclass[39m=[32m"rt-Flex rt-r-fd-column"[39m
            [33mstyle[39m=[32m"height: 100%;"[39m
          [36m>[39m
            [36m<div[39m
              [33mclass[39m=[32m"rt-Box"[39m
              [33mstyle[39m=[32m"flex: 1 1 0%; min-height: 0px; display: flex; flex-direction: column;"[39m
            [36m>[39m
              [36m<div[39m
                [33mclass[39m=[32m"hp-thread"[39m
              [36m>[39m
                [36m<div[39m
                  [33mclass[39m=[32m"hp-thread__viewport"[39m
                [36m>[39m
                  [36m<div[39m
                    [33mclass[39m=[32m"rt-Flex rt-r-ai-center rt-r-jc-center"[39m
                    [33mstyle[39m=[32m"height: 100%; padding: 24px;"[39m
                  [36m>[39m
                    [36m<span[39m
                      [33mclass[39m=[32m"rt-Text rt-r-size-3"[39m
                      [33mdata-accent-color[39m=[32m"gray"[39m
                    [36m>[39m
                      [0m开始新的对话吧[0m
                    [36m</span>[39m
                  [36m</div>[39m
                [36m</div>[39m
                [36m<form[39m
                  [33mclass[39m=[32m"hp-composer"[39m
                [36m>[39m
                  [36m<div[39m
                    [33mclass[39m=[32m"hp-conversation-resources"[39m
                  [36m>[39m
                    [36m<div[39m
                      [33maria-label[39m=[32m"长期授权资料"[39m
                      [33mclass[39m=[32m"hp-resource-chips"[39m
                    [36m>[39m
                      [36m<button[39m
                        [33mtype[39m=[32m"button"[39m
                      [36m>[39m
                        [0m使用资料[0m
                      [36m</button>[39m
                    [36m</div>[39m
                  [36m</div>[39m
                  [36m<textarea[39m
                    [33maria-label[39m=[32m"消息输入"[39m
                    [33mclass[39m=[32m"hp-composer__input"[39m
                    [33mplaceholder[39m=[32m"输入消息，Enter 发送"[39m
                  [36m/>[39m
                  [36m<div[39m
                    [33mclass[39m=[32m"rt-Flex rt-r-ai-center rt-r-gap-2 hp-composer__actions"[39m
                  [36m>[39m
                    [0m [0m
                    [36m<select[39m
                      [33maria-label[39m=[32m"执行模式"[39m
                    [36m>[39m
                      [36m<option[39m
                        [33mvalue[39m=[32m"react"[39m
                      [36m>[39m
                        [0m快速[0m
                      [36m</option>[39m
                    [36m</select>[39m
                    [36m<button[39m
                      [33mclass[39m=[32m"hp-composer__send"[39m
                      [33mdisabled[39m=[32m""[39m
                      [33mtype[39m=[32m"submit"[39m
                    [36m>[39m
                      [0m发送[0m
                    [36m</button>[39m
                  [36m</div>[39m
                [36m</form>[39m
              [36m</div>[39m
            [36m</div>[39m
          [36m</div>[39m
        [36m</section>[39m
        [36m<section[39m
          [33maria-label[39m=[32m"空间页面"[39m
          [33mclass[39m=[32m"hp-screen-scroll"[39m
          [33mhidden[39m=[32m""[39m
        [36m/>[39m
        [36m<section[39m
          [33maria-label[39m=[32m"任务页面"[39m
          [33mclass[39m=[32m"hp-screen-scroll"[39m
        [36m>[39m
          [36m<div[39m
            [33mclass[39m=[32m"hp-task-screen"[39m
          [36m>[39m
            [36m<div[39m
              [33mclass[39m=[32m"hp-task-toolbar"[39m
            [36m>[39m
              [36m<label>[39m
                [0m任务类型[0m
                [36m<select>[39m
                  [36m<option[39m
                    [33mvalue[39m=[32m"all"[39m
                  [36m>[39m
                    [0m全部[0m
                  [36m</option>[39m
                  [36m<option[39m
                    [33mvalue[39m=[32m"reminder"[39m
                  [36m>[39m
                    [0m提醒[0m
                  [36m</option>[39m
                  [36m<option[39m
                    [33mvalue[39m=[32m"research"[39m
                  [36m>[39m
                    [0m研究[0m
                  [36m</option>[39m
                  [36m<option[39m
                    [33mvalue[39m=[32m"general"[39m
                  [36m>[39m
                    [0m通用任务[0m
                  [36m</option>[39m
                [36m</select>[39m
              [36m</label>[39m
              [36m<button>[39m
                [0m刷新任务[0m
              [36m</button>[39m
              [36m<button>[39m
                [0m新建任务[0m
              [36m</button>[39m
              [36m<button>[39m
                [0m收件箱[0m
              [36m</button>[39m
            [36m</div>[39m
            [36m<h2>[39m
              [0m需要我处理[0m
            [36m</h2>[39m
            [36m<p[39m
              [33mrole[39m=[32m"status"[39m
            [36m>[39m
              [0m已加载 [0m
              [0m0[0m
              [0m 项 ·[0m
              [0m [0m
              [0m全部类型[0m
              [0m [0m
              [0m·[0m
              [0m [0m
              [0m本轮同步完成（7:15:22 PM）[0m
            [36m</p>[39m
            [36m<p>[39m
              [0m暂无任务，可新建提醒、研究或通用任务。[0m
            [36m</p>[39m
          [36m</div>[39m
        [36m</section>[39m
      [36m</main>[39m
    [36m</div>[39m
  [36m</div>[39m
[36m</body>[39m
 ❯ waitForWrapper node_modules/@testing-library/dom/dist/wait-for.js:163:27
 ❯ node_modules/@testing-library/dom/dist/query-helpers.js:86:33
 ❯ openLookup src/App.recovery.test.tsx:138:32
    136|   window.history.replaceState(null, "", "#/tasks");
    137|   render(<App />);
    138|   const summary = await screen.findByText("执行记录与诊断", { selector: "summ…
       |                                ^
    139|   fireEvent.click(summary);
    140|   return screen.getByRole("textbox", { name: "工作编号" });
 ❯ src/App.recovery.test.tsx:266:27

⎯⎯⎯⎯⎯⎯⎯⎯⎯⎯⎯⎯⎯⎯⎯⎯⎯⎯⎯⎯⎯⎯⎯⎯[4/8]⎯

 FAIL  src/App.recovery.test.tsx > UI1-R02 work Run lookup submissions > keeps the newer same-ID lookup when the earlier response arrives last
TestingLibraryElementError: Unable to find an element with the text: 执行记录与诊断, which matches selector 'summary'. This could be because the text is broken up by multiple elements. In this case, you can provide a function for your text matcher to make your matcher more flexible.

Ignored nodes: comments, script, style
[36m<body>[39m
  [36m<div>[39m
    [36m<div[39m
      [33mclass[39m=[32m"hp-shell "[39m
    [36m>[39m
      [36m<div[39m
        [33mclass[39m=[32m"hp-rail"[39m
      [36m>[39m
        [36m<span[39m
          [33maria-label[39m=[32m"HpAgent"[39m
          [33mclass[39m=[32m"hp-brand"[39m
        [36m>[39m
          [0mH[0m
        [36m</span>[39m
        [36m<nav[39m
          [33maria-label[39m=[32m"主导航"[39m
        [36m>[39m
          [36m<button[39m
            [33maria-label[39m=[32m"AI"[39m
            [33mtitle[39m=[32m"AI"[39m
          [36m>[39m
            [36m<svg[39m
              [33maria-hidden[39m=[32m"true"[39m
              [33mclass[39m=[32m"lucide lucide-bot"[39m
              [33mfill[39m=[32m"none"[39m
              [33mheight[39m=[32m"24"[39m
              [33mstroke[39m=[32m"currentColor"[39m
              [33mstroke-linecap[39m=[32m"round"[39m
              [33mstroke-linejoin[39m=[32m"round"[39m
              [33mstroke-width[39m=[32m"2"[39m
              [33mviewBox[39m=[32m"0 0 24 24"[39m
              [33mwidth[39m=[32m"24"[39m
              [33mxmlns[39m=[32m"http://www.w3.org/2000/svg"[39m
            [36m>[39m
              [36m<path[39m
                [33md[39m=[32m"M12 8V4H8"[39m
              [36m/>[39m
              [36m<rect[39m
                [33mheight[39m=[32m"12"[39m
                [33mrx[39m=[32m"2"[39m
                [33mwidth[39m=[32m"16"[39m
                [33mx[39m=[32m"4"[39m
                [33my[39m=[32m"8"[39m
              [36m/>[39m
              [36m<path[39m
                [33md[39m=[32m"M2 14h2"[39m
              [36m/>[39m
              [36m<path[39m
                [33md[39m=[32m"M20 14h2"[39m
              [36m/>[39m
              [36m<path[39m
                [33md[39m=[32m"M15 13v2"[39m
              [36m/>[39m
              [36m<path[39m
                [33md[39m=[32m"M9 13v2"[39m
              [36m/>[39m
            [36m</svg>[39m
            [36m<span>[39m
              [0mAI[0m
            [36m</span>[39m
          [36m</button>[39m
          [36m<button[39m
            [33maria-label[39m=[32m"空间"[39m
            [33mtitle[39m=[32m"空间"[39m
          [36m>[39m
            [36m<svg[39m
              [33maria-hidden[39m=[32m"true"[39m
              [33mclass[39m=[32m"lucide lucide-folder"[39m
              [33mfill[39m=[32m"none"[39m
              [33mheight[39m=[32m"24"[39m
              [33mstroke[39m=[32m"currentColor"[39m
              [33mstroke-linecap[39m=[32m"round"[39m
              [33mstroke-linejoin[39m=[32m"round"[39m
              [33mstroke-width[39m=[32m"2"[39m
              [33mviewBox[39m=[32m"0 0 24 24"[39m
              [33mwidth[39m=[32m"24"[39m
              [33mxmlns[39m=[32m"http://www.w3.org/2000/svg"[39m
            [36m>[39m
              [36m<path[39m
                [33md[39m=[32m"M20 20a2 2 0 0 0 2-2V8a2 2 0 0 0-2-2h-7.9a2 2 0 0 1-1.69-.9L9.6 3.9A2 2 0 0 0 7.93 3H4a2 2 0 0 0-2 2v13a2 2 0 0 0 2 2Z"[39m
              [36m/>[39m
            [36m</svg>[39m
            [36m<span>[39m
              [0m空间[0m
            [36m</span>[39m
          [36m</button>[39m
          [36m<button[39m
            [33maria-current[39m=[32m"page"[39m
            [33maria-label[39m=[32m"任务"[39m
            [33mtitle[39m=[32m"任务"[39m
          [36m>[39m
            [36m<svg[39m
              [33maria-hidden[39m=[32m"true"[39m
              [33mclass[39m=[32m"lucide lucide-list-todo"[39m
              [33mfill[39m=[32m"none"[39m
              [33mheight[39m=[32m"24"[39m
              [33mstroke[39m=[32m"currentColor"[39m
              [33mstroke-linecap[39m=[32m"round"[39m
              [33mstroke-linejoin[39m=[32m"round"[39m
              [33mstroke-width[39m=[32m"2"[39m
              [33mviewBox[39m=[32m"0 0 24 24"[39m
              [33mwidth[39m=[32m"24"[39m
              [33mxmlns[39m=[32m"http://www.w3.org/2000/svg"[39m
            [36m>[39m
              [36m<path[39m
                [33md[39m=[32m"M13 5h8"[39m
              [36m/>[39m
              [36m<path[39m
                [33md[39m=[32m"M13 12h8"[39m
              [36m/>[39m
              [36m<path[39m
                [33md[39m=[32m"M13 19h8"[39m
              [36m/>[39m
              [36m<path[39m
                [33md[39m=[32m"m3 17 2 2 4-4"[39m
              [36m/>[39m
              [36m<rect[39m
                [33mheight[39m=[32m"6"[39m
                [33mrx[39m=[32m"1"[39m
                [33mwidth[39m=[32m"6"[39m
                [33mx[39m=[32m"3"[39m
                [33my[39m=[32m"4"[39m
              [36m/>[39m
            [36m</svg>[39m
            [36m<span>[39m
              [0m任务[0m
            [36m</span>[39m
          [36m</button>[39m
        [36m</nav>[39m
        [36m<button[39m
          [33maria-label[39m=[32m"账户设置"[39m
          [33mclass[39m=[32m"hp-account-button"[39m
          [33mtitle[39m=[32m"账户设置"[39m
        [36m>[39m
          [36m<svg[39m
            [33maria-hidden[39m=[32m"true"[39m
            [33mclass[39m=[32m"lucide lucide-user-round"[39m
            [33mfill[39m=[32m"none"[39m
            [33mheight[39m=[32m"24"[39m
            [33mstroke[39m=[32m"currentColor"[39m
            [33mstroke-linecap[39m=[32m"round"[39m
            [33mstroke-linejoin[39m=[32m"round"[39m
            [33mstroke-width[39m=[32m"2"[39m
            [33mviewBox[39m=[32m"0 0 24 24"[39m
            [33mwidth[39m=[32m"24"[39m
            [33mxmlns[39m=[32m"http://www.w3.org/2000/svg"[39m
          [36m>[39m
            [36m<circle[39m
              [33mcx[39m=[32m"12"[39m
              [33mcy[39m=[32m"8"[39m
              [33mr[39m=[32m"5"[39m
            [36m/>[39m
            [36m<path[39m
              [33md[39m=[32m"M20 21a8 8 0 0 0-16 0"[39m
            [36m/>[39m
          [36m</svg>[39m
        [36m</button>[39m
      [36m</div>[39m
      [36m<aside[39m
        [33maria-label[39m=[32m"上下文导航"[39m
        [33mclass[39m=[32m"hp-context-sidebar"[39m
      [36m>[39m
        [36m<nav[39m
          [33maria-label[39m=[32m"任务分类"[39m
          [33mclass[39m=[32m"hp-task-sidebar"[39m
        [36m>[39m
          [36m<h2>[39m
            [0m任务中心[0m
          [36m</h2>[39m
          [36m<p[39m
            [33mclass[39m=[32m"hp-muted"[39m
          [36m>[39m
            [0m本轮已遍历的任务[0m
          [36m</p>[39m
          [36m<button[39m
            [33maria-current[39m=[32m"page"[39m
          [36m>[39m
            [36m<span>[39m
              [0m需要我处理[0m
            [36m</span>[39m
            [36m<strong>[39m
              [0m0[0m
            [36m</strong>[39m
          [36m</button>[39m
          [36m<button>[39m
            [36m<span>[39m
              [0m进行中[0m
            [36m</span>[39m
            [36m<strong>[39m
              [0m0[0m
            [36m</strong>[39m
          [36m</button>[39m
          [36m<button>[39m
            [36m<span>[39m
              [0m等待或已计划[0m
            [36m</span>[39m
            [36m<strong>[39m
              [0m0[0m
            [36m</strong>[39m
          [36m</button>[39m
          [36m<button>[39m
            [36m<span>[39m
              [0m已结束[0m
            [36m</span>[39m
            [36m<strong>[39m
              [0m0[0m
            [36m</strong>[39m
          [36m</button>[39m
        [36m</nav>[39m
      [36m</aside>[39m
      [36m<main[39m
        [33mclass[39m=[32m"hp-main-canvas"[39m
      [36m>[39m
        [36m<header[39m
          [33mclass[39m=[32m"hp-canvas-header"[39m
        [36m>[39m
          [36m<button[39m
            [33maria-label[39m=[32m"打开侧栏"[39m
            [33mclass[39m=[32m"hp-sidebar-toggle"[39m
            [33mtitle[39m=[32m"打开侧栏"[39m
          [36m>[39m
            [36m<svg[39m
              [33maria-hidden[39m=[32m"true"[39m
              [33mclass[39m=[32m"lucide lucide-menu"[39m
              [33mfill[39m=[32m"none"[39m
              [33mheight[39m=[32m"24"[39m
              [33mstroke[39m=[32m"currentColor"[39m
              [33mstroke-linecap[39m=[32m"round"[39m
              [33mstroke-linejoin[39m=[32m"round"[39m
              [33mstroke-width[39m=[32m"2"[39m
              [33mviewBox[39m=[32m"0 0 24 24"[39m
              [33mwidth[39m=[32m"24"[39m
              [33mxmlns[39m=[32m"http://www.w3.org/2000/svg"[39m
            [36m>[39m
              [36m<path[39m
                [33md[39m=[32m"M4 5h16"[39m
              [36m/>[39m
              [36m<path[39m
                [33md[39m=[32m"M4 12h16"[39m
              [36m/>[39m
              [36m<path[39m
                [33md[39m=[32m"M4 19h16"[39m
              [36m/>[39m
            [36m</svg>[39m
          [36m</button>[39m
          [36m<h1[39m
            [33mid[39m=[32m"canvas-title"[39m
            [33mtabindex[39m=[32m"-1"[39m
          [36m>[39m
            [0m任务[0m
          [36m</h1>[39m
        [36m</header>[39m
        [36m<section[39m
          [33maria-label[39m=[32m"对话页面"[39m
          [33mclass[39m=[32m"hp-shell-chat"[39m
          [33mhidden[39m=[32m""[39m
        [36m>[39m
          [36m<div[39m
            [33mclass[39m=[32m"rt-Flex rt-r-fd-column"[39m
            [33mstyle[39m=[32m"height: 100%;"[39m
          [36m>[39m
            [36m<div[39m
              [33mclass[39m=[32m"rt-Box"[39m
              [33mstyle[39m=[32m"flex: 1 1 0%; min-height: 0px; display: flex; flex-direction: column;"[39m
            [36m>[39m
              [36m<div[39m
                [33mclass[39m=[32m"hp-thread"[39m
              [36m>[39m
                [36m<div[39m
                  [33mclass[39m=[32m"hp-thread__viewport"[39m
                [36m>[39m
                  [36m<div[39m
                    [33mclass[39m=[32m"rt-Flex rt-r-ai-center rt-r-jc-center"[39m
                    [33mstyle[39m=[32m"height: 100%; padding: 24px;"[39m
                  [36m>[39m
                    [36m<span[39m
                      [33mclass[39m=[32m"rt-Text rt-r-size-3"[39m
                      [33mdata-accent-color[39m=[32m"gray"[39m
                    [36m>[39m
                      [0m开始新的对话吧[0m
                    [36m</span>[39m
                  [36m</div>[39m
                [36m</div>[39m
                [36m<form[39m
                  [33mclass[39m=[32m"hp-composer"[39m
                [36m>[39m
                  [36m<div[39m
                    [33mclass[39m=[32m"hp-conversation-resources"[39m
                  [36m>[39m
                    [36m<div[39m
                      [33maria-label[39m=[32m"长期授权资料"[39m
                      [33mclass[39m=[32m"hp-resource-chips"[39m
                    [36m>[39m
                      [36m<button[39m
                        [33mtype[39m=[32m"button"[39m
                      [36m>[39m
                        [0m使用资料[0m
                      [36m</button>[39m
                    [36m</div>[39m
                  [36m</div>[39m
                  [36m<textarea[39m
                    [33maria-label[39m=[32m"消息输入"[39m
                    [33mclass[39m=[32m"hp-composer__input"[39m
                    [33mplaceholder[39m=[32m"输入消息，Enter 发送"[39m
                  [36m/>[39m
                  [36m<div[39m
                    [33mclass[39m=[32m"rt-Flex rt-r-ai-center rt-r-gap-2 hp-composer__actions"[39m
                  [36m>[39m
                    [0m [0m
                    [36m<select[39m
                      [33maria-label[39m=[32m"执行模式"[39m
                    [36m>[39m
                      [36m<option[39m
                        [33mvalue[39m=[32m"react"[39m
                      [36m>[39m
                        [0m快速[0m
                      [36m</option>[39m
                    [36m</select>[39m
                    [36m<button[39m
                      [33mclass[39m=[32m"hp-composer__send"[39m
                      [33mdisabled[39m=[32m""[39m
                      [33mtype[39m=[32m"submit"[39m
                    [36m>[39m
                      [0m发送[0m
                    [36m</button>[39m
                  [36m</div>[39m
                [36m</form>[39m
              [36m</div>[39m
            [36m</div>[39m
          [36m</div>[39m
        [36m</section>[39m
        [36m<section[39m
          [33maria-label[39m=[32m"空间页面"[39m
          [33mclass[39m=[32m"hp-screen-scroll"[39m
          [33mhidden[39m=[32m""[39m
        [36m/>[39m
        [36m<section[39m
          [33maria-label[39m=[32m"任务页面"[39m
          [33mclass[39m=[32m"hp-screen-scroll"[39m
        [36m>[39m
          [36m<div[39m
            [33mclass[39m=[32m"hp-task-screen"[39m
          [36m>[39m
            [36m<div[39m
              [33mclass[39m=[32m"hp-task-toolbar"[39m
            [36m>[39m
              [36m<label>[39m
                [0m任务类型[0m
                [36m<select>[39m
                  [36m<option[39m
                    [33mvalue[39m=[32m"all"[39m
                  [36m>[39m
                    [0m全部[0m
                  [36m</option>[39m
                  [36m<option[39m
                    [33mvalue[39m=[32m"reminder"[39m
                  [36m>[39m
                    [0m提醒[0m
                  [36m</option>[39m
                  [36m<option[39m
                    [33mvalue[39m=[32m"research"[39m
                  [36m>[39m
                    [0m研究[0m
                  [36m</option>[39m
                  [36m<option[39m
                    [33mvalue[39m=[32m"general"[39m
                  [36m>[39m
                    [0m通用任务[0m
                  [36m</option>[39m
                [36m</select>[39m
              [36m</label>[39m
              [36m<button>[39m
                [0m刷新任务[0m
              [36m</button>[39m
              [36m<button>[39m
                [0m新建任务[0m
              [36m</button>[39m
              [36m<button>[39m
                [0m收件箱[0m
              [36m</button>[39m
            [36m</div>[39m
            [36m<h2>[39m
              [0m需要我处理[0m
            [36m</h2>[39m
            [36m<p[39m
              [33mrole[39m=[32m"status"[39m
            [36m>[39m
              [0m已加载 [0m
              [0m0[0m
              [0m 项 ·[0m
              [0m [0m
              [0m全部类型[0m
              [0m [0m
              [0m·[0m
              [0m [0m
              [0m本轮同步完成（7:15:23 PM）[0m
            [36m</p>[39m
            [36m<p>[39m
              [0m暂无任务，可新建提醒、研究或通用任务。[0m
            [36m</p>[39m
          [36m</div>[39m
        [36m</section>[39m
      [36m</main>[39m
    [36m</div>[39m
  [36m</div>[39m
[36m</body>[39m

Ignored nodes: comments, script, style
[36m<body>[39m
  [36m<div>[39m
    [36m<div[39m
      [33mclass[39m=[32m"hp-shell "[39m
    [36m>[39m
      [36m<div[39m
        [33mclass[39m=[32m"hp-rail"[39m
      [36m>[39m
        [36m<span[39m
          [33maria-label[39m=[32m"HpAgent"[39m
          [33mclass[39m=[32m"hp-brand"[39m
        [36m>[39m
          [0mH[0m
        [36m</span>[39m
        [36m<nav[39m
          [33maria-label[39m=[32m"主导航"[39m
        [36m>[39m
          [36m<button[39m
            [33maria-label[39m=[32m"AI"[39m
            [33mtitle[39m=[32m"AI"[39m
          [36m>[39m
            [36m<svg[39m
              [33maria-hidden[39m=[32m"true"[39m
              [33mclass[39m=[32m"lucide lucide-bot"[39m
              [33mfill[39m=[32m"none"[39m
              [33mheight[39m=[32m"24"[39m
              [33mstroke[39m=[32m"currentColor"[39m
              [33mstroke-linecap[39m=[32m"round"[39m
              [33mstroke-linejoin[39m=[32m"round"[39m
              [33mstroke-width[39m=[32m"2"[39m
              [33mviewBox[39m=[32m"0 0 24 24"[39m
              [33mwidth[39m=[32m"24"[39m
              [33mxmlns[39m=[32m"http://www.w3.org/2000/svg"[39m
            [36m>[39m
              [36m<path[39m
                [33md[39m=[32m"M12 8V4H8"[39m
              [36m/>[39m
              [36m<rect[39m
                [33mheight[39m=[32m"12"[39m
                [33mrx[39m=[32m"2"[39m
                [33mwidth[39m=[32m"16"[39m
                [33mx[39m=[32m"4"[39m
                [33my[39m=[32m"8"[39m
              [36m/>[39m
              [36m<path[39m
                [33md[39m=[32m"M2 14h2"[39m
              [36m/>[39m
              [36m<path[39m
                [33md[39m=[32m"M20 14h2"[39m
              [36m/>[39m
              [36m<path[39m
                [33md[39m=[32m"M15 13v2"[39m
              [36m/>[39m
              [36m<path[39m
                [33md[39m=[32m"M9 13v2"[39m
              [36m/>[39m
            [36m</svg>[39m
            [36m<span>[39m
              [0mAI[0m
            [36m</span>[39m
          [36m</button>[39m
          [36m<button[39m
            [33maria-label[39m=[32m"空间"[39m
            [33mtitle[39m=[32m"空间"[39m
          [36m>[39m
            [36m<svg[39m
              [33maria-hidden[39m=[32m"true"[39m
              [33mclass[39m=[32m"lucide lucide-folder"[39m
              [33mfill[39m=[32m"none"[39m
              [33mheight[39m=[32m"24"[39m
              [33mstroke[39m=[32m"currentColor"[39m
              [33mstroke-linecap[39m=[32m"round"[39m
              [33mstroke-linejoin[39m=[32m"round"[39m
              [33mstroke-width[39m=[32m"2"[39m
              [33mviewBox[39m=[32m"0 0 24 24"[39m
              [33mwidth[39m=[32m"24"[39m
              [33mxmlns[39m=[32m"http://www.w3.org/2000/svg"[39m
            [36m>[39m
              [36m<path[39m
                [33md[39m=[32m"M20 20a2 2 0 0 0 2-2V8a2 2 0 0 0-2-2h-7.9a2 2 0 0 1-1.69-.9L9.6 3.9A2 2 0 0 0 7.93 3H4a2 2 0 0 0-2 2v13a2 2 0 0 0 2 2Z"[39m
              [36m/>[39m
            [36m</svg>[39m
            [36m<span>[39m
              [0m空间[0m
            [36m</span>[39m
          [36m</button>[39m
          [36m<button[39m
            [33maria-current[39m=[32m"page"[39m
            [33maria-label[39m=[32m"任务"[39m
            [33mtitle[39m=[32m"任务"[39m
          [36m>[39m
            [36m<svg[39m
              [33maria-hidden[39m=[32m"true"[39m
              [33mclass[39m=[32m"lucide lucide-list-todo"[39m
              [33mfill[39m=[32m"none"[39m
              [33mheight[39m=[32m"24"[39m
              [33mstroke[39m=[32m"currentColor"[39m
              [33mstroke-linecap[39m=[32m"round"[39m
              [33mstroke-linejoin[39m=[32m"round"[39m
              [33mstroke-width[39m=[32m"2"[39m
              [33mviewBox[39m=[32m"0 0 24 24"[39m
              [33mwidth[39m=[32m"24"[39m
              [33mxmlns[39m=[32m"http://www.w3.org/2000/svg"[39m
            [36m>[39m
              [36m<path[39m
                [33md[39m=[32m"M13 5h8"[39m
              [36m/>[39m
              [36m<path[39m
                [33md[39m=[32m"M13 12h8"[39m
              [36m/>[39m
              [36m<path[39m
                [33md[39m=[32m"M13 19h8"[39m
              [36m/>[39m
              [36m<path[39m
                [33md[39m=[32m"m3 17 2 2 4-4"[39m
              [36m/>[39m
              [36m<rect[39m
                [33mheight[39m=[32m"6"[39m
                [33mrx[39m=[32m"1"[39m
                [33mwidth[39m=[32m"6"[39m
                [33mx[39m=[32m"3"[39m
                [33my[39m=[32m"4"[39m
              [36m/>[39m
            [36m</svg>[39m
            [36m<span>[39m
              [0m任务[0m
            [36m</span>[39m
          [36m</button>[39m
        [36m</nav>[39m
        [36m<button[39m
          [33maria-label[39m=[32m"账户设置"[39m
          [33mclass[39m=[32m"hp-account-button"[39m
          [33mtitle[39m=[32m"账户设置"[39m
        [36m>[39m
          [36m<svg[39m
            [33maria-hidden[39m=[32m"true"[39m
            [33mclass[39m=[32m"lucide lucide-user-round"[39m
            [33mfill[39m=[32m"none"[39m
            [33mheight[39m=[32m"24"[39m
            [33mstroke[39m=[32m"currentColor"[39m
            [33mstroke-linecap[39m=[32m"round"[39m
            [33mstroke-linejoin[39m=[32m"round"[39m
            [33mstroke-width[39m=[32m"2"[39m
            [33mviewBox[39m=[32m"0 0 24 24"[39m
            [33mwidth[39m=[32m"24"[39m
            [33mxmlns[39m=[32m"http://www.w3.org/2000/svg"[39m
          [36m>[39m
            [36m<circle[39m
              [33mcx[39m=[32m"12"[39m
              [33mcy[39m=[32m"8"[39m
              [33mr[39m=[32m"5"[39m
            [36m/>[39m
            [36m<path[39m
              [33md[39m=[32m"M20 21a8 8 0 0 0-16 0"[39m
            [36m/>[39m
          [36m</svg>[39m
        [36m</button>[39m
      [36m</div>[39m
      [36m<aside[39m
        [33maria-label[39m=[32m"上下文导航"[39m
        [33mclass[39m=[32m"hp-context-sidebar"[39m
      [36m>[39m
        [36m<nav[39m
          [33maria-label[39m=[32m"任务分类"[39m
          [33mclass[39m=[32m"hp-task-sidebar"[39m
        [36m>[39m
          [36m<h2>[39m
            [0m任务中心[0m
          [36m</h2>[39m
          [36m<p[39m
            [33mclass[39m=[32m"hp-muted"[39m
          [36m>[39m
            [0m本轮已遍历的任务[0m
          [36m</p>[39m
          [36m<button[39m
            [33maria-current[39m=[32m"page"[39m
          [36m>[39m
            [36m<span>[39m
              [0m需要我处理[0m
            [36m</span>[39m
            [36m<strong>[39m
              [0m0[0m
            [36m</strong>[39m
          [36m</button>[39m
          [36m<button>[39m
            [36m<span>[39m
              [0m进行中[0m
            [36m</span>[39m
            [36m<strong>[39m
              [0m0[0m
            [36m</strong>[39m
          [36m</button>[39m
          [36m<button>[39m
            [36m<span>[39m
              [0m等待或已计划[0m
            [36m</span>[39m
            [36m<strong>[39m
              [0m0[0m
            [36m</strong>[39m
          [36m</button>[39m
          [36m<button>[39m
            [36m<span>[39m
              [0m已结束[0m
            [36m</span>[39m
            [36m<strong>[39m
              [0m0[0m
            [36m</strong>[39m
          [36m</button>[39m
        [36m</nav>[39m
      [36m</aside>[39m
      [36m<main[39m
        [33mclass[39m=[32m"hp-main-canvas"[39m
      [36m>[39m
        [36m<header[39m
          [33mclass[39m=[32m"hp-canvas-header"[39m
        [36m>[39m
          [36m<button[39m
            [33maria-label[39m=[32m"打开侧栏"[39m
            [33mclass[39m=[32m"hp-sidebar-toggle"[39m
            [33mtitle[39m=[32m"打开侧栏"[39m
          [36m>[39m
            [36m<svg[39m
              [33maria-hidden[39m=[32m"true"[39m
              [33mclass[39m=[32m"lucide lucide-menu"[39m
              [33mfill[39m=[32m"none"[39m
              [33mheight[39m=[32m"24"[39m
              [33mstroke[39m=[32m"currentColor"[39m
              [33mstroke-linecap[39m=[32m"round"[39m
              [33mstroke-linejoin[39m=[32m"round"[39m
              [33mstroke-width[39m=[32m"2"[39m
              [33mviewBox[39m=[32m"0 0 24 24"[39m
              [33mwidth[39m=[32m"24"[39m
              [33mxmlns[39m=[32m"http://www.w3.org/2000/svg"[39m
            [36m>[39m
              [36m<path[39m
                [33md[39m=[32m"M4 5h16"[39m
              [36m/>[39m
              [36m<path[39m
                [33md[39m=[32m"M4 12h16"[39m
              [36m/>[39m
              [36m<path[39m
                [33md[39m=[32m"M4 19h16"[39m
              [36m/>[39m
            [36m</svg>[39m
          [36m</button>[39m
          [36m<h1[39m
            [33mid[39m=[32m"canvas-title"[39m
            [33mtabindex[39m=[32m"-1"[39m
          [36m>[39m
            [0m任务[0m
          [36m</h1>[39m
        [36m</header>[39m
        [36m<section[39m
          [33maria-label[39m=[32m"对话页面"[39m
          [33mclass[39m=[32m"hp-shell-chat"[39m
          [33mhidden[39m=[32m""[39m
        [36m>[39m
          [36m<div[39m
            [33mclass[39m=[32m"rt-Flex rt-r-fd-column"[39m
            [33mstyle[39m=[32m"height: 100%;"[39m
          [36m>[39m
            [36m<div[39m
              [33mclass[39m=[32m"rt-Box"[39m
              [33mstyle[39m=[32m"flex: 1 1 0%; min-height: 0px; display: flex; flex-direction: column;"[39m
            [36m>[39m
              [36m<div[39m
                [33mclass[39m=[32m"hp-thread"[39m
              [36m>[39m
                [36m<div[39m
                  [33mclass[39m=[32m"hp-thread__viewport"[39m
                [36m>[39m
                  [36m<div[39m
                    [33mclass[39m=[32m"rt-Flex rt-r-ai-center rt-r-jc-center"[39m
                    [33mstyle[39m=[32m"height: 100%; padding: 24px;"[39m
                  [36m>[39m
                    [36m<span[39m
                      [33mclass[39m=[32m"rt-Text rt-r-size-3"[39m
                      [33mdata-accent-color[39m=[32m"gray"[39m
                    [36m>[39m
                      [0m开始新的对话吧[0m
                    [36m</span>[39m
                  [36m</div>[39m
                [36m</div>[39m
                [36m<form[39m
                  [33mclass[39m=[32m"hp-composer"[39m
                [36m>[39m
                  [36m<div[39m
                    [33mclass[39m=[32m"hp-conversation-resources"[39m
                  [36m>[39m
                    [36m<div[39m
                      [33maria-label[39m=[32m"长期授权资料"[39m
                      [33mclass[39m=[32m"hp-resource-chips"[39m
                    [36m>[39m
                      [36m<button[39m
                        [33mtype[39m=[32m"button"[39m
                      [36m>[39m
                        [0m使用资料[0m
                      [36m</button>[39m
                    [36m</div>[39m
                  [36m</div>[39m
                  [36m<textarea[39m
                    [33maria-label[39m=[32m"消息输入"[39m
                    [33mclass[39m=[32m"hp-composer__input"[39m
                    [33mplaceholder[39m=[32m"输入消息，Enter 发送"[39m
                  [36m/>[39m
                  [36m<div[39m
                    [33mclass[39m=[32m"rt-Flex rt-r-ai-center rt-r-gap-2 hp-composer__actions"[39m
                  [36m>[39m
                    [0m [0m
                    [36m<select[39m
                      [33maria-label[39m=[32m"执行模式"[39m
                    [36m>[39m
                      [36m<option[39m
                        [33mvalue[39m=[32m"react"[39m
                      [36m>[39m
                        [0m快速[0m
                      [36m</option>[39m
                    [36m</select>[39m
                    [36m<button[39m
                      [33mclass[39m=[32m"hp-composer__send"[39m
                      [33mdisabled[39m=[32m""[39m
                      [33mtype[39m=[32m"submit"[39m
                    [36m>[39m
                      [0m发送[0m
                    [36m</button>[39m
                  [36m</div>[39m
                [36m</form>[39m
              [36m</div>[39m
            [36m</div>[39m
          [36m</div>[39m
        [36m</section>[39m
        [36m<section[39m
          [33maria-label[39m=[32m"空间页面"[39m
          [33mclass[39m=[32m"hp-screen-scroll"[39m
          [33mhidden[39m=[32m""[39m
        [36m/>[39m
        [36m<section[39m
          [33maria-label[39m=[32m"任务页面"[39m
          [33mclass[39m=[32m"hp-screen-scroll"[39m
        [36m>[39m
          [36m<div[39m
            [33mclass[39m=[32m"hp-task-screen"[39m
          [36m>[39m
            [36m<div[39m
              [33mclass[39m=[32m"hp-task-toolbar"[39m
            [36m>[39m
              [36m<label>[39m
                [0m任务类型[0m
                [36m<select>[39m
                  [36m<option[39m
                    [33mvalue[39m=[32m"all"[39m
                  [36m>[39m
                    [0m全部[0m
                  [36m</option>[39m
                  [36m<option[39m
                    [33mvalue[39m=[32m"reminder"[39m
                  [36m>[39m
                    [0m提醒[0m
                  [36m</option>[39m
                  [36m<option[39m
                    [33mvalue[39m=[32m"research"[39m
                  [36m>[39m
                    [0m研究[0m
                  [36m</option>[39m
                  [36m<option[39m
                    [33mvalue[39m=[32m"general"[39m
                  [36m>[39m
                    [0m通用任务[0m
                  [36m</option>[39m
                [36m</select>[39m
              [36m</label>[39m
              [36m<button>[39m
                [0m刷新任务[0m
              [36m</button>[39m
              [36m<button>[39m
                [0m新建任务[0m
              [36m</button>[39m
              [36m<button>[39m
                [0m收件箱[0m
              [36m</button>[39m
            [36m</div>[39m
            [36m<h2>[39m
              [0m需要我处理[0m
            [36m</h2>[39m
            [36m<p[39m
              [33mrole[39m=[32m"status"[39m
            [36m>[39m
              [0m已加载 [0m
              [0m0[0m
              [0m 项 ·[0m
              [0m [0m
              [0m全部类型[0m
              [0m [0m
              [0m·[0m
              [0m [0m
              [0m本轮同步完成（7:15:23 PM）[0m
            [36m</p>[39m
            [36m<p>[39m
              [0m暂无任务，可新建提醒、研究或通用任务。[0m
            [36m</p>[39m
          [36m</div>[39m
        [36m</section>[39m
      [36m</main>[39m
    [36m</div>[39m
  [36m</div>[39m
[36m</body>[39m
 ❯ waitForWrapper node_modules/@testing-library/dom/dist/wait-for.js:163:27
 ❯ node_modules/@testing-library/dom/dist/query-helpers.js:86:33
 ❯ openLookup src/App.recovery.test.tsx:138:32
    136|   window.history.replaceState(null, "", "#/tasks");
    137|   render(<App />);
    138|   const summary = await screen.findByText("执行记录与诊断", { selector: "summ…
       |                                ^
    139|   fireEvent.click(summary);
    140|   return screen.getByRole("textbox", { name: "工作编号" });
 ❯ src/App.recovery.test.tsx:284:25

⎯⎯⎯⎯⎯⎯⎯⎯⎯⎯⎯⎯⎯⎯⎯⎯⎯⎯⎯⎯⎯⎯⎯⎯[5/8]⎯

 FAIL  src/App.recovery.test.tsx > UI1-R02 work Run lookup submissions > keeps the current B error when an older A lookup succeeds late
TestingLibraryElementError: Unable to find an element with the text: 执行记录与诊断, which matches selector 'summary'. This could be because the text is broken up by multiple elements. In this case, you can provide a function for your text matcher to make your matcher more flexible.

Ignored nodes: comments, script, style
[36m<body>[39m
  [36m<div>[39m
    [36m<div[39m
      [33mclass[39m=[32m"hp-shell "[39m
    [36m>[39m
      [36m<div[39m
        [33mclass[39m=[32m"hp-rail"[39m
      [36m>[39m
        [36m<span[39m
          [33maria-label[39m=[32m"HpAgent"[39m
          [33mclass[39m=[32m"hp-brand"[39m
        [36m>[39m
          [0mH[0m
        [36m</span>[39m
        [36m<nav[39m
          [33maria-label[39m=[32m"主导航"[39m
        [36m>[39m
          [36m<button[39m
            [33maria-label[39m=[32m"AI"[39m
            [33mtitle[39m=[32m"AI"[39m
          [36m>[39m
            [36m<svg[39m
              [33maria-hidden[39m=[32m"true"[39m
              [33mclass[39m=[32m"lucide lucide-bot"[39m
              [33mfill[39m=[32m"none"[39m
              [33mheight[39m=[32m"24"[39m
              [33mstroke[39m=[32m"currentColor"[39m
              [33mstroke-linecap[39m=[32m"round"[39m
              [33mstroke-linejoin[39m=[32m"round"[39m
              [33mstroke-width[39m=[32m"2"[39m
              [33mviewBox[39m=[32m"0 0 24 24"[39m
              [33mwidth[39m=[32m"24"[39m
              [33mxmlns[39m=[32m"http://www.w3.org/2000/svg"[39m
            [36m>[39m
              [36m<path[39m
                [33md[39m=[32m"M12 8V4H8"[39m
              [36m/>[39m
              [36m<rect[39m
                [33mheight[39m=[32m"12"[39m
                [33mrx[39m=[32m"2"[39m
                [33mwidth[39m=[32m"16"[39m
                [33mx[39m=[32m"4"[39m
                [33my[39m=[32m"8"[39m
              [36m/>[39m
              [36m<path[39m
                [33md[39m=[32m"M2 14h2"[39m
              [36m/>[39m
              [36m<path[39m
                [33md[39m=[32m"M20 14h2"[39m
              [36m/>[39m
              [36m<path[39m
                [33md[39m=[32m"M15 13v2"[39m
              [36m/>[39m
              [36m<path[39m
                [33md[39m=[32m"M9 13v2"[39m
              [36m/>[39m
            [36m</svg>[39m
            [36m<span>[39m
              [0mAI[0m
            [36m</span>[39m
          [36m</button>[39m
          [36m<button[39m
            [33maria-label[39m=[32m"空间"[39m
            [33mtitle[39m=[32m"空间"[39m
          [36m>[39m
            [36m<svg[39m
              [33maria-hidden[39m=[32m"true"[39m
              [33mclass[39m=[32m"lucide lucide-folder"[39m
              [33mfill[39m=[32m"none"[39m
              [33mheight[39m=[32m"24"[39m
              [33mstroke[39m=[32m"currentColor"[39m
              [33mstroke-linecap[39m=[32m"round"[39m
              [33mstroke-linejoin[39m=[32m"round"[39m
              [33mstroke-width[39m=[32m"2"[39m
              [33mviewBox[39m=[32m"0 0 24 24"[39m
              [33mwidth[39m=[32m"24"[39m
              [33mxmlns[39m=[32m"http://www.w3.org/2000/svg"[39m
            [36m>[39m
              [36m<path[39m
                [33md[39m=[32m"M20 20a2 2 0 0 0 2-2V8a2 2 0 0 0-2-2h-7.9a2 2 0 0 1-1.69-.9L9.6 3.9A2 2 0 0 0 7.93 3H4a2 2 0 0 0-2 2v13a2 2 0 0 0 2 2Z"[39m
              [36m/>[39m
            [36m</svg>[39m
            [36m<span>[39m
              [0m空间[0m
            [36m</span>[39m
          [36m</button>[39m
          [36m<button[39m
            [33maria-current[39m=[32m"page"[39m
            [33maria-label[39m=[32m"任务"[39m
            [33mtitle[39m=[32m"任务"[39m
          [36m>[39m
            [36m<svg[39m
              [33maria-hidden[39m=[32m"true"[39m
              [33mclass[39m=[32m"lucide lucide-list-todo"[39m
              [33mfill[39m=[32m"none"[39m
              [33mheight[39m=[32m"24"[39m
              [33mstroke[39m=[32m"currentColor"[39m
              [33mstroke-linecap[39m=[32m"round"[39m
              [33mstroke-linejoin[39m=[32m"round"[39m
              [33mstroke-width[39m=[32m"2"[39m
              [33mviewBox[39m=[32m"0 0 24 24"[39m
              [33mwidth[39m=[32m"24"[39m
              [33mxmlns[39m=[32m"http://www.w3.org/2000/svg"[39m
            [36m>[39m
              [36m<path[39m
                [33md[39m=[32m"M13 5h8"[39m
              [36m/>[39m
              [36m<path[39m
                [33md[39m=[32m"M13 12h8"[39m
              [36m/>[39m
              [36m<path[39m
                [33md[39m=[32m"M13 19h8"[39m
              [36m/>[39m
              [36m<path[39m
                [33md[39m=[32m"m3 17 2 2 4-4"[39m
              [36m/>[39m
              [36m<rect[39m
                [33mheight[39m=[32m"6"[39m
                [33mrx[39m=[32m"1"[39m
                [33mwidth[39m=[32m"6"[39m
                [33mx[39m=[32m"3"[39m
                [33my[39m=[32m"4"[39m
              [36m/>[39m
            [36m</svg>[39m
            [36m<span>[39m
              [0m任务[0m
            [36m</span>[39m
          [36m</button>[39m
        [36m</nav>[39m
        [36m<button[39m
          [33maria-label[39m=[32m"账户设置"[39m
          [33mclass[39m=[32m"hp-account-button"[39m
          [33mtitle[39m=[32m"账户设置"[39m
        [36m>[39m
          [36m<svg[39m
            [33maria-hidden[39m=[32m"true"[39m
            [33mclass[39m=[32m"lucide lucide-user-round"[39m
            [33mfill[39m=[32m"none"[39m
            [33mheight[39m=[32m"24"[39m
            [33mstroke[39m=[32m"currentColor"[39m
            [33mstroke-linecap[39m=[32m"round"[39m
            [33mstroke-linejoin[39m=[32m"round"[39m
            [33mstroke-width[39m=[32m"2"[39m
            [33mviewBox[39m=[32m"0 0 24 24"[39m
            [33mwidth[39m=[32m"24"[39m
            [33mxmlns[39m=[32m"http://www.w3.org/2000/svg"[39m
          [36m>[39m
            [36m<circle[39m
              [33mcx[39m=[32m"12"[39m
              [33mcy[39m=[32m"8"[39m
              [33mr[39m=[32m"5"[39m
            [36m/>[39m
            [36m<path[39m
              [33md[39m=[32m"M20 21a8 8 0 0 0-16 0"[39m
            [36m/>[39m
          [36m</svg>[39m
        [36m</button>[39m
      [36m</div>[39m
      [36m<aside[39m
        [33maria-label[39m=[32m"上下文导航"[39m
        [33mclass[39m=[32m"hp-context-sidebar"[39m
      [36m>[39m
        [36m<nav[39m
          [33maria-label[39m=[32m"任务分类"[39m
          [33mclass[39m=[32m"hp-task-sidebar"[39m
        [36m>[39m
          [36m<h2>[39m
            [0m任务中心[0m
          [36m</h2>[39m
          [36m<p[39m
            [33mclass[39m=[32m"hp-muted"[39m
          [36m>[39m
            [0m本轮已遍历的任务[0m
          [36m</p>[39m
          [36m<button[39m
            [33maria-current[39m=[32m"page"[39m
          [36m>[39m
            [36m<span>[39m
              [0m需要我处理[0m
            [36m</span>[39m
            [36m<strong>[39m
              [0m0[0m
            [36m</strong>[39m
          [36m</button>[39m
          [36m<button>[39m
            [36m<span>[39m
              [0m进行中[0m
            [36m</span>[39m
            [36m<strong>[39m
              [0m0[0m
            [36m</strong>[39m
          [36m</button>[39m
          [36m<button>[39m
            [36m<span>[39m
              [0m等待或已计划[0m
            [36m</span>[39m
            [36m<strong>[39m
              [0m0[0m
            [36m</strong>[39m
          [36m</button>[39m
          [36m<button>[39m
            [36m<span>[39m
              [0m已结束[0m
            [36m</span>[39m
            [36m<strong>[39m
              [0m0[0m
            [36m</strong>[39m
          [36m</button>[39m
        [36m</nav>[39m
      [36m</aside>[39m
      [36m<main[39m
        [33mclass[39m=[32m"hp-main-canvas"[39m
      [36m>[39m
        [36m<header[39m
          [33mclass[39m=[32m"hp-canvas-header"[39m
        [36m>[39m
          [36m<button[39m
            [33maria-label[39m=[32m"打开侧栏"[39m
            [33mclass[39m=[32m"hp-sidebar-toggle"[39m
            [33mtitle[39m=[32m"打开侧栏"[39m
          [36m>[39m
            [36m<svg[39m
              [33maria-hidden[39m=[32m"true"[39m
              [33mclass[39m=[32m"lucide lucide-menu"[39m
              [33mfill[39m=[32m"none"[39m
              [33mheight[39m=[32m"24"[39m
              [33mstroke[39m=[32m"currentColor"[39m
              [33mstroke-linecap[39m=[32m"round"[39m
              [33mstroke-linejoin[39m=[32m"round"[39m
              [33mstroke-width[39m=[32m"2"[39m
              [33mviewBox[39m=[32m"0 0 24 24"[39m
              [33mwidth[39m=[32m"24"[39m
              [33mxmlns[39m=[32m"http://www.w3.org/2000/svg"[39m
            [36m>[39m
              [36m<path[39m
                [33md[39m=[32m"M4 5h16"[39m
              [36m/>[39m
              [36m<path[39m
                [33md[39m=[32m"M4 12h16"[39m
              [36m/>[39m
              [36m<path[39m
                [33md[39m=[32m"M4 19h16"[39m
              [36m/>[39m
            [36m</svg>[39m
          [36m</button>[39m
          [36m<h1[39m
            [33mid[39m=[32m"canvas-title"[39m
            [33mtabindex[39m=[32m"-1"[39m
          [36m>[39m
            [0m任务[0m
          [36m</h1>[39m
        [36m</header>[39m
        [36m<section[39m
          [33maria-label[39m=[32m"对话页面"[39m
          [33mclass[39m=[32m"hp-shell-chat"[39m
          [33mhidden[39m=[32m""[39m
        [36m>[39m
          [36m<div[39m
            [33mclass[39m=[32m"rt-Flex rt-r-fd-column"[39m
            [33mstyle[39m=[32m"height: 100%;"[39m
          [36m>[39m
            [36m<div[39m
              [33mclass[39m=[32m"rt-Box"[39m
              [33mstyle[39m=[32m"flex: 1 1 0%; min-height: 0px; display: flex; flex-direction: column;"[39m
            [36m>[39m
              [36m<div[39m
                [33mclass[39m=[32m"hp-thread"[39m
              [36m>[39m
                [36m<div[39m
                  [33mclass[39m=[32m"hp-thread__viewport"[39m
                [36m>[39m
                  [36m<div[39m
                    [33mclass[39m=[32m"rt-Flex rt-r-ai-center rt-r-jc-center"[39m
                    [33mstyle[39m=[32m"height: 100%; padding: 24px;"[39m
                  [36m>[39m
                    [36m<span[39m
                      [33mclass[39m=[32m"rt-Text rt-r-size-3"[39m
                      [33mdata-accent-color[39m=[32m"gray"[39m
                    [36m>[39m
                      [0m开始新的对话吧[0m
                    [36m</span>[39m
                  [36m</div>[39m
                [36m</div>[39m
                [36m<form[39m
                  [33mclass[39m=[32m"hp-composer"[39m
                [36m>[39m
                  [36m<div[39m
                    [33mclass[39m=[32m"hp-conversation-resources"[39m
                  [36m>[39m
                    [36m<div[39m
                      [33maria-label[39m=[32m"长期授权资料"[39m
                      [33mclass[39m=[32m"hp-resource-chips"[39m
                    [36m>[39m
                      [36m<button[39m
                        [33mtype[39m=[32m"button"[39m
                      [36m>[39m
                        [0m使用资料[0m
                      [36m</button>[39m
                    [36m</div>[39m
                  [36m</div>[39m
                  [36m<textarea[39m
                    [33maria-label[39m=[32m"消息输入"[39m
                    [33mclass[39m=[32m"hp-composer__input"[39m
                    [33mplaceholder[39m=[32m"输入消息，Enter 发送"[39m
                  [36m/>[39m
                  [36m<div[39m
                    [33mclass[39m=[32m"rt-Flex rt-r-ai-center rt-r-gap-2 hp-composer__actions"[39m
                  [36m>[39m
                    [0m [0m
                    [36m<select[39m
                      [33maria-label[39m=[32m"执行模式"[39m
                    [36m>[39m
                      [36m<option[39m
                        [33mvalue[39m=[32m"react"[39m
                      [36m>[39m
                        [0m快速[0m
                      [36m</option>[39m
                    [36m</select>[39m
                    [36m<button[39m
                      [33mclass[39m=[32m"hp-composer__send"[39m
                      [33mdisabled[39m=[32m""[39m
                      [33mtype[39m=[32m"submit"[39m
                    [36m>[39m
                      [0m发送[0m
                    [36m</button>[39m
                  [36m</div>[39m
                [36m</form>[39m
              [36m</div>[39m
            [36m</div>[39m
          [36m</div>[39m
        [36m</section>[39m
        [36m<section[39m
          [33maria-label[39m=[32m"空间页面"[39m
          [33mclass[39m=[32m"hp-screen-scroll"[39m
          [33mhidden[39m=[32m""[39m
        [36m/>[39m
        [36m<section[39m
          [33maria-label[39m=[32m"任务页面"[39m
          [33mclass[39m=[32m"hp-screen-scroll"[39m
        [36m>[39m
          [36m<div[39m
            [33mclass[39m=[32m"hp-task-screen"[39m
          [36m>[39m
            [36m<div[39m
              [33mclass[39m=[32m"hp-task-toolbar"[39m
            [36m>[39m
              [36m<label>[39m
                [0m任务类型[0m
                [36m<select>[39m
                  [36m<option[39m
                    [33mvalue[39m=[32m"all"[39m
                  [36m>[39m
                    [0m全部[0m
                  [36m</option>[39m
                  [36m<option[39m
                    [33mvalue[39m=[32m"reminder"[39m
                  [36m>[39m
                    [0m提醒[0m
                  [36m</option>[39m
                  [36m<option[39m
                    [33mvalue[39m=[32m"research"[39m
                  [36m>[39m
                    [0m研究[0m
                  [36m</option>[39m
                  [36m<option[39m
                    [33mvalue[39m=[32m"general"[39m
                  [36m>[39m
                    [0m通用任务[0m
                  [36m</option>[39m
                [36m</select>[39m
              [36m</label>[39m
              [36m<button>[39m
                [0m刷新任务[0m
              [36m</button>[39m
              [36m<button>[39m
                [0m新建任务[0m
              [36m</button>[39m
              [36m<button>[39m
                [0m收件箱[0m
              [36m</button>[39m
            [36m</div>[39m
            [36m<h2>[39m
              [0m需要我处理[0m
            [36m</h2>[39m
            [36m<p[39m
              [33mrole[39m=[32m"status"[39m
            [36m>[39m
              [0m已加载 [0m
              [0m0[0m
              [0m 项 ·[0m
              [0m [0m
              [0m全部类型[0m
              [0m [0m
              [0m·[0m
              [0m [0m
              [0m本轮同步完成（7:15:24 PM）[0m
            [36m</p>[39m
            [36m<p>[39m
              [0m暂无任务，可新建提醒、研究或通用任务。[0m
            [36m</p>[39m
          [36m</div>[39m
        [36m</section>[39m
      [36m</main>[39m
    [36m</div>[39m
  [36m</div>[39m
[36m</body>[39m

Ignored nodes: comments, script, style
[36m<body>[39m
  [36m<div>[39m
    [36m<div[39m
      [33mclass[39m=[32m"hp-shell "[39m
    [36m>[39m
      [36m<div[39m
        [33mclass[39m=[32m"hp-rail"[39m
      [36m>[39m
        [36m<span[39m
          [33maria-label[39m=[32m"HpAgent"[39m
          [33mclass[39m=[32m"hp-brand"[39m
        [36m>[39m
          [0mH[0m
        [36m</span>[39m
        [36m<nav[39m
          [33maria-label[39m=[32m"主导航"[39m
        [36m>[39m
          [36m<button[39m
            [33maria-label[39m=[32m"AI"[39m
            [33mtitle[39m=[32m"AI"[39m
          [36m>[39m
            [36m<svg[39m
              [33maria-hidden[39m=[32m"true"[39m
              [33mclass[39m=[32m"lucide lucide-bot"[39m
              [33mfill[39m=[32m"none"[39m
              [33mheight[39m=[32m"24"[39m
              [33mstroke[39m=[32m"currentColor"[39m
              [33mstroke-linecap[39m=[32m"round"[39m
              [33mstroke-linejoin[39m=[32m"round"[39m
              [33mstroke-width[39m=[32m"2"[39m
              [33mviewBox[39m=[32m"0 0 24 24"[39m
              [33mwidth[39m=[32m"24"[39m
              [33mxmlns[39m=[32m"http://www.w3.org/2000/svg"[39m
            [36m>[39m
              [36m<path[39m
                [33md[39m=[32m"M12 8V4H8"[39m
              [36m/>[39m
              [36m<rect[39m
                [33mheight[39m=[32m"12"[39m
                [33mrx[39m=[32m"2"[39m
                [33mwidth[39m=[32m"16"[39m
                [33mx[39m=[32m"4"[39m
                [33my[39m=[32m"8"[39m
              [36m/>[39m
              [36m<path[39m
                [33md[39m=[32m"M2 14h2"[39m
              [36m/>[39m
              [36m<path[39m
                [33md[39m=[32m"M20 14h2"[39m
              [36m/>[39m
              [36m<path[39m
                [33md[39m=[32m"M15 13v2"[39m
              [36m/>[39m
              [36m<path[39m
                [33md[39m=[32m"M9 13v2"[39m
              [36m/>[39m
            [36m</svg>[39m
            [36m<span>[39m
              [0mAI[0m
            [36m</span>[39m
          [36m</button>[39m
          [36m<button[39m
            [33maria-label[39m=[32m"空间"[39m
            [33mtitle[39m=[32m"空间"[39m
          [36m>[39m
            [36m<svg[39m
              [33maria-hidden[39m=[32m"true"[39m
              [33mclass[39m=[32m"lucide lucide-folder"[39m
              [33mfill[39m=[32m"none"[39m
              [33mheight[39m=[32m"24"[39m
              [33mstroke[39m=[32m"currentColor"[39m
              [33mstroke-linecap[39m=[32m"round"[39m
              [33mstroke-linejoin[39m=[32m"round"[39m
              [33mstroke-width[39m=[32m"2"[39m
              [33mviewBox[39m=[32m"0 0 24 24"[39m
              [33mwidth[39m=[32m"24"[39m
              [33mxmlns[39m=[32m"http://www.w3.org/2000/svg"[39m
            [36m>[39m
              [36m<path[39m
                [33md[39m=[32m"M20 20a2 2 0 0 0 2-2V8a2 2 0 0 0-2-2h-7.9a2 2 0 0 1-1.69-.9L9.6 3.9A2 2 0 0 0 7.93 3H4a2 2 0 0 0-2 2v13a2 2 0 0 0 2 2Z"[39m
              [36m/>[39m
            [36m</svg>[39m
            [36m<span>[39m
              [0m空间[0m
            [36m</span>[39m
          [36m</button>[39m
          [36m<button[39m
            [33maria-current[39m=[32m"page"[39m
            [33maria-label[39m=[32m"任务"[39m
            [33mtitle[39m=[32m"任务"[39m
          [36m>[39m
            [36m<svg[39m
              [33maria-hidden[39m=[32m"true"[39m
              [33mclass[39m=[32m"lucide lucide-list-todo"[39m
              [33mfill[39m=[32m"none"[39m
              [33mheight[39m=[32m"24"[39m
              [33mstroke[39m=[32m"currentColor"[39m
              [33mstroke-linecap[39m=[32m"round"[39m
              [33mstroke-linejoin[39m=[32m"round"[39m
              [33mstroke-width[39m=[32m"2"[39m
              [33mviewBox[39m=[32m"0 0 24 24"[39m
              [33mwidth[39m=[32m"24"[39m
              [33mxmlns[39m=[32m"http://www.w3.org/2000/svg"[39m
            [36m>[39m
              [36m<path[39m
                [33md[39m=[32m"M13 5h8"[39m
              [36m/>[39m
              [36m<path[39m
                [33md[39m=[32m"M13 12h8"[39m
              [36m/>[39m
              [36m<path[39m
                [33md[39m=[32m"M13 19h8"[39m
              [36m/>[39m
              [36m<path[39m
                [33md[39m=[32m"m3 17 2 2 4-4"[39m
              [36m/>[39m
              [36m<rect[39m
                [33mheight[39m=[32m"6"[39m
                [33mrx[39m=[32m"1"[39m
                [33mwidth[39m=[32m"6"[39m
                [33mx[39m=[32m"3"[39m
                [33my[39m=[32m"4"[39m
              [36m/>[39m
            [36m</svg>[39m
            [36m<span>[39m
              [0m任务[0m
            [36m</span>[39m
          [36m</button>[39m
        [36m</nav>[39m
        [36m<button[39m
          [33maria-label[39m=[32m"账户设置"[39m
          [33mclass[39m=[32m"hp-account-button"[39m
          [33mtitle[39m=[32m"账户设置"[39m
        [36m>[39m
          [36m<svg[39m
            [33maria-hidden[39m=[32m"true"[39m
            [33mclass[39m=[32m"lucide lucide-user-round"[39m
            [33mfill[39m=[32m"none"[39m
            [33mheight[39m=[32m"24"[39m
            [33mstroke[39m=[32m"currentColor"[39m
            [33mstroke-linecap[39m=[32m"round"[39m
            [33mstroke-linejoin[39m=[32m"round"[39m
            [33mstroke-width[39m=[32m"2"[39m
            [33mviewBox[39m=[32m"0 0 24 24"[39m
            [33mwidth[39m=[32m"24"[39m
            [33mxmlns[39m=[32m"http://www.w3.org/2000/svg"[39m
          [36m>[39m
            [36m<circle[39m
              [33mcx[39m=[32m"12"[39m
              [33mcy[39m=[32m"8"[39m
              [33mr[39m=[32m"5"[39m
            [36m/>[39m
            [36m<path[39m
              [33md[39m=[32m"M20 21a8 8 0 0 0-16 0"[39m
            [36m/>[39m
          [36m</svg>[39m
        [36m</button>[39m
      [36m</div>[39m
      [36m<aside[39m
        [33maria-label[39m=[32m"上下文导航"[39m
        [33mclass[39m=[32m"hp-context-sidebar"[39m
      [36m>[39m
        [36m<nav[39m
          [33maria-label[39m=[32m"任务分类"[39m
          [33mclass[39m=[32m"hp-task-sidebar"[39m
        [36m>[39m
          [36m<h2>[39m
            [0m任务中心[0m
          [36m</h2>[39m
          [36m<p[39m
            [33mclass[39m=[32m"hp-muted"[39m
          [36m>[39m
            [0m本轮已遍历的任务[0m
          [36m</p>[39m
          [36m<button[39m
            [33maria-current[39m=[32m"page"[39m
          [36m>[39m
            [36m<span>[39m
              [0m需要我处理[0m
            [36m</span>[39m
            [36m<strong>[39m
              [0m0[0m
            [36m</strong>[39m
          [36m</button>[39m
          [36m<button>[39m
            [36m<span>[39m
              [0m进行中[0m
            [36m</span>[39m
            [36m<strong>[39m
              [0m0[0m
            [36m</strong>[39m
          [36m</button>[39m
          [36m<button>[39m
            [36m<span>[39m
              [0m等待或已计划[0m
            [36m</span>[39m
            [36m<strong>[39m
              [0m0[0m
            [36m</strong>[39m
          [36m</button>[39m
          [36m<button>[39m
            [36m<span>[39m
              [0m已结束[0m
            [36m</span>[39m
            [36m<strong>[39m
              [0m0[0m
            [36m</strong>[39m
          [36m</button>[39m
        [36m</nav>[39m
      [36m</aside>[39m
      [36m<main[39m
        [33mclass[39m=[32m"hp-main-canvas"[39m
      [36m>[39m
        [36m<header[39m
          [33mclass[39m=[32m"hp-canvas-header"[39m
        [36m>[39m
          [36m<button[39m
            [33maria-label[39m=[32m"打开侧栏"[39m
            [33mclass[39m=[32m"hp-sidebar-toggle"[39m
            [33mtitle[39m=[32m"打开侧栏"[39m
          [36m>[39m
            [36m<svg[39m
              [33maria-hidden[39m=[32m"true"[39m
              [33mclass[39m=[32m"lucide lucide-menu"[39m
              [33mfill[39m=[32m"none"[39m
              [33mheight[39m=[32m"24"[39m
              [33mstroke[39m=[32m"currentColor"[39m
              [33mstroke-linecap[39m=[32m"round"[39m
              [33mstroke-linejoin[39m=[32m"round"[39m
              [33mstroke-width[39m=[32m"2"[39m
              [33mviewBox[39m=[32m"0 0 24 24"[39m
              [33mwidth[39m=[32m"24"[39m
              [33mxmlns[39m=[32m"http://www.w3.org/2000/svg"[39m
            [36m>[39m
              [36m<path[39m
                [33md[39m=[32m"M4 5h16"[39m
              [36m/>[39m
              [36m<path[39m
                [33md[39m=[32m"M4 12h16"[39m
              [36m/>[39m
              [36m<path[39m
                [33md[39m=[32m"M4 19h16"[39m
              [36m/>[39m
            [36m</svg>[39m
          [36m</button>[39m
          [36m<h1[39m
            [33mid[39m=[32m"canvas-title"[39m
            [33mtabindex[39m=[32m"-1"[39m
          [36m>[39m
            [0m任务[0m
          [36m</h1>[39m
        [36m</header>[39m
        [36m<section[39m
          [33maria-label[39m=[32m"对话页面"[39m
          [33mclass[39m=[32m"hp-shell-chat"[39m
          [33mhidden[39m=[32m""[39m
        [36m>[39m
          [36m<div[39m
            [33mclass[39m=[32m"rt-Flex rt-r-fd-column"[39m
            [33mstyle[39m=[32m"height: 100%;"[39m
          [36m>[39m
            [36m<div[39m
              [33mclass[39m=[32m"rt-Box"[39m
              [33mstyle[39m=[32m"flex: 1 1 0%; min-height: 0px; display: flex; flex-direction: column;"[39m
            [36m>[39m
              [36m<div[39m
                [33mclass[39m=[32m"hp-thread"[39m
              [36m>[39m
                [36m<div[39m
                  [33mclass[39m=[32m"hp-thread__viewport"[39m
                [36m>[39m
                  [36m<div[39m
                    [33mclass[39m=[32m"rt-Flex rt-r-ai-center rt-r-jc-center"[39m
                    [33mstyle[39m=[32m"height: 100%; padding: 24px;"[39m
                  [36m>[39m
                    [36m<span[39m
                      [33mclass[39m=[32m"rt-Text rt-r-size-3"[39m
                      [33mdata-accent-color[39m=[32m"gray"[39m
                    [36m>[39m
                      [0m开始新的对话吧[0m
                    [36m</span>[39m
                  [36m</div>[39m
                [36m</div>[39m
                [36m<form[39m
                  [33mclass[39m=[32m"hp-composer"[39m
                [36m>[39m
                  [36m<div[39m
                    [33mclass[39m=[32m"hp-conversation-resources"[39m
                  [36m>[39m
                    [36m<div[39m
                      [33maria-label[39m=[32m"长期授权资料"[39m
                      [33mclass[39m=[32m"hp-resource-chips"[39m
                    [36m>[39m
                      [36m<button[39m
                        [33mtype[39m=[32m"button"[39m
                      [36m>[39m
                        [0m使用资料[0m
                      [36m</button>[39m
                    [36m</div>[39m
                  [36m</div>[39m
                  [36m<textarea[39m
                    [33maria-label[39m=[32m"消息输入"[39m
                    [33mclass[39m=[32m"hp-composer__input"[39m
                    [33mplaceholder[39m=[32m"输入消息，Enter 发送"[39m
                  [36m/>[39m
                  [36m<div[39m
                    [33mclass[39m=[32m"rt-Flex rt-r-ai-center rt-r-gap-2 hp-composer__actions"[39m
                  [36m>[39m
                    [0m [0m
                    [36m<select[39m
                      [33maria-label[39m=[32m"执行模式"[39m
                    [36m>[39m
                      [36m<option[39m
                        [33mvalue[39m=[32m"react"[39m
                      [36m>[39m
                        [0m快速[0m
                      [36m</option>[39m
                    [36m</select>[39m
                    [36m<button[39m
                      [33mclass[39m=[32m"hp-composer__send"[39m
                      [33mdisabled[39m=[32m""[39m
                      [33mtype[39m=[32m"submit"[39m
                    [36m>[39m
                      [0m发送[0m
                    [36m</button>[39m
                  [36m</div>[39m
                [36m</form>[39m
              [36m</div>[39m
            [36m</div>[39m
          [36m</div>[39m
        [36m</section>[39m
        [36m<section[39m
          [33maria-label[39m=[32m"空间页面"[39m
          [33mclass[39m=[32m"hp-screen-scroll"[39m
          [33mhidden[39m=[32m""[39m
        [36m/>[39m
        [36m<section[39m
          [33maria-label[39m=[32m"任务页面"[39m
          [33mclass[39m=[32m"hp-screen-scroll"[39m
        [36m>[39m
          [36m<div[39m
            [33mclass[39m=[32m"hp-task-screen"[39m
          [36m>[39m
            [36m<div[39m
              [33mclass[39m=[32m"hp-task-toolbar"[39m
            [36m>[39m
              [36m<label>[39m
                [0m任务类型[0m
                [36m<select>[39m
                  [36m<option[39m
                    [33mvalue[39m=[32m"all"[39m
                  [36m>[39m
                    [0m全部[0m
                  [36m</option>[39m
                  [36m<option[39m
                    [33mvalue[39m=[32m"reminder"[39m
                  [36m>[39m
                    [0m提醒[0m
                  [36m</option>[39m
                  [36m<option[39m
                    [33mvalue[39m=[32m"research"[39m
                  [36m>[39m
                    [0m研究[0m
                  [36m</option>[39m
                  [36m<option[39m
                    [33mvalue[39m=[32m"general"[39m
                  [36m>[39m
                    [0m通用任务[0m
                  [36m</option>[39m
                [36m</select>[39m
              [36m</label>[39m
              [36m<button>[39m
                [0m刷新任务[0m
              [36m</button>[39m
              [36m<button>[39m
                [0m新建任务[0m
              [36m</button>[39m
              [36m<button>[39m
                [0m收件箱[0m
              [36m</button>[39m
            [36m</div>[39m
            [36m<h2>[39m
              [0m需要我处理[0m
            [36m</h2>[39m
            [36m<p[39m
              [33mrole[39m=[32m"status"[39m
            [36m>[39m
              [0m已加载 [0m
              [0m0[0m
              [0m 项 ·[0m
              [0m [0m
              [0m全部类型[0m
              [0m [0m
              [0m·[0m
              [0m [0m
              [0m本轮同步完成（7:15:24 PM）[0m
            [36m</p>[39m
            [36m<p>[39m
              [0m暂无任务，可新建提醒、研究或通用任务。[0m
            [36m</p>[39m
          [36m</div>[39m
        [36m</section>[39m
      [36m</main>[39m
    [36m</div>[39m
  [36m</div>[39m
[36m</body>[39m
 ❯ waitForWrapper node_modules/@testing-library/dom/dist/wait-for.js:163:27
 ❯ node_modules/@testing-library/dom/dist/query-helpers.js:86:33
 ❯ openLookup src/App.recovery.test.tsx:138:32
    136|   window.history.replaceState(null, "", "#/tasks");
    137|   render(<App />);
    138|   const summary = await screen.findByText("执行记录与诊断", { selector: "summ…
       |                                ^
    139|   fireEvent.click(summary);
    140|   return screen.getByRole("textbox", { name: "工作编号" });
 ❯ src/App.recovery.test.tsx:302:25

⎯⎯⎯⎯⎯⎯⎯⎯⎯⎯⎯⎯⎯⎯⎯⎯⎯⎯⎯⎯⎯⎯⎯⎯[6/8]⎯

 FAIL  src/App.recovery.test.tsx > UI1-R02 work Run lookup submissions > rejects whitespace-only work IDs without dispatching a request
TestingLibraryElementError: Unable to find an element with the text: 执行记录与诊断, which matches selector 'summary'. This could be because the text is broken up by multiple elements. In this case, you can provide a function for your text matcher to make your matcher more flexible.

Ignored nodes: comments, script, style
[36m<body>[39m
  [36m<div>[39m
    [36m<div[39m
      [33mclass[39m=[32m"hp-shell "[39m
    [36m>[39m
      [36m<div[39m
        [33mclass[39m=[32m"hp-rail"[39m
      [36m>[39m
        [36m<span[39m
          [33maria-label[39m=[32m"HpAgent"[39m
          [33mclass[39m=[32m"hp-brand"[39m
        [36m>[39m
          [0mH[0m
        [36m</span>[39m
        [36m<nav[39m
          [33maria-label[39m=[32m"主导航"[39m
        [36m>[39m
          [36m<button[39m
            [33maria-label[39m=[32m"AI"[39m
            [33mtitle[39m=[32m"AI"[39m
          [36m>[39m
            [36m<svg[39m
              [33maria-hidden[39m=[32m"true"[39m
              [33mclass[39m=[32m"lucide lucide-bot"[39m
              [33mfill[39m=[32m"none"[39m
              [33mheight[39m=[32m"24"[39m
              [33mstroke[39m=[32m"currentColor"[39m
              [33mstroke-linecap[39m=[32m"round"[39m
              [33mstroke-linejoin[39m=[32m"round"[39m
              [33mstroke-width[39m=[32m"2"[39m
              [33mviewBox[39m=[32m"0 0 24 24"[39m
              [33mwidth[39m=[32m"24"[39m
              [33mxmlns[39m=[32m"http://www.w3.org/2000/svg"[39m
            [36m>[39m
              [36m<path[39m
                [33md[39m=[32m"M12 8V4H8"[39m
              [36m/>[39m
              [36m<rect[39m
                [33mheight[39m=[32m"12"[39m
                [33mrx[39m=[32m"2"[39m
                [33mwidth[39m=[32m"16"[39m
                [33mx[39m=[32m"4"[39m
                [33my[39m=[32m"8"[39m
              [36m/>[39m
              [36m<path[39m
                [33md[39m=[32m"M2 14h2"[39m
              [36m/>[39m
              [36m<path[39m
                [33md[39m=[32m"M20 14h2"[39m
              [36m/>[39m
              [36m<path[39m
                [33md[39m=[32m"M15 13v2"[39m
              [36m/>[39m
              [36m<path[39m
                [33md[39m=[32m"M9 13v2"[39m
              [36m/>[39m
            [36m</svg>[39m
            [36m<span>[39m
              [0mAI[0m
            [36m</span>[39m
          [36m</button>[39m
          [36m<button[39m
            [33maria-label[39m=[32m"空间"[39m
            [33mtitle[39m=[32m"空间"[39m
          [36m>[39m
            [36m<svg[39m
              [33maria-hidden[39m=[32m"true"[39m
              [33mclass[39m=[32m"lucide lucide-folder"[39m
              [33mfill[39m=[32m"none"[39m
              [33mheight[39m=[32m"24"[39m
              [33mstroke[39m=[32m"currentColor"[39m
              [33mstroke-linecap[39m=[32m"round"[39m
              [33mstroke-linejoin[39m=[32m"round"[39m
              [33mstroke-width[39m=[32m"2"[39m
              [33mviewBox[39m=[32m"0 0 24 24"[39m
              [33mwidth[39m=[32m"24"[39m
              [33mxmlns[39m=[32m"http://www.w3.org/2000/svg"[39m
            [36m>[39m
              [36m<path[39m
                [33md[39m=[32m"M20 20a2 2 0 0 0 2-2V8a2 2 0 0 0-2-2h-7.9a2 2 0 0 1-1.69-.9L9.6 3.9A2 2 0 0 0 7.93 3H4a2 2 0 0 0-2 2v13a2 2 0 0 0 2 2Z"[39m
              [36m/>[39m
            [36m</svg>[39m
            [36m<span>[39m
              [0m空间[0m
            [36m</span>[39m
          [36m</button>[39m
          [36m<button[39m
            [33maria-current[39m=[32m"page"[39m
            [33maria-label[39m=[32m"任务"[39m
            [33mtitle[39m=[32m"任务"[39m
          [36m>[39m
            [36m<svg[39m
              [33maria-hidden[39m=[32m"true"[39m
              [33mclass[39m=[32m"lucide lucide-list-todo"[39m
              [33mfill[39m=[32m"none"[39m
              [33mheight[39m=[32m"24"[39m
              [33mstroke[39m=[32m"currentColor"[39m
              [33mstroke-linecap[39m=[32m"round"[39m
              [33mstroke-linejoin[39m=[32m"round"[39m
              [33mstroke-width[39m=[32m"2"[39m
              [33mviewBox[39m=[32m"0 0 24 24"[39m
              [33mwidth[39m=[32m"24"[39m
              [33mxmlns[39m=[32m"http://www.w3.org/2000/svg"[39m
            [36m>[39m
              [36m<path[39m
                [33md[39m=[32m"M13 5h8"[39m
              [36m/>[39m
              [36m<path[39m
                [33md[39m=[32m"M13 12h8"[39m
              [36m/>[39m
              [36m<path[39m
                [33md[39m=[32m"M13 19h8"[39m
              [36m/>[39m
              [36m<path[39m
                [33md[39m=[32m"m3 17 2 2 4-4"[39m
              [36m/>[39m
              [36m<rect[39m
                [33mheight[39m=[32m"6"[39m
                [33mrx[39m=[32m"1"[39m
                [33mwidth[39m=[32m"6"[39m
                [33mx[39m=[32m"3"[39m
                [33my[39m=[32m"4"[39m
              [36m/>[39m
            [36m</svg>[39m
            [36m<span>[39m
              [0m任务[0m
            [36m</span>[39m
          [36m</button>[39m
        [36m</nav>[39m
        [36m<button[39m
          [33maria-label[39m=[32m"账户设置"[39m
          [33mclass[39m=[32m"hp-account-button"[39m
          [33mtitle[39m=[32m"账户设置"[39m
        [36m>[39m
          [36m<svg[39m
            [33maria-hidden[39m=[32m"true"[39m
            [33mclass[39m=[32m"lucide lucide-user-round"[39m
            [33mfill[39m=[32m"none"[39m
            [33mheight[39m=[32m"24"[39m
            [33mstroke[39m=[32m"currentColor"[39m
            [33mstroke-linecap[39m=[32m"round"[39m
            [33mstroke-linejoin[39m=[32m"round"[39m
            [33mstroke-width[39m=[32m"2"[39m
            [33mviewBox[39m=[32m"0 0 24 24"[39m
            [33mwidth[39m=[32m"24"[39m
            [33mxmlns[39m=[32m"http://www.w3.org/2000/svg"[39m
          [36m>[39m
            [36m<circle[39m
              [33mcx[39m=[32m"12"[39m
              [33mcy[39m=[32m"8"[39m
              [33mr[39m=[32m"5"[39m
            [36m/>[39m
            [36m<path[39m
              [33md[39m=[32m"M20 21a8 8 0 0 0-16 0"[39m
            [36m/>[39m
          [36m</svg>[39m
        [36m</button>[39m
      [36m</div>[39m
      [36m<aside[39m
        [33maria-label[39m=[32m"上下文导航"[39m
        [33mclass[39m=[32m"hp-context-sidebar"[39m
      [36m>[39m
        [36m<nav[39m
          [33maria-label[39m=[32m"任务分类"[39m
          [33mclass[39m=[32m"hp-task-sidebar"[39m
        [36m>[39m
          [36m<h2>[39m
            [0m任务中心[0m
          [36m</h2>[39m
          [36m<p[39m
            [33mclass[39m=[32m"hp-muted"[39m
          [36m>[39m
            [0m本轮已遍历的任务[0m
          [36m</p>[39m
          [36m<button[39m
            [33maria-current[39m=[32m"page"[39m
          [36m>[39m
            [36m<span>[39m
              [0m需要我处理[0m
            [36m</span>[39m
            [36m<strong>[39m
              [0m0[0m
            [36m</strong>[39m
          [36m</button>[39m
          [36m<button>[39m
            [36m<span>[39m
              [0m进行中[0m
            [36m</span>[39m
            [36m<strong>[39m
              [0m0[0m
            [36m</strong>[39m
          [36m</button>[39m
          [36m<button>[39m
            [36m<span>[39m
              [0m等待或已计划[0m
            [36m</span>[39m
            [36m<strong>[39m
              [0m0[0m
            [36m</strong>[39m
          [36m</button>[39m
          [36m<button>[39m
            [36m<span>[39m
              [0m已结束[0m
            [36m</span>[39m
            [36m<strong>[39m
              [0m0[0m
            [36m</strong>[39m
          [36m</button>[39m
        [36m</nav>[39m
      [36m</aside>[39m
      [36m<main[39m
        [33mclass[39m=[32m"hp-main-canvas"[39m
      [36m>[39m
        [36m<header[39m
          [33mclass[39m=[32m"hp-canvas-header"[39m
        [36m>[39m
          [36m<button[39m
            [33maria-label[39m=[32m"打开侧栏"[39m
            [33mclass[39m=[32m"hp-sidebar-toggle"[39m
            [33mtitle[39m=[32m"打开侧栏"[39m
          [36m>[39m
            [36m<svg[39m
              [33maria-hidden[39m=[32m"true"[39m
              [33mclass[39m=[32m"lucide lucide-menu"[39m
              [33mfill[39m=[32m"none"[39m
              [33mheight[39m=[32m"24"[39m
              [33mstroke[39m=[32m"currentColor"[39m
              [33mstroke-linecap[39m=[32m"round"[39m
              [33mstroke-linejoin[39m=[32m"round"[39m
              [33mstroke-width[39m=[32m"2"[39m
              [33mviewBox[39m=[32m"0 0 24 24"[39m
              [33mwidth[39m=[32m"24"[39m
              [33mxmlns[39m=[32m"http://www.w3.org/2000/svg"[39m
            [36m>[39m
              [36m<path[39m
                [33md[39m=[32m"M4 5h16"[39m
              [36m/>[39m
              [36m<path[39m
                [33md[39m=[32m"M4 12h16"[39m
              [36m/>[39m
              [36m<path[39m
                [33md[39m=[32m"M4 19h16"[39m
              [36m/>[39m
            [36m</svg>[39m
          [36m</button>[39m
          [36m<h1[39m
            [33mid[39m=[32m"canvas-title"[39m
            [33mtabindex[39m=[32m"-1"[39m
          [36m>[39m
            [0m任务[0m
          [36m</h1>[39m
        [36m</header>[39m
        [36m<section[39m
          [33maria-label[39m=[32m"对话页面"[39m
          [33mclass[39m=[32m"hp-shell-chat"[39m
          [33mhidden[39m=[32m""[39m
        [36m>[39m
          [36m<div[39m
            [33mclass[39m=[32m"rt-Flex rt-r-fd-column"[39m
            [33mstyle[39m=[32m"height: 100%;"[39m
          [36m>[39m
            [36m<div[39m
              [33mclass[39m=[32m"rt-Box"[39m
              [33mstyle[39m=[32m"flex: 1 1 0%; min-height: 0px; display: flex; flex-direction: column;"[39m
            [36m>[39m
              [36m<div[39m
                [33mclass[39m=[32m"hp-thread"[39m
              [36m>[39m
                [36m<div[39m
                  [33mclass[39m=[32m"hp-thread__viewport"[39m
                [36m>[39m
                  [36m<div[39m
                    [33mclass[39m=[32m"rt-Flex rt-r-ai-center rt-r-jc-center"[39m
                    [33mstyle[39m=[32m"height: 100%; padding: 24px;"[39m
                  [36m>[39m
                    [36m<span[39m
                      [33mclass[39m=[32m"rt-Text rt-r-size-3"[39m
                      [33mdata-accent-color[39m=[32m"gray"[39m
                    [36m>[39m
                      [0m开始新的对话吧[0m
                    [36m</span>[39m
                  [36m</div>[39m
                [36m</div>[39m
                [36m<form[39m
                  [33mclass[39m=[32m"hp-composer"[39m
                [36m>[39m
                  [36m<div[39m
                    [33mclass[39m=[32m"hp-conversation-resources"[39m
                  [36m>[39m
                    [36m<div[39m
                      [33maria-label[39m=[32m"长期授权资料"[39m
                      [33mclass[39m=[32m"hp-resource-chips"[39m
                    [36m>[39m
                      [36m<button[39m
                        [33mtype[39m=[32m"button"[39m
                      [36m>[39m
                        [0m使用资料[0m
                      [36m</button>[39m
                    [36m</div>[39m
                  [36m</div>[39m
                  [36m<textarea[39m
                    [33maria-label[39m=[32m"消息输入"[39m
                    [33mclass[39m=[32m"hp-composer__input"[39m
                    [33mplaceholder[39m=[32m"输入消息，Enter 发送"[39m
                  [36m/>[39m
                  [36m<div[39m
                    [33mclass[39m=[32m"rt-Flex rt-r-ai-center rt-r-gap-2 hp-composer__actions"[39m
                  [36m>[39m
                    [0m [0m
                    [36m<select[39m
                      [33maria-label[39m=[32m"执行模式"[39m
                    [36m>[39m
                      [36m<option[39m
                        [33mvalue[39m=[32m"react"[39m
                      [36m>[39m
                        [0m快速[0m
                      [36m</option>[39m
                    [36m</select>[39m
                    [36m<button[39m
                      [33mclass[39m=[32m"hp-composer__send"[39m
                      [33mdisabled[39m=[32m""[39m
                      [33mtype[39m=[32m"submit"[39m
                    [36m>[39m
                      [0m发送[0m
                    [36m</button>[39m
                  [36m</div>[39m
                [36m</form>[39m
              [36m</div>[39m
            [36m</div>[39m
          [36m</div>[39m
        [36m</section>[39m
        [36m<section[39m
          [33maria-label[39m=[32m"空间页面"[39m
          [33mclass[39m=[32m"hp-screen-scroll"[39m
          [33mhidden[39m=[32m""[39m
        [36m/>[39m
        [36m<section[39m
          [33maria-label[39m=[32m"任务页面"[39m
          [33mclass[39m=[32m"hp-screen-scroll"[39m
        [36m>[39m
          [36m<div[39m
            [33mclass[39m=[32m"hp-task-screen"[39m
          [36m>[39m
            [36m<div[39m
              [33mclass[39m=[32m"hp-task-toolbar"[39m
            [36m>[39m
              [36m<label>[39m
                [0m任务类型[0m
                [36m<select>[39m
                  [36m<option[39m
                    [33mvalue[39m=[32m"all"[39m
                  [36m>[39m
                    [0m全部[0m
                  [36m</option>[39m
                  [36m<option[39m
                    [33mvalue[39m=[32m"reminder"[39m
                  [36m>[39m
                    [0m提醒[0m
                  [36m</option>[39m
                  [36m<option[39m
                    [33mvalue[39m=[32m"research"[39m
                  [36m>[39m
                    [0m研究[0m
                  [36m</option>[39m
                  [36m<option[39m
                    [33mvalue[39m=[32m"general"[39m
                  [36m>[39m
                    [0m通用任务[0m
                  [36m</option>[39m
                [36m</select>[39m
              [36m</label>[39m
              [36m<button>[39m
                [0m刷新任务[0m
              [36m</button>[39m
              [36m<button>[39m
                [0m新建任务[0m
              [36m</button>[39m
              [36m<button>[39m
                [0m收件箱[0m
              [36m</button>[39m
            [36m</div>[39m
            [36m<h2>[39m
              [0m需要我处理[0m
            [36m</h2>[39m
            [36m<p[39m
              [33mrole[39m=[32m"status"[39m
            [36m>[39m
              [0m已加载 [0m
              [0m0[0m
              [0m 项 ·[0m
              [0m [0m
              [0m全部类型[0m
              [0m [0m
              [0m·[0m
              [0m [0m
              [0m本轮同步完成（7:15:25 PM）[0m
            [36m</p>[39m
            [36m<p>[39m
              [0m暂无任务，可新建提醒、研究或通用任务。[0m
            [36m</p>[39m
          [36m</div>[39m
        [36m</section>[39m
      [36m</main>[39m
    [36m</div>[39m
  [36m</div>[39m
[36m</body>[39m

Ignored nodes: comments, script, style
[36m<body>[39m
  [36m<div>[39m
    [36m<div[39m
      [33mclass[39m=[32m"hp-shell "[39m
    [36m>[39m
      [36m<div[39m
        [33mclass[39m=[32m"hp-rail"[39m
      [36m>[39m
        [36m<span[39m
          [33maria-label[39m=[32m"HpAgent"[39m
          [33mclass[39m=[32m"hp-brand"[39m
        [36m>[39m
          [0mH[0m
        [36m</span>[39m
        [36m<nav[39m
          [33maria-label[39m=[32m"主导航"[39m
        [36m>[39m
          [36m<button[39m
            [33maria-label[39m=[32m"AI"[39m
            [33mtitle[39m=[32m"AI"[39m
          [36m>[39m
            [36m<svg[39m
              [33maria-hidden[39m=[32m"true"[39m
              [33mclass[39m=[32m"lucide lucide-bot"[39m
              [33mfill[39m=[32m"none"[39m
              [33mheight[39m=[32m"24"[39m
              [33mstroke[39m=[32m"currentColor"[39m
              [33mstroke-linecap[39m=[32m"round"[39m
              [33mstroke-linejoin[39m=[32m"round"[39m
              [33mstroke-width[39m=[32m"2"[39m
              [33mviewBox[39m=[32m"0 0 24 24"[39m
              [33mwidth[39m=[32m"24"[39m
              [33mxmlns[39m=[32m"http://www.w3.org/2000/svg"[39m
            [36m>[39m
              [36m<path[39m
                [33md[39m=[32m"M12 8V4H8"[39m
              [36m/>[39m
              [36m<rect[39m
                [33mheight[39m=[32m"12"[39m
                [33mrx[39m=[32m"2"[39m
                [33mwidth[39m=[32m"16"[39m
                [33mx[39m=[32m"4"[39m
                [33my[39m=[32m"8"[39m
              [36m/>[39m
              [36m<path[39m
                [33md[39m=[32m"M2 14h2"[39m
              [36m/>[39m
              [36m<path[39m
                [33md[39m=[32m"M20 14h2"[39m
              [36m/>[39m
              [36m<path[39m
                [33md[39m=[32m"M15 13v2"[39m
              [36m/>[39m
              [36m<path[39m
                [33md[39m=[32m"M9 13v2"[39m
              [36m/>[39m
            [36m</svg>[39m
            [36m<span>[39m
              [0mAI[0m
            [36m</span>[39m
          [36m</button>[39m
          [36m<button[39m
            [33maria-label[39m=[32m"空间"[39m
            [33mtitle[39m=[32m"空间"[39m
          [36m>[39m
            [36m<svg[39m
              [33maria-hidden[39m=[32m"true"[39m
              [33mclass[39m=[32m"lucide lucide-folder"[39m
              [33mfill[39m=[32m"none"[39m
              [33mheight[39m=[32m"24"[39m
              [33mstroke[39m=[32m"currentColor"[39m
              [33mstroke-linecap[39m=[32m"round"[39m
              [33mstroke-linejoin[39m=[32m"round"[39m
              [33mstroke-width[39m=[32m"2"[39m
              [33mviewBox[39m=[32m"0 0 24 24"[39m
              [33mwidth[39m=[32m"24"[39m
              [33mxmlns[39m=[32m"http://www.w3.org/2000/svg"[39m
            [36m>[39m
              [36m<path[39m
                [33md[39m=[32m"M20 20a2 2 0 0 0 2-2V8a2 2 0 0 0-2-2h-7.9a2 2 0 0 1-1.69-.9L9.6 3.9A2 2 0 0 0 7.93 3H4a2 2 0 0 0-2 2v13a2 2 0 0 0 2 2Z"[39m
              [36m/>[39m
            [36m</svg>[39m
            [36m<span>[39m
              [0m空间[0m
            [36m</span>[39m
          [36m</button>[39m
          [36m<button[39m
            [33maria-current[39m=[32m"page"[39m
            [33maria-label[39m=[32m"任务"[39m
            [33mtitle[39m=[32m"任务"[39m
          [36m>[39m
            [36m<svg[39m
              [33maria-hidden[39m=[32m"true"[39m
              [33mclass[39m=[32m"lucide lucide-list-todo"[39m
              [33mfill[39m=[32m"none"[39m
              [33mheight[39m=[32m"24"[39m
              [33mstroke[39m=[32m"currentColor"[39m
              [33mstroke-linecap[39m=[32m"round"[39m
              [33mstroke-linejoin[39m=[32m"round"[39m
              [33mstroke-width[39m=[32m"2"[39m
              [33mviewBox[39m=[32m"0 0 24 24"[39m
              [33mwidth[39m=[32m"24"[39m
              [33mxmlns[39m=[32m"http://www.w3.org/2000/svg"[39m
            [36m>[39m
              [36m<path[39m
                [33md[39m=[32m"M13 5h8"[39m
              [36m/>[39m
              [36m<path[39m
                [33md[39m=[32m"M13 12h8"[39m
              [36m/>[39m
              [36m<path[39m
                [33md[39m=[32m"M13 19h8"[39m
              [36m/>[39m
              [36m<path[39m
                [33md[39m=[32m"m3 17 2 2 4-4"[39m
              [36m/>[39m
              [36m<rect[39m
                [33mheight[39m=[32m"6"[39m
                [33mrx[39m=[32m"1"[39m
                [33mwidth[39m=[32m"6"[39m
                [33mx[39m=[32m"3"[39m
                [33my[39m=[32m"4"[39m
              [36m/>[39m
            [36m</svg>[39m
            [36m<span>[39m
              [0m任务[0m
            [36m</span>[39m
          [36m</button>[39m
        [36m</nav>[39m
        [36m<button[39m
          [33maria-label[39m=[32m"账户设置"[39m
          [33mclass[39m=[32m"hp-account-button"[39m
          [33mtitle[39m=[32m"账户设置"[39m
        [36m>[39m
          [36m<svg[39m
            [33maria-hidden[39m=[32m"true"[39m
            [33mclass[39m=[32m"lucide lucide-user-round"[39m
            [33mfill[39m=[32m"none"[39m
            [33mheight[39m=[32m"24"[39m
            [33mstroke[39m=[32m"currentColor"[39m
            [33mstroke-linecap[39m=[32m"round"[39m
            [33mstroke-linejoin[39m=[32m"round"[39m
            [33mstroke-width[39m=[32m"2"[39m
            [33mviewBox[39m=[32m"0 0 24 24"[39m
            [33mwidth[39m=[32m"24"[39m
            [33mxmlns[39m=[32m"http://www.w3.org/2000/svg"[39m
          [36m>[39m
            [36m<circle[39m
              [33mcx[39m=[32m"12"[39m
              [33mcy[39m=[32m"8"[39m
              [33mr[39m=[32m"5"[39m
            [36m/>[39m
            [36m<path[39m
              [33md[39m=[32m"M20 21a8 8 0 0 0-16 0"[39m
            [36m/>[39m
          [36m</svg>[39m
        [36m</button>[39m
      [36m</div>[39m
      [36m<aside[39m
        [33maria-label[39m=[32m"上下文导航"[39m
        [33mclass[39m=[32m"hp-context-sidebar"[39m
      [36m>[39m
        [36m<nav[39m
          [33maria-label[39m=[32m"任务分类"[39m
          [33mclass[39m=[32m"hp-task-sidebar"[39m
        [36m>[39m
          [36m<h2>[39m
            [0m任务中心[0m
          [36m</h2>[39m
          [36m<p[39m
            [33mclass[39m=[32m"hp-muted"[39m
          [36m>[39m
            [0m本轮已遍历的任务[0m
          [36m</p>[39m
          [36m<button[39m
            [33maria-current[39m=[32m"page"[39m
          [36m>[39m
            [36m<span>[39m
              [0m需要我处理[0m
            [36m</span>[39m
            [36m<strong>[39m
              [0m0[0m
            [36m</strong>[39m
          [36m</button>[39m
          [36m<button>[39m
            [36m<span>[39m
              [0m进行中[0m
            [36m</span>[39m
            [36m<strong>[39m
              [0m0[0m
            [36m</strong>[39m
          [36m</button>[39m
          [36m<button>[39m
            [36m<span>[39m
              [0m等待或已计划[0m
            [36m</span>[39m
            [36m<strong>[39m
              [0m0[0m
            [36m</strong>[39m
          [36m</button>[39m
          [36m<button>[39m
            [36m<span>[39m
              [0m已结束[0m
            [36m</span>[39m
            [36m<strong>[39m
              [0m0[0m
            [36m</strong>[39m
          [36m</button>[39m
        [36m</nav>[39m
      [36m</aside>[39m
      [36m<main[39m
        [33mclass[39m=[32m"hp-main-canvas"[39m
      [36m>[39m
        [36m<header[39m
          [33mclass[39m=[32m"hp-canvas-header"[39m
        [36m>[39m
          [36m<button[39m
            [33maria-label[39m=[32m"打开侧栏"[39m
            [33mclass[39m=[32m"hp-sidebar-toggle"[39m
            [33mtitle[39m=[32m"打开侧栏"[39m
          [36m>[39m
            [36m<svg[39m
              [33maria-hidden[39m=[32m"true"[39m
              [33mclass[39m=[32m"lucide lucide-menu"[39m
              [33mfill[39m=[32m"none"[39m
              [33mheight[39m=[32m"24"[39m
              [33mstroke[39m=[32m"currentColor"[39m
              [33mstroke-linecap[39m=[32m"round"[39m
              [33mstroke-linejoin[39m=[32m"round"[39m
              [33mstroke-width[39m=[32m"2"[39m
              [33mviewBox[39m=[32m"0 0 24 24"[39m
              [33mwidth[39m=[32m"24"[39m
              [33mxmlns[39m=[32m"http://www.w3.org/2000/svg"[39m
            [36m>[39m
              [36m<path[39m
                [33md[39m=[32m"M4 5h16"[39m
              [36m/>[39m
              [36m<path[39m
                [33md[39m=[32m"M4 12h16"[39m
              [36m/>[39m
              [36m<path[39m
                [33md[39m=[32m"M4 19h16"[39m
              [36m/>[39m
            [36m</svg>[39m
          [36m</button>[39m
          [36m<h1[39m
            [33mid[39m=[32m"canvas-title"[39m
            [33mtabindex[39m=[32m"-1"[39m
          [36m>[39m
            [0m任务[0m
          [36m</h1>[39m
        [36m</header>[39m
        [36m<section[39m
          [33maria-label[39m=[32m"对话页面"[39m
          [33mclass[39m=[32m"hp-shell-chat"[39m
          [33mhidden[39m=[32m""[39m
        [36m>[39m
          [36m<div[39m
            [33mclass[39m=[32m"rt-Flex rt-r-fd-column"[39m
            [33mstyle[39m=[32m"height: 100%;"[39m
          [36m>[39m
            [36m<div[39m
              [33mclass[39m=[32m"rt-Box"[39m
              [33mstyle[39m=[32m"flex: 1 1 0%; min-height: 0px; display: flex; flex-direction: column;"[39m
            [36m>[39m
              [36m<div[39m
                [33mclass[39m=[32m"hp-thread"[39m
              [36m>[39m
                [36m<div[39m
                  [33mclass[39m=[32m"hp-thread__viewport"[39m
                [36m>[39m
                  [36m<div[39m
                    [33mclass[39m=[32m"rt-Flex rt-r-ai-center rt-r-jc-center"[39m
                    [33mstyle[39m=[32m"height: 100%; padding: 24px;"[39m
                  [36m>[39m
                    [36m<span[39m
                      [33mclass[39m=[32m"rt-Text rt-r-size-3"[39m
                      [33mdata-accent-color[39m=[32m"gray"[39m
                    [36m>[39m
                      [0m开始新的对话吧[0m
                    [36m</span>[39m
                  [36m</div>[39m
                [36m</div>[39m
                [36m<form[39m
                  [33mclass[39m=[32m"hp-composer"[39m
                [36m>[39m
                  [36m<div[39m
                    [33mclass[39m=[32m"hp-conversation-resources"[39m
                  [36m>[39m
                    [36m<div[39m
                      [33maria-label[39m=[32m"长期授权资料"[39m
                      [33mclass[39m=[32m"hp-resource-chips"[39m
                    [36m>[39m
                      [36m<button[39m
                        [33mtype[39m=[32m"button"[39m
                      [36m>[39m
                        [0m使用资料[0m
                      [36m</button>[39m
                    [36m</div>[39m
                  [36m</div>[39m
                  [36m<textarea[39m
                    [33maria-label[39m=[32m"消息输入"[39m
                    [33mclass[39m=[32m"hp-composer__input"[39m
                    [33mplaceholder[39m=[32m"输入消息，Enter 发送"[39m
                  [36m/>[39m
                  [36m<div[39m
                    [33mclass[39m=[32m"rt-Flex rt-r-ai-center rt-r-gap-2 hp-composer__actions"[39m
                  [36m>[39m
                    [0m [0m
                    [36m<select[39m
                      [33maria-label[39m=[32m"执行模式"[39m
                    [36m>[39m
                      [36m<option[39m
                        [33mvalue[39m=[32m"react"[39m
                      [36m>[39m
                        [0m快速[0m
                      [36m</option>[39m
                    [36m</select>[39m
                    [36m<button[39m
                      [33mclass[39m=[32m"hp-composer__send"[39m
                      [33mdisabled[39m=[32m""[39m
                      [33mtype[39m=[32m"submit"[39m
                    [36m>[39m
                      [0m发送[0m
                    [36m</button>[39m
                  [36m</div>[39m
                [36m</form>[39m
              [36m</div>[39m
            [36m</div>[39m
          [36m</div>[39m
        [36m</section>[39m
        [36m<section[39m
          [33maria-label[39m=[32m"空间页面"[39m
          [33mclass[39m=[32m"hp-screen-scroll"[39m
          [33mhidden[39m=[32m""[39m
        [36m/>[39m
        [36m<section[39m
          [33maria-label[39m=[32m"任务页面"[39m
          [33mclass[39m=[32m"hp-screen-scroll"[39m
        [36m>[39m
          [36m<div[39m
            [33mclass[39m=[32m"hp-task-screen"[39m
          [36m>[39m
            [36m<div[39m
              [33mclass[39m=[32m"hp-task-toolbar"[39m
            [36m>[39m
              [36m<label>[39m
                [0m任务类型[0m
                [36m<select>[39m
                  [36m<option[39m
                    [33mvalue[39m=[32m"all"[39m
                  [36m>[39m
                    [0m全部[0m
                  [36m</option>[39m
                  [36m<option[39m
                    [33mvalue[39m=[32m"reminder"[39m
                  [36m>[39m
                    [0m提醒[0m
                  [36m</option>[39m
                  [36m<option[39m
                    [33mvalue[39m=[32m"research"[39m
                  [36m>[39m
                    [0m研究[0m
                  [36m</option>[39m
                  [36m<option[39m
                    [33mvalue[39m=[32m"general"[39m
                  [36m>[39m
                    [0m通用任务[0m
                  [36m</option>[39m
                [36m</select>[39m
              [36m</label>[39m
              [36m<button>[39m
                [0m刷新任务[0m
              [36m</button>[39m
              [36m<button>[39m
                [0m新建任务[0m
              [36m</button>[39m
              [36m<button>[39m
                [0m收件箱[0m
              [36m</button>[39m
            [36m</div>[39m
            [36m<h2>[39m
              [0m需要我处理[0m
            [36m</h2>[39m
            [36m<p[39m
              [33mrole[39m=[32m"status"[39m
            [36m>[39m
              [0m已加载 [0m
              [0m0[0m
              [0m 项 ·[0m
              [0m [0m
              [0m全部类型[0m
              [0m [0m
              [0m·[0m
              [0m [0m
              [0m本轮同步完成（7:15:25 PM）[0m
            [36m</p>[39m
            [36m<p>[39m
              [0m暂无任务，可新建提醒、研究或通用任务。[0m
            [36m</p>[39m
          [36m</div>[39m
        [36m</section>[39m
      [36m</main>[39m
    [36m</div>[39m
  [36m</div>[39m
[36m</body>[39m
 ❯ waitForWrapper node_modules/@testing-library/dom/dist/wait-for.js:163:27
 ❯ node_modules/@testing-library/dom/dist/query-helpers.js:86:33
 ❯ openLookup src/App.recovery.test.tsx:138:32
    136|   window.history.replaceState(null, "", "#/tasks");
    137|   render(<App />);
    138|   const summary = await screen.findByText("执行记录与诊断", { selector: "summ…
       |                                ^
    139|   fireEvent.click(summary);
    140|   return screen.getByRole("textbox", { name: "工作编号" });
 ❯ src/App.recovery.test.tsx:316:25

⎯⎯⎯⎯⎯⎯⎯⎯⎯⎯⎯⎯⎯⎯⎯⎯⎯⎯⎯⎯⎯⎯⎯⎯[7/8]⎯

 FAIL  src/App.recovery.test.tsx > UI1-R02 work Run lookup submissions > does not restore lookup results or an Inspector after expiry overtakes the response
TestingLibraryElementError: Unable to find an element with the text: 执行记录与诊断, which matches selector 'summary'. This could be because the text is broken up by multiple elements. In this case, you can provide a function for your text matcher to make your matcher more flexible.

Ignored nodes: comments, script, style
[36m<body>[39m
  [36m<div>[39m
    [36m<div[39m
      [33mclass[39m=[32m"hp-shell "[39m
    [36m>[39m
      [36m<div[39m
        [33mclass[39m=[32m"hp-rail"[39m
      [36m>[39m
        [36m<span[39m
          [33maria-label[39m=[32m"HpAgent"[39m
          [33mclass[39m=[32m"hp-brand"[39m
        [36m>[39m
          [0mH[0m
        [36m</span>[39m
        [36m<nav[39m
          [33maria-label[39m=[32m"主导航"[39m
        [36m>[39m
          [36m<button[39m
            [33maria-label[39m=[32m"AI"[39m
            [33mtitle[39m=[32m"AI"[39m
          [36m>[39m
            [36m<svg[39m
              [33maria-hidden[39m=[32m"true"[39m
              [33mclass[39m=[32m"lucide lucide-bot"[39m
              [33mfill[39m=[32m"none"[39m
              [33mheight[39m=[32m"24"[39m
              [33mstroke[39m=[32m"currentColor"[39m
              [33mstroke-linecap[39m=[32m"round"[39m
              [33mstroke-linejoin[39m=[32m"round"[39m
              [33mstroke-width[39m=[32m"2"[39m
              [33mviewBox[39m=[32m"0 0 24 24"[39m
              [33mwidth[39m=[32m"24"[39m
              [33mxmlns[39m=[32m"http://www.w3.org/2000/svg"[39m
            [36m>[39m
              [36m<path[39m
                [33md[39m=[32m"M12 8V4H8"[39m
              [36m/>[39m
              [36m<rect[39m
                [33mheight[39m=[32m"12"[39m
                [33mrx[39m=[32m"2"[39m
                [33mwidth[39m=[32m"16"[39m
                [33mx[39m=[32m"4"[39m
                [33my[39m=[32m"8"[39m
              [36m/>[39m
              [36m<path[39m
                [33md[39m=[32m"M2 14h2"[39m
              [36m/>[39m
              [36m<path[39m
                [33md[39m=[32m"M20 14h2"[39m
              [36m/>[39m
              [36m<path[39m
                [33md[39m=[32m"M15 13v2"[39m
              [36m/>[39m
              [36m<path[39m
                [33md[39m=[32m"M9 13v2"[39m
              [36m/>[39m
            [36m</svg>[39m
            [36m<span>[39m
              [0mAI[0m
            [36m</span>[39m
          [36m</button>[39m
          [36m<button[39m
            [33maria-label[39m=[32m"空间"[39m
            [33mtitle[39m=[32m"空间"[39m
          [36m>[39m
            [36m<svg[39m
              [33maria-hidden[39m=[32m"true"[39m
              [33mclass[39m=[32m"lucide lucide-folder"[39m
              [33mfill[39m=[32m"none"[39m
              [33mheight[39m=[32m"24"[39m
              [33mstroke[39m=[32m"currentColor"[39m
              [33mstroke-linecap[39m=[32m"round"[39m
              [33mstroke-linejoin[39m=[32m"round"[39m
              [33mstroke-width[39m=[32m"2"[39m
              [33mviewBox[39m=[32m"0 0 24 24"[39m
              [33mwidth[39m=[32m"24"[39m
              [33mxmlns[39m=[32m"http://www.w3.org/2000/svg"[39m
            [36m>[39m
              [36m<path[39m
                [33md[39m=[32m"M20 20a2 2 0 0 0 2-2V8a2 2 0 0 0-2-2h-7.9a2 2 0 0 1-1.69-.9L9.6 3.9A2 2 0 0 0 7.93 3H4a2 2 0 0 0-2 2v13a2 2 0 0 0 2 2Z"[39m
              [36m/>[39m
            [36m</svg>[39m
            [36m<span>[39m
              [0m空间[0m
            [36m</span>[39m
          [36m</button>[39m
          [36m<button[39m
            [33maria-current[39m=[32m"page"[39m
            [33maria-label[39m=[32m"任务"[39m
            [33mtitle[39m=[32m"任务"[39m
          [36m>[39m
            [36m<svg[39m
              [33maria-hidden[39m=[32m"true"[39m
              [33mclass[39m=[32m"lucide lucide-list-todo"[39m
              [33mfill[39m=[32m"none"[39m
              [33mheight[39m=[32m"24"[39m
              [33mstroke[39m=[32m"currentColor"[39m
              [33mstroke-linecap[39m=[32m"round"[39m
              [33mstroke-linejoin[39m=[32m"round"[39m
              [33mstroke-width[39m=[32m"2"[39m
              [33mviewBox[39m=[32m"0 0 24 24"[39m
              [33mwidth[39m=[32m"24"[39m
              [33mxmlns[39m=[32m"http://www.w3.org/2000/svg"[39m
            [36m>[39m
              [36m<path[39m
                [33md[39m=[32m"M13 5h8"[39m
              [36m/>[39m
              [36m<path[39m
                [33md[39m=[32m"M13 12h8"[39m
              [36m/>[39m
              [36m<path[39m
                [33md[39m=[32m"M13 19h8"[39m
              [36m/>[39m
              [36m<path[39m
                [33md[39m=[32m"m3 17 2 2 4-4"[39m
              [36m/>[39m
              [36m<rect[39m
                [33mheight[39m=[32m"6"[39m
                [33mrx[39m=[32m"1"[39m
                [33mwidth[39m=[32m"6"[39m
                [33mx[39m=[32m"3"[39m
                [33my[39m=[32m"4"[39m
              [36m/>[39m
            [36m</svg>[39m
            [36m<span>[39m
              [0m任务[0m
            [36m</span>[39m
          [36m</button>[39m
        [36m</nav>[39m
        [36m<button[39m
          [33maria-label[39m=[32m"账户设置"[39m
          [33mclass[39m=[32m"hp-account-button"[39m
          [33mtitle[39m=[32m"账户设置"[39m
        [36m>[39m
          [36m<svg[39m
            [33maria-hidden[39m=[32m"true"[39m
            [33mclass[39m=[32m"lucide lucide-user-round"[39m
            [33mfill[39m=[32m"none"[39m
            [33mheight[39m=[32m"24"[39m
            [33mstroke[39m=[32m"currentColor"[39m
            [33mstroke-linecap[39m=[32m"round"[39m
            [33mstroke-linejoin[39m=[32m"round"[39m
            [33mstroke-width[39m=[32m"2"[39m
            [33mviewBox[39m=[32m"0 0 24 24"[39m
            [33mwidth[39m=[32m"24"[39m
            [33mxmlns[39m=[32m"http://www.w3.org/2000/svg"[39m
          [36m>[39m
            [36m<circle[39m
              [33mcx[39m=[32m"12"[39m
              [33mcy[39m=[32m"8"[39m
              [33mr[39m=[32m"5"[39m
            [36m/>[39m
            [36m<path[39m
              [33md[39m=[32m"M20 21a8 8 0 0 0-16 0"[39m
            [36m/>[39m
          [36m</svg>[39m
        [36m</button>[39m
      [36m</div>[39m
      [36m<aside[39m
        [33maria-label[39m=[32m"上下文导航"[39m
        [33mclass[39m=[32m"hp-context-sidebar"[39m
      [36m>[39m
        [36m<nav[39m
          [33maria-label[39m=[32m"任务分类"[39m
          [33mclass[39m=[32m"hp-task-sidebar"[39m
        [36m>[39m
          [36m<h2>[39m
            [0m任务中心[0m
          [36m</h2>[39m
          [36m<p[39m
            [33mclass[39m=[32m"hp-muted"[39m
          [36m>[39m
            [0m本轮已遍历的任务[0m
          [36m</p>[39m
          [36m<button[39m
            [33maria-current[39m=[32m"page"[39m
          [36m>[39m
            [36m<span>[39m
              [0m需要我处理[0m
            [36m</span>[39m
            [36m<strong>[39m
              [0m0[0m
            [36m</strong>[39m
          [36m</button>[39m
          [36m<button>[39m
            [36m<span>[39m
              [0m进行中[0m
            [36m</span>[39m
            [36m<strong>[39m
              [0m0[0m
            [36m</strong>[39m
          [36m</button>[39m
          [36m<button>[39m
            [36m<span>[39m
              [0m等待或已计划[0m
            [36m</span>[39m
            [36m<strong>[39m
              [0m0[0m
            [36m</strong>[39m
          [36m</button>[39m
          [36m<button>[39m
            [36m<span>[39m
              [0m已结束[0m
            [36m</span>[39m
            [36m<strong>[39m
              [0m0[0m
            [36m</strong>[39m
          [36m</button>[39m
        [36m</nav>[39m
      [36m</aside>[39m
      [36m<main[39m
        [33mclass[39m=[32m"hp-main-canvas"[39m
      [36m>[39m
        [36m<header[39m
          [33mclass[39m=[32m"hp-canvas-header"[39m
        [36m>[39m
          [36m<button[39m
            [33maria-label[39m=[32m"打开侧栏"[39m
            [33mclass[39m=[32m"hp-sidebar-toggle"[39m
            [33mtitle[39m=[32m"打开侧栏"[39m
          [36m>[39m
            [36m<svg[39m
              [33maria-hidden[39m=[32m"true"[39m
              [33mclass[39m=[32m"lucide lucide-menu"[39m
              [33mfill[39m=[32m"none"[39m
              [33mheight[39m=[32m"24"[39m
              [33mstroke[39m=[32m"currentColor"[39m
              [33mstroke-linecap[39m=[32m"round"[39m
              [33mstroke-linejoin[39m=[32m"round"[39m
              [33mstroke-width[39m=[32m"2"[39m
              [33mviewBox[39m=[32m"0 0 24 24"[39m
              [33mwidth[39m=[32m"24"[39m
              [33mxmlns[39m=[32m"http://www.w3.org/2000/svg"[39m
            [36m>[39m
              [36m<path[39m
                [33md[39m=[32m"M4 5h16"[39m
              [36m/>[39m
              [36m<path[39m
                [33md[39m=[32m"M4 12h16"[39m
              [36m/>[39m
              [36m<path[39m
                [33md[39m=[32m"M4 19h16"[39m
              [36m/>[39m
            [36m</svg>[39m
          [36m</button>[39m
          [36m<h1[39m
            [33mid[39m=[32m"canvas-title"[39m
            [33mtabindex[39m=[32m"-1"[39m
          [36m>[39m
            [0m任务[0m
          [36m</h1>[39m
        [36m</header>[39m
        [36m<section[39m
          [33maria-label[39m=[32m"对话页面"[39m
          [33mclass[39m=[32m"hp-shell-chat"[39m
          [33mhidden[39m=[32m""[39m
        [36m>[39m
          [36m<div[39m
            [33mclass[39m=[32m"rt-Flex rt-r-fd-column"[39m
            [33mstyle[39m=[32m"height: 100%;"[39m
          [36m>[39m
            [36m<div[39m
              [33mclass[39m=[32m"rt-Box"[39m
              [33mstyle[39m=[32m"flex: 1 1 0%; min-height: 0px; display: flex; flex-direction: column;"[39m
            [36m>[39m
              [36m<div[39m
                [33mclass[39m=[32m"hp-thread"[39m
              [36m>[39m
                [36m<div[39m
                  [33mclass[39m=[32m"hp-thread__viewport"[39m
                [36m>[39m
                  [36m<div[39m
                    [33mclass[39m=[32m"rt-Flex rt-r-ai-center rt-r-jc-center"[39m
                    [33mstyle[39m=[32m"height: 100%; padding: 24px;"[39m
                  [36m>[39m
                    [36m<span[39m
                      [33mclass[39m=[32m"rt-Text rt-r-size-3"[39m
                      [33mdata-accent-color[39m=[32m"gray"[39m
                    [36m>[39m
                      [0m开始新的对话吧[0m
                    [36m</span>[39m
                  [36m</div>[39m
                [36m</div>[39m
                [36m<form[39m
                  [33mclass[39m=[32m"hp-composer"[39m
                [36m>[39m
                  [36m<div[39m
                    [33mclass[39m=[32m"hp-conversation-resources"[39m
                  [36m>[39m
                    [36m<div[39m
                      [33maria-label[39m=[32m"长期授权资料"[39m
                      [33mclass[39m=[32m"hp-resource-chips"[39m
                    [36m>[39m
                      [36m<button[39m
                        [33mtype[39m=[32m"button"[39m
                      [36m>[39m
                        [0m使用资料[0m
                      [36m</button>[39m
                    [36m</div>[39m
                  [36m</div>[39m
                  [36m<textarea[39m
                    [33maria-label[39m=[32m"消息输入"[39m
                    [33mclass[39m=[32m"hp-composer__input"[39m
                    [33mplaceholder[39m=[32m"输入消息，Enter 发送"[39m
                  [36m/>[39m
                  [36m<div[39m
                    [33mclass[39m=[32m"rt-Flex rt-r-ai-center rt-r-gap-2 hp-composer__actions"[39m
                  [36m>[39m
                    [0m [0m
                    [36m<select[39m
                      [33maria-label[39m=[32m"执行模式"[39m
                    [36m>[39m
                      [36m<option[39m
                        [33mvalue[39m=[32m"react"[39m
                      [36m>[39m
                        [0m快速[0m
                      [36m</option>[39m
                    [36m</select>[39m
                    [36m<button[39m
                      [33mclass[39m=[32m"hp-composer__send"[39m
                      [33mdisabled[39m=[32m""[39m
                      [33mtype[39m=[32m"submit"[39m
                    [36m>[39m
                      [0m发送[0m
                    [36m</button>[39m
                  [36m</div>[39m
                [36m</form>[39m
              [36m</div>[39m
            [36m</div>[39m
          [36m</div>[39m
        [36m</section>[39m
        [36m<section[39m
          [33maria-label[39m=[32m"空间页面"[39m
          [33mclass[39m=[32m"hp-screen-scroll"[39m
          [33mhidden[39m=[32m""[39m
        [36m/>[39m
        [36m<section[39m
          [33maria-label[39m=[32m"任务页面"[39m
          [33mclass[39m=[32m"hp-screen-scroll"[39m
        [36m>[39m
          [36m<div[39m
            [33mclass[39m=[32m"hp-task-screen"[39m
          [36m>[39m
            [36m<div[39m
              [33mclass[39m=[32m"hp-task-toolbar"[39m
            [36m>[39m
              [36m<label>[39m
                [0m任务类型[0m
                [36m<select>[39m
                  [36m<option[39m
                    [33mvalue[39m=[32m"all"[39m
                  [36m>[39m
                    [0m全部[0m
                  [36m</option>[39m
                  [36m<option[39m
                    [33mvalue[39m=[32m"reminder"[39m
                  [36m>[39m
                    [0m提醒[0m
                  [36m</option>[39m
                  [36m<option[39m
                    [33mvalue[39m=[32m"research"[39m
                  [36m>[39m
                    [0m研究[0m
                  [36m</option>[39m
                  [36m<option[39m
                    [33mvalue[39m=[32m"general"[39m
                  [36m>[39m
                    [0m通用任务[0m
                  [36m</option>[39m
                [36m</select>[39m
              [36m</label>[39m
              [36m<button>[39m
                [0m刷新任务[0m
              [36m</button>[39m
              [36m<button>[39m
                [0m新建任务[0m
              [36m</button>[39m
              [36m<button>[39m
                [0m收件箱[0m
              [36m</button>[39m
            [36m</div>[39m
            [36m<h2>[39m
              [0m需要我处理[0m
            [36m</h2>[39m
            [36m<p[39m
              [33mrole[39m=[32m"status"[39m
            [36m>[39m
              [0m已加载 [0m
              [0m0[0m
              [0m 项 ·[0m
              [0m [0m
              [0m全部类型[0m
              [0m [0m
              [0m·[0m
              [0m [0m
              [0m本轮同步完成（7:15:26 PM）[0m
            [36m</p>[39m
            [36m<p>[39m
              [0m暂无任务，可新建提醒、研究或通用任务。[0m
            [36m</p>[39m
          [36m</div>[39m
        [36m</section>[39m
      [36m</main>[39m
    [36m</div>[39m
  [36m</div>[39m
[36m</body>[39m

Ignored nodes: comments, script, style
[36m<body>[39m
  [36m<div>[39m
    [36m<div[39m
      [33mclass[39m=[32m"hp-shell "[39m
    [36m>[39m
      [36m<div[39m
        [33mclass[39m=[32m"hp-rail"[39m
      [36m>[39m
        [36m<span[39m
          [33maria-label[39m=[32m"HpAgent"[39m
          [33mclass[39m=[32m"hp-brand"[39m
        [36m>[39m
          [0mH[0m
        [36m</span>[39m
        [36m<nav[39m
          [33maria-label[39m=[32m"主导航"[39m
        [36m>[39m
          [36m<button[39m
            [33maria-label[39m=[32m"AI"[39m
            [33mtitle[39m=[32m"AI"[39m
          [36m>[39m
            [36m<svg[39m
              [33maria-hidden[39m=[32m"true"[39m
              [33mclass[39m=[32m"lucide lucide-bot"[39m
              [33mfill[39m=[32m"none"[39m
              [33mheight[39m=[32m"24"[39m
              [33mstroke[39m=[32m"currentColor"[39m
              [33mstroke-linecap[39m=[32m"round"[39m
              [33mstroke-linejoin[39m=[32m"round"[39m
              [33mstroke-width[39m=[32m"2"[39m
              [33mviewBox[39m=[32m"0 0 24 24"[39m
              [33mwidth[39m=[32m"24"[39m
              [33mxmlns[39m=[32m"http://www.w3.org/2000/svg"[39m
            [36m>[39m
              [36m<path[39m
                [33md[39m=[32m"M12 8V4H8"[39m
              [36m/>[39m
              [36m<rect[39m
                [33mheight[39m=[32m"12"[39m
                [33mrx[39m=[32m"2"[39m
                [33mwidth[39m=[32m"16"[39m
                [33mx[39m=[32m"4"[39m
                [33my[39m=[32m"8"[39m
              [36m/>[39m
              [36m<path[39m
                [33md[39m=[32m"M2 14h2"[39m
              [36m/>[39m
              [36m<path[39m
                [33md[39m=[32m"M20 14h2"[39m
              [36m/>[39m
              [36m<path[39m
                [33md[39m=[32m"M15 13v2"[39m
              [36m/>[39m
              [36m<path[39m
                [33md[39m=[32m"M9 13v2"[39m
              [36m/>[39m
            [36m</svg>[39m
            [36m<span>[39m
              [0mAI[0m
            [36m</span>[39m
          [36m</button>[39m
          [36m<button[39m
            [33maria-label[39m=[32m"空间"[39m
            [33mtitle[39m=[32m"空间"[39m
          [36m>[39m
            [36m<svg[39m
              [33maria-hidden[39m=[32m"true"[39m
              [33mclass[39m=[32m"lucide lucide-folder"[39m
              [33mfill[39m=[32m"none"[39m
              [33mheight[39m=[32m"24"[39m
              [33mstroke[39m=[32m"currentColor"[39m
              [33mstroke-linecap[39m=[32m"round"[39m
              [33mstroke-linejoin[39m=[32m"round"[39m
              [33mstroke-width[39m=[32m"2"[39m
              [33mviewBox[39m=[32m"0 0 24 24"[39m
              [33mwidth[39m=[32m"24"[39m
              [33mxmlns[39m=[32m"http://www.w3.org/2000/svg"[39m
            [36m>[39m
              [36m<path[39m
                [33md[39m=[32m"M20 20a2 2 0 0 0 2-2V8a2 2 0 0 0-2-2h-7.9a2 2 0 0 1-1.69-.9L9.6 3.9A2 2 0 0 0 7.93 3H4a2 2 0 0 0-2 2v13a2 2 0 0 0 2 2Z"[39m
              [36m/>[39m
            [36m</svg>[39m
            [36m<span>[39m
              [0m空间[0m
            [36m</span>[39m
          [36m</button>[39m
          [36m<button[39m
            [33maria-current[39m=[32m"page"[39m
            [33maria-label[39m=[32m"任务"[39m
            [33mtitle[39m=[32m"任务"[39m
          [36m>[39m
            [36m<svg[39m
              [33maria-hidden[39m=[32m"true"[39m
              [33mclass[39m=[32m"lucide lucide-list-todo"[39m
              [33mfill[39m=[32m"none"[39m
              [33mheight[39m=[32m"24"[39m
              [33mstroke[39m=[32m"currentColor"[39m
              [33mstroke-linecap[39m=[32m"round"[39m
              [33mstroke-linejoin[39m=[32m"round"[39m
              [33mstroke-width[39m=[32m"2"[39m
              [33mviewBox[39m=[32m"0 0 24 24"[39m
              [33mwidth[39m=[32m"24"[39m
              [33mxmlns[39m=[32m"http://www.w3.org/2000/svg"[39m
            [36m>[39m
              [36m<path[39m
                [33md[39m=[32m"M13 5h8"[39m
              [36m/>[39m
              [36m<path[39m
                [33md[39m=[32m"M13 12h8"[39m
              [36m/>[39m
              [36m<path[39m
                [33md[39m=[32m"M13 19h8"[39m
              [36m/>[39m
              [36m<path[39m
                [33md[39m=[32m"m3 17 2 2 4-4"[39m
              [36m/>[39m
              [36m<rect[39m
                [33mheight[39m=[32m"6"[39m
                [33mrx[39m=[32m"1"[39m
                [33mwidth[39m=[32m"6"[39m
                [33mx[39m=[32m"3"[39m
                [33my[39m=[32m"4"[39m
              [36m/>[39m
            [36m</svg>[39m
            [36m<span>[39m
              [0m任务[0m
            [36m</span>[39m
          [36m</button>[39m
        [36m</nav>[39m
        [36m<button[39m
          [33maria-label[39m=[32m"账户设置"[39m
          [33mclass[39m=[32m"hp-account-button"[39m
          [33mtitle[39m=[32m"账户设置"[39m
        [36m>[39m
          [36m<svg[39m
            [33maria-hidden[39m=[32m"true"[39m
            [33mclass[39m=[32m"lucide lucide-user-round"[39m
            [33mfill[39m=[32m"none"[39m
            [33mheight[39m=[32m"24"[39m
            [33mstroke[39m=[32m"currentColor"[39m
            [33mstroke-linecap[39m=[32m"round"[39m
            [33mstroke-linejoin[39m=[32m"round"[39m
            [33mstroke-width[39m=[32m"2"[39m
            [33mviewBox[39m=[32m"0 0 24 24"[39m
            [33mwidth[39m=[32m"24"[39m
            [33mxmlns[39m=[32m"http://www.w3.org/2000/svg"[39m
          [36m>[39m
            [36m<circle[39m
              [33mcx[39m=[32m"12"[39m
              [33mcy[39m=[32m"8"[39m
              [33mr[39m=[32m"5"[39m
            [36m/>[39m
            [36m<path[39m
              [33md[39m=[32m"M20 21a8 8 0 0 0-16 0"[39m
            [36m/>[39m
          [36m</svg>[39m
        [36m</button>[39m
      [36m</div>[39m
      [36m<aside[39m
        [33maria-label[39m=[32m"上下文导航"[39m
        [33mclass[39m=[32m"hp-context-sidebar"[39m
      [36m>[39m
        [36m<nav[39m
          [33maria-label[39m=[32m"任务分类"[39m
          [33mclass[39m=[32m"hp-task-sidebar"[39m
        [36m>[39m
          [36m<h2>[39m
            [0m任务中心[0m
          [36m</h2>[39m
          [36m<p[39m
            [33mclass[39m=[32m"hp-muted"[39m
          [36m>[39m
            [0m本轮已遍历的任务[0m
          [36m</p>[39m
          [36m<button[39m
            [33maria-current[39m=[32m"page"[39m
          [36m>[39m
            [36m<span>[39m
              [0m需要我处理[0m
            [36m</span>[39m
            [36m<strong>[39m
              [0m0[0m
            [36m</strong>[39m
          [36m</button>[39m
          [36m<button>[39m
            [36m<span>[39m
              [0m进行中[0m
            [36m</span>[39m
            [36m<strong>[39m
              [0m0[0m
            [36m</strong>[39m
          [36m</button>[39m
          [36m<button>[39m
            [36m<span>[39m
              [0m等待或已计划[0m
            [36m</span>[39m
            [36m<strong>[39m
              [0m0[0m
            [36m</strong>[39m
          [36m</button>[39m
          [36m<button>[39m
            [36m<span>[39m
              [0m已结束[0m
            [36m</span>[39m
            [36m<strong>[39m
              [0m0[0m
            [36m</strong>[39m
          [36m</button>[39m
        [36m</nav>[39m
      [36m</aside>[39m
      [36m<main[39m
        [33mclass[39m=[32m"hp-main-canvas"[39m
      [36m>[39m
        [36m<header[39m
          [33mclass[39m=[32m"hp-canvas-header"[39m
        [36m>[39m
          [36m<button[39m
            [33maria-label[39m=[32m"打开侧栏"[39m
            [33mclass[39m=[32m"hp-sidebar-toggle"[39m
            [33mtitle[39m=[32m"打开侧栏"[39m
          [36m>[39m
            [36m<svg[39m
              [33maria-hidden[39m=[32m"true"[39m
              [33mclass[39m=[32m"lucide lucide-menu"[39m
              [33mfill[39m=[32m"none"[39m
              [33mheight[39m=[32m"24"[39m
              [33mstroke[39m=[32m"currentColor"[39m
              [33mstroke-linecap[39m=[32m"round"[39m
              [33mstroke-linejoin[39m=[32m"round"[39m
              [33mstroke-width[39m=[32m"2"[39m
              [33mviewBox[39m=[32m"0 0 24 24"[39m
              [33mwidth[39m=[32m"24"[39m
              [33mxmlns[39m=[32m"http://www.w3.org/2000/svg"[39m
            [36m>[39m
              [36m<path[39m
                [33md[39m=[32m"M4 5h16"[39m
              [36m/>[39m
              [36m<path[39m
                [33md[39m=[32m"M4 12h16"[39m
              [36m/>[39m
              [36m<path[39m
                [33md[39m=[32m"M4 19h16"[39m
              [36m/>[39m
            [36m</svg>[39m
          [36m</button>[39m
          [36m<h1[39m
            [33mid[39m=[32m"canvas-title"[39m
            [33mtabindex[39m=[32m"-1"[39m
          [36m>[39m
            [0m任务[0m
          [36m</h1>[39m
        [36m</header>[39m
        [36m<section[39m
          [33maria-label[39m=[32m"对话页面"[39m
          [33mclass[39m=[32m"hp-shell-chat"[39m
          [33mhidden[39m=[32m""[39m
        [36m>[39m
          [36m<div[39m
            [33mclass[39m=[32m"rt-Flex rt-r-fd-column"[39m
            [33mstyle[39m=[32m"height: 100%;"[39m
          [36m>[39m
            [36m<div[39m
              [33mclass[39m=[32m"rt-Box"[39m
              [33mstyle[39m=[32m"flex: 1 1 0%; min-height: 0px; display: flex; flex-direction: column;"[39m
            [36m>[39m
              [36m<div[39m
                [33mclass[39m=[32m"hp-thread"[39m
              [36m>[39m
                [36m<div[39m
                  [33mclass[39m=[32m"hp-thread__viewport"[39m
                [36m>[39m
                  [36m<div[39m
                    [33mclass[39m=[32m"rt-Flex rt-r-ai-center rt-r-jc-center"[39m
                    [33mstyle[39m=[32m"height: 100%; padding: 24px;"[39m
                  [36m>[39m
                    [36m<span[39m
                      [33mclass[39m=[32m"rt-Text rt-r-size-3"[39m
                      [33mdata-accent-color[39m=[32m"gray"[39m
                    [36m>[39m
                      [0m开始新的对话吧[0m
                    [36m</span>[39m
                  [36m</div>[39m
                [36m</div>[39m
                [36m<form[39m
                  [33mclass[39m=[32m"hp-composer"[39m
                [36m>[39m
                  [36m<div[39m
                    [33mclass[39m=[32m"hp-conversation-resources"[39m
                  [36m>[39m
                    [36m<div[39m
                      [33maria-label[39m=[32m"长期授权资料"[39m
                      [33mclass[39m=[32m"hp-resource-chips"[39m
                    [36m>[39m
                      [36m<button[39m
                        [33mtype[39m=[32m"button"[39m
                      [36m>[39m
                        [0m使用资料[0m
                      [36m</button>[39m
                    [36m</div>[39m
                  [36m</div>[39m
                  [36m<textarea[39m
                    [33maria-label[39m=[32m"消息输入"[39m
                    [33mclass[39m=[32m"hp-composer__input"[39m
                    [33mplaceholder[39m=[32m"输入消息，Enter 发送"[39m
                  [36m/>[39m
                  [36m<div[39m
                    [33mclass[39m=[32m"rt-Flex rt-r-ai-center rt-r-gap-2 hp-composer__actions"[39m
                  [36m>[39m
                    [0m [0m
                    [36m<select[39m
                      [33maria-label[39m=[32m"执行模式"[39m
                    [36m>[39m
                      [36m<option[39m
                        [33mvalue[39m=[32m"react"[39m
                      [36m>[39m
                        [0m快速[0m
                      [36m</option>[39m
                    [36m</select>[39m
                    [36m<button[39m
                      [33mclass[39m=[32m"hp-composer__send"[39m
                      [33mdisabled[39m=[32m""[39m
                      [33mtype[39m=[32m"submit"[39m
                    [36m>[39m
                      [0m发送[0m
                    [36m</button>[39m
                  [36m</div>[39m
                [36m</form>[39m
              [36m</div>[39m
            [36m</div>[39m
          [36m</div>[39m
        [36m</section>[39m
        [36m<section[39m
          [33maria-label[39m=[32m"空间页面"[39m
          [33mclass[39m=[32m"hp-screen-scroll"[39m
          [33mhidden[39m=[32m""[39m
        [36m/>[39m
        [36m<section[39m
          [33maria-label[39m=[32m"任务页面"[39m
          [33mclass[39m=[32m"hp-screen-scroll"[39m
        [36m>[39m
          [36m<div[39m
            [33mclass[39m=[32m"hp-task-screen"[39m
          [36m>[39m
            [36m<div[39m
              [33mclass[39m=[32m"hp-task-toolbar"[39m
            [36m>[39m
              [36m<label>[39m
                [0m任务类型[0m
                [36m<select>[39m
                  [36m<option[39m
                    [33mvalue[39m=[32m"all"[39m
                  [36m>[39m
                    [0m全部[0m
                  [36m</option>[39m
                  [36m<option[39m
                    [33mvalue[39m=[32m"reminder"[39m
                  [36m>[39m
                    [0m提醒[0m
                  [36m</option>[39m
                  [36m<option[39m
                    [33mvalue[39m=[32m"research"[39m
                  [36m>[39m
                    [0m研究[0m
                  [36m</option>[39m
                  [36m<option[39m
                    [33mvalue[39m=[32m"general"[39m
                  [36m>[39m
                    [0m通用任务[0m
                  [36m</option>[39m
                [36m</select>[39m
              [36m</label>[39m
              [36m<button>[39m
                [0m刷新任务[0m
              [36m</button>[39m
              [36m<button>[39m
                [0m新建任务[0m
              [36m</button>[39m
              [36m<button>[39m
                [0m收件箱[0m
              [36m</button>[39m
            [36m</div>[39m
            [36m<h2>[39m
              [0m需要我处理[0m
            [36m</h2>[39m
            [36m<p[39m
              [33mrole[39m=[32m"status"[39m
            [36m>[39m
              [0m已加载 [0m
              [0m0[0m
              [0m 项 ·[0m
              [0m [0m
              [0m全部类型[0m
              [0m [0m
              [0m·[0m
              [0m [0m
              [0m本轮同步完成（7:15:26 PM）[0m
            [36m</p>[39m
            [36m<p>[39m
              [0m暂无任务，可新建提醒、研究或通用任务。[0m
            [36m</p>[39m
          [36m</div>[39m
        [36m</section>[39m
      [36m</main>[39m
    [36m</div>[39m
  [36m</div>[39m
[36m</body>[39m
 ❯ waitForWrapper node_modules/@testing-library/dom/dist/wait-for.js:163:27
 ❯ node_modules/@testing-library/dom/dist/query-helpers.js:86:33
 ❯ openLookup src/App.recovery.test.tsx:138:32
    136|   window.history.replaceState(null, "", "#/tasks");
    137|   render(<App />);
    138|   const summary = await screen.findByText("执行记录与诊断", { selector: "summ…
       |                                ^
    139|   fireEvent.click(summary);
    140|   return screen.getByRole("textbox", { name: "工作编号" });
 ❯ src/App.recovery.test.tsx:326:25

⎯⎯⎯⎯⎯⎯⎯⎯⎯⎯⎯⎯⎯⎯⎯⎯⎯⎯⎯⎯⎯⎯⎯⎯[8/8]⎯


 Test Files  1 failed | 38 passed (39)
      Tests  8 failed | 288 passed (296)
   Start at  19:15:12
   Duration  112.36s (transform 2.27s, setup 8.11s, import 10.54s, tests 26.24s, environment 56.81s)

